"p_val","avg_log2FC","pct.1","pct.2","p_val_adj","cluster","gene"
4.65399461468292e-201,2.09031431956289,0.992,0.483,1.7034085689201e-196,"0","APOD"
1.53437880170921e-184,1.86606323167004,0.997,0.647,5.61597985213589e-180,"0","MGP"
2.30182548186738e-180,1.55957627872709,0.97,0.464,8.4249114461828e-176,"0","SELENOP"
3.37542860896872e-177,1.76765448433014,0.92,0.373,1.23544062516864e-172,"0","GPC3"
5.92458062840253e-164,1.7190167291258,0.961,0.453,2.16845575580161e-159,"0","CFH"
1.64972042543109e-160,1.79165875662358,0.922,0.407,6.03814172912035e-156,"0","NOVA1"
1.23348608336779e-152,1.61989461153937,0.955,0.424,4.51468241373443e-148,"0","CCN5"
1.69359732752916e-149,1.56383064887612,0.931,0.43,6.19873557848947e-145,"0","NUPR1"
2.74071770681356e-146,1.32931033074089,0.999,0.579,1.00313008787083e-141,"0","DCN"
3.45845714054212e-145,1.69873558941833,0.86,0.384,1.26582989800982e-140,"0","LHFPL6"
3.73709668611297e-145,1.90229441953019,0.831,0.338,1.36781475808421e-140,"0","RARRES2"
4.75484923316632e-145,1.90468110236455,0.675,0.161,1.7403223678312e-140,"0","CPE"
5.64344586233092e-144,1.65599334484063,0.825,0.306,2.06555762007174e-139,"0","ADH1B"
3.17684511712743e-142,1.72066552837074,0.898,0.406,1.16275708131981e-137,"0","GPX3"
8.82194998033686e-141,1.39875398014423,0.944,0.436,3.22892191230309e-136,"0","CXCL12"
1.4247437958172e-140,2.1384506217119,0.766,0.318,5.21470476707055e-136,"0","GAS6"
2.80633432084435e-132,1.25831851680681,0.959,0.479,1.02714642477224e-127,"0","SERPING1"
1.44393599380974e-131,1.17670173055402,0.967,0.46,5.28495013094303e-127,"0","C1S"
3.22286338112152e-130,1.41296953962159,0.915,0.438,1.17960022612429e-125,"0","AEBP1"
5.16728605388092e-130,1.43932815987246,0.886,0.41,1.89127836858095e-125,"0","RNASE4"
3.00003110546413e-123,1.99160478957525,0.796,0.422,1.09804138491092e-118,"0","MRPS6"
1.04419584868865e-122,1.68496377991211,0.809,0.333,3.82186122578535e-118,"0","FBLN5"
3.32447075018798e-122,1.33746083919263,0.893,0.408,1.2167895392763e-117,"0","MXRA8"
5.20185426440918e-120,1.12663349161012,0.968,0.446,1.90393067931641e-115,"0","C1R"
6.45687572262488e-116,1.21247071242653,0.897,0.414,2.36328108323793e-111,"0","C3"
8.70171002172716e-116,1.22661296461827,0.927,0.418,3.18491288505236e-111,"0","FBLN1"
6.8773370391875e-115,1.04477795772173,0.95,0.47,2.51717412971302e-110,"0","CALD1"
6.90926605068196e-114,1.4968513753689,0.766,0.326,2.52886046721011e-109,"0","OLFML3"
3.92214865293825e-113,2.2760764444156,0.613,0.195,1.43554562846193e-108,"0","WNT11"
2.10198626816225e-112,1.19341680395253,0.999,0.685,7.69347994010065e-108,"0","CFD"
1.21670387653947e-111,1.10575719314592,0.949,0.506,4.45325785852213e-107,"0","SELENOM"
4.56177095561615e-111,1.45637853653124,0.933,0.482,1.66965378746507e-106,"0","CXCL14"
8.64213568899421e-111,1.39666198090885,0.876,0.397,3.16310808352877e-106,"0","CTSK"
6.9794223231789e-110,1.48693813185398,0.856,0.439,2.55453836450671e-105,"0","ITM2A"
7.98219780303264e-110,1.08926478415061,0.964,0.458,2.92156421788798e-105,"0","SOD3"
5.62210933945472e-108,1.57514615763373,0.744,0.328,2.05774823933382e-103,"0","CDKN1C"
9.94247625378094e-108,1.38949919778089,0.856,0.396,3.63904573364636e-103,"0","NTRK2"
1.0656267818612e-106,1.33701399355841,0.834,0.389,3.90030058429019e-102,"0","EPHX1"
1.15664112685168e-106,1.31995635639087,0.889,0.408,4.23342218838982e-102,"0","PRRX1"
1.71586346355717e-106,0.966484698155218,0.939,0.441,6.2802318629656e-102,"0","MFAP4"
2.62346151174846e-106,2.0907399982056,0.58,0.181,9.60213147915054e-102,"0","SVEP1"
1.02973566750229e-104,1.07745165435109,0.949,0.473,3.76893551662514e-100,"0","S100A13"
8.36441502395909e-100,1.99497104260554,0.64,0.244,3.06145954291927e-95,"0","XG"
6.85481670779911e-99,1.02533752114692,0.979,0.526,2.50893146322155e-94,"0","SERPINF1"
2.85943876005979e-98,1.21226487117744,0.878,0.425,1.04658318056948e-93,"0","GPNMB"
2.97629367184312e-98,1.3000787447207,0.868,0.448,1.0893532468313e-93,"0","FHL1"
1.52386992930832e-97,2.31392685533927,0.495,0.123,5.57751632826138e-93,"0","MYOC"
2.42043303081543e-97,1.00184618330039,0.99,0.469,8.85902693608754e-93,"0","CCDC80"
2.57837075865268e-97,1.15950967786098,0.805,0.397,9.43709481374467e-93,"0","CYBRD1"
1.09510445341337e-96,1.3410134737878,0.757,0.322,4.00819180993826e-92,"0","CYGB"
1.66345793259108e-96,1.31481776162925,0.743,0.321,6.0884223790766e-92,"0","TMEM176B"
3.30870285184915e-96,1.08419139802567,0.961,0.473,1.21101833080531e-91,"0","PLAC9"
1.94350909673862e-94,1.73420470512479,0.534,0.162,7.11343764497303e-90,"0","ABCA9"
6.30824231738348e-93,2.53879729063043,0.453,0.103,2.30887977058553e-88,"0","ALDH1A1"
7.32113269987119e-93,1.58290918053648,0.73,0.313,2.67960777947985e-88,"0","PODN"
1.01946569353824e-91,0.937521532272207,0.992,0.484,3.73134638491931e-87,"0","LUM"
1.49623512583797e-90,0.99543043597003,1,0.687,5.47637018407956e-86,"0","GSN"
1.99109979322229e-89,1.11076632645949,0.838,0.429,7.2876243531729e-85,"0","LRP1"
7.23201382480046e-89,0.705788074882349,0.99,0.862,2.64698938001522e-84,"0","ITM2B"
8.59621503278532e-88,0.961697713640541,0.931,0.522,3.14630066414976e-83,"0","TIMP2"
1.39196565141005e-87,1.14825842474841,0.846,0.43,5.09473348072593e-83,"0","LIMA1"
2.02417836304627e-87,1.20830267470876,0.777,0.404,7.40869522658564e-83,"0","TSPAN4"
6.52821556150102e-87,2.2253074057121,0.502,0.155,2.38939217766499e-82,"0","ABCA8"
1.36974184659039e-86,0.947149607199077,0.908,0.47,5.01339213270547e-82,"0","PMP22"
2.79550138025345e-85,1.20574211456542,0.779,0.384,1.02318146018656e-80,"0","FXYD1"
4.98557722468234e-85,3.37162004141034,0.366,0.067,1.82477112000598e-80,"0","FMO2"
9.55728171069729e-85,1.69625609805178,0.618,0.234,3.49806067893232e-80,"0","FGF7"
1.12411633318552e-84,1.00648340361196,0.875,0.4,4.11437819109232e-80,"0","SRPX"
4.84366984358194e-84,0.963879385716606,0.906,0.447,1.77283159944942e-79,"0","MMP2"
8.02450155745867e-84,1.14280264604175,0.807,0.434,2.93704781504545e-79,"0","TCF4"
2.20579656419431e-83,0.813535179429426,0.988,0.735,8.0734360046076e-79,"0","CD81"
3.40672488735921e-83,2.27912151537117,0.465,0.132,1.24689537602234e-78,"0","GDF10"
3.41865764625049e-83,1.23764533262022,0.787,0.418,1.25126288510414e-78,"0","FILIP1L"
3.76333428327732e-83,1.07498541860564,0.86,0.421,1.37741798102233e-78,"0","PLPP3"
2.30622503262422e-82,0.859962632105065,0.886,0.427,8.44101424190791e-78,"0","FBLN2"
5.35020497873915e-82,1.31332142439142,0.685,0.273,1.95822852426832e-77,"0","XIST"
1.19725139716833e-81,1.28105239931894,0.768,0.364,4.38205983877581e-77,"0","PDGFRL"
2.92582072322592e-81,2.12051057729136,0.501,0.16,1.07087964290792e-76,"0","ABCA6"
1.37639175456807e-80,1.06636191556523,0.858,0.418,5.0377314608946e-76,"0","APOE"
9.06062960135344e-80,1.08897229075585,0.851,0.414,3.31628104039137e-75,"0","LGALS3BP"
1.4909592966252e-79,1.3335410931802,0.773,0.385,5.4570601215779e-75,"0","NFIA"
5.19095655384295e-79,1.55274295728905,0.662,0.305,1.89994200827206e-74,"0","CTSF"
7.53980631026113e-79,0.729977734135654,0.97,0.477,2.75964450761868e-74,"0","TIMP3"
3.25537004437503e-78,0.987766719972631,0.865,0.413,1.1914979899417e-73,"0","CTHRC1"
4.86530023232966e-78,0.841678036108197,0.988,0.68,1.78074853803498e-73,"0","LGALS3"
5.14848915873789e-78,1.0965402795716,0.845,0.528,1.88439851698966e-73,"0","H2AFJ"
8.03466730513814e-78,0.927614853196838,0.908,0.57,2.94076858035361e-73,"0","EGR1"
8.98421509059248e-78,0.780208544630375,0.974,0.666,3.28831256530775e-73,"0","LAPTM4A"
1.301722780843e-77,0.968070248450668,0.862,0.541,4.76443555016347e-73,"0","NENF"
9.47682378726692e-77,1.75604591821623,0.569,0.219,3.46861227437757e-72,"0","CHL1"
3.27795652354583e-76,1.34439651778286,0.62,0.263,1.19976486718301e-71,"0","TMEM176A"
1.09651207747514e-75,0.97094518919565,0.845,0.52,4.01334385476676e-71,"0","DDAH2"
2.09609824391152e-75,2.24817653374526,0.402,0.099,7.67192918254056e-71,"0","SMOC2"
2.70688936638402e-75,1.03450317518568,0.821,0.388,9.90748576990214e-71,"0","DPT"
1.24394259588639e-74,0.859615459150914,0.912,0.475,4.55295429520379e-70,"0","IGFBP4"
2.5377699099435e-74,1.08680035890124,0.824,0.418,9.28849164738419e-70,"0","PLTP"
1.94326406747849e-73,2.00860735431496,0.52,0.193,7.11254081337803e-69,"0","NEGR1"
8.66330458104149e-73,0.738767828761821,0.937,0.458,3.170856109707e-68,"0","MGST1"
1.16012248292719e-72,1.35979060563834,0.627,0.295,4.24616429976179e-68,"0","BDH2"
3.93138098030001e-72,0.801048525946523,0.964,0.732,1.43892475259961e-67,"0","SOCS3"
1.25927791752951e-71,1.20953532992144,0.729,0.364,4.60908310594976e-67,"0","ANGPTL2"
3.46540760016012e-71,2.67495790313136,0.293,0.046,1.2683738357346e-66,"0","ABCA10"
6.37962921566525e-71,0.729238251294432,0.938,0.694,2.33500808922564e-66,"0","EID1"
9.08071098890729e-71,1.25000626123481,0.629,0.293,3.32363102904996e-66,"0","BEX3"
1.29680811420318e-70,0.899595613104485,0.715,0.351,4.74644737879505e-66,"0","CRYAB"
3.20965772152462e-68,1.28961450574404,0.677,0.341,1.17476682265523e-63,"0","NDN"
9.62066476392682e-68,0.851336622583675,0.941,0.486,3.52125951024486e-63,"0","NNMT"
1.42133903172716e-67,0.789869172767368,0.868,0.423,5.20224299002457e-63,"0","PCOLCE"
5.93601387476472e-67,0.695811420234286,0.982,0.604,2.17264043830264e-62,"0","IFITM3"
7.90293617958296e-67,1.04766666274803,0.696,0.351,2.89255367108916e-62,"0","NFIB"
1.4729920049149e-65,1.39540891479493,0.593,0.258,5.39129803718901e-61,"0","SPRY1"
2.55176755344874e-65,0.771859231585811,0.908,0.674,9.33972442237773e-61,"0","PEBP1"
1.96593438508223e-64,1.19486041862192,0.691,0.347,7.19551644283948e-60,"0","SSPN"
2.06216458229199e-63,2.19915367547896,0.4,0.117,7.54772858764691e-59,"0","IGF1"
3.68252550324625e-63,1.07566080200667,0.754,0.388,1.34784115944316e-58,"0","SLIT3"
1.74021013499879e-62,0.716275537416602,0.795,0.398,6.36934311510908e-58,"0","TNXB"
6.05612431470478e-62,1.04822809300954,0.77,0.47,2.2166020604251e-57,"0","VEGFB"
2.40590401316807e-61,1.43484624838282,0.6,0.275,8.80584927859646e-57,"0","GAS1"
2.47830562159328e-61,0.842519673625462,0.979,0.708,9.07084640559357e-57,"0","CEBPD"
3.1036386505109e-61,2.11441306464798,0.392,0.115,1.13596278247349e-56,"0","PTGDS"
4.5919220861475e-61,1.23016724165605,0.637,0.331,1.68068940275085e-56,"0","SCPEP1"
1.2678021057941e-60,1.00372823401031,0.732,0.37,4.64028248741698e-56,"0","ANK2"
2.59657170551335e-60,1.04634156896324,0.768,0.454,9.5037120993494e-56,"0","NFIC"
3.40012218923976e-60,0.862164661405413,0.879,0.529,1.24447872248364e-55,"0","MYC"
4.6895969185317e-60,1.36677331252816,0.585,0.266,1.71643936815179e-55,"0","CHRDL1"
1.36257293245723e-59,1.0100550135446,0.695,0.353,4.98715319008669e-55,"0","COPZ2"
2.12502800874886e-59,1.44392849151105,0.538,0.24,7.7778150148217e-55,"0","TMEM98"
2.20445918713078e-59,1.39209592942054,0.585,0.279,8.06854107081737e-55,"0","SLC5A3"
4.87287221938338e-59,0.668370363234588,0.883,0.561,1.78351996101651e-54,"0","FCGRT"
6.10759877746265e-59,1.11498082346277,0.714,0.4,2.23544222853911e-54,"0","MARCKS"
1.26498599791827e-58,1.31383923949444,0.605,0.298,4.62997525098067e-54,"0","ISLR"
2.15131257980162e-58,0.689251646087361,0.846,0.428,7.8740191733319e-54,"0","HTRA1"
2.42174092979834e-58,2.5433259205568,0.309,0.072,8.8638139771549e-54,"0","CDO1"
4.23575872312908e-58,1.32654299647205,0.585,0.272,1.55033005025248e-53,"0","GGT5"
1.24257682573222e-57,0.625637446794493,0.979,0.751,4.54795543986251e-53,"0","GPX4"
1.54136480056232e-57,1.19148566161134,0.527,0.231,5.64154930653814e-53,"0","HSPB2"
2.47628800346402e-57,1.24554626447949,0.616,0.297,9.06346172147867e-53,"0","CD34"
3.94249580998283e-57,0.601725596949693,0.956,0.599,1.44299289141182e-52,"0","EMP1"
7.00474525839451e-57,1.49923075780081,0.558,0.262,2.56380681202498e-52,"0","LARP6"
3.14931278815656e-56,0.839529638273445,0.779,0.419,1.15267997359318e-51,"0","CCN2"
6.14350820835728e-56,1.04962642974245,0.657,0.328,2.24858543934085e-51,"0","METTL7A"
6.37209015917168e-56,0.700176787647034,0.884,0.463,2.33224871915843e-51,"0","CAVIN1"
1.27700875342602e-55,1.34202320378451,0.51,0.211,4.67397973841457e-51,"0","TNFSF10"
1.75189820003724e-55,0.791512101329129,0.717,0.373,6.41212260195629e-51,"0","GNG11"
3.81996083895071e-55,0.835629301330997,0.909,0.717,1.39814386666435e-50,"0","MYADM"
4.09063871323748e-55,0.94193684050229,0.587,0.28,1.49721467543205e-50,"0","CPXM1"
4.59703632079632e-55,0.871558086382405,0.784,0.453,1.68256126377466e-50,"0","CYB5A"
9.63855972263596e-55,0.720381240553955,0.978,0.911,3.52780924408199e-50,"0","FOSB"
1.18508728043754e-54,2.90755100633298,0.285,0.063,4.33753795512942e-50,"0","LEPR"
6.10615458970494e-54,1.43868957181783,0.472,0.194,2.23491364137791e-49,"0","SELENBP1"
1.56548487816735e-53,0.955124455792299,0.773,0.48,5.72983120258031e-49,"0","LEPROT"
3.77765459596317e-53,0.743139246710492,0.9,0.679,1.38265935866848e-48,"0","TMEM59"
4.39138732199077e-53,0.872050172688284,0.759,0.408,1.60729167372184e-48,"0","CCN1"
4.80421742232778e-53,0.658021293511881,0.986,0.933,1.75839161874619e-48,"0","ZFP36"
6.1364399236761e-53,0.619634093796598,0.909,0.534,2.24599837646469e-48,"0","C11orf96"
7.43634700334267e-53,1.12612921356467,0.695,0.407,2.72177736669345e-48,"0","ADH5"
5.33177115301458e-52,0.579028046650465,0.952,0.695,1.95148155971487e-47,"0","RTN4"
3.74057841837851e-51,1.03720982288154,0.691,0.396,1.36908910691072e-46,"0","CPQ"
4.02612124203364e-51,0.279488605109833,0.961,0.478,1.47360063579673e-46,"0","IGFBP6"
4.30560180371042e-51,1.35301099456263,0.509,0.217,1.57589331617605e-46,"0","FST"
6.61147916451099e-51,1.6559147517808,0.388,0.137,2.41986748900267e-46,"0","GLT8D2"
7.12715412001723e-51,0.996706271874404,0.726,0.4,2.60860967946751e-46,"0","SPTBN1"
7.89958559389447e-51,2.88644372718944,0.268,0.061,2.89132732322132e-46,"0","DIO3OS"
9.42700661137918e-51,1.21123387159225,0.565,0.29,3.45037868983089e-46,"0","EPB41L2"
1.18666556287121e-50,1.61144203729521,0.458,0.193,4.34331462666492e-46,"0","PLEKHH2"
1.19839825337645e-50,0.265136551074903,0.95,0.491,4.38625744718315e-46,"0","COL1A2"
1.9336221497279e-50,0.810036494118967,0.696,0.364,7.07725043021907e-46,"0","ITIH5"
2.46173228881048e-50,0.476119602157975,0.893,0.425,9.01018635027523e-46,"0","COL6A3"
3.48546879419235e-50,1.93401634716326,0.457,0.19,1.27571643336234e-45,"0","TNNT3"
3.51839271481028e-50,0.872879914769636,0.743,0.416,1.28776691754771e-45,"0","EMP2"
4.14425323162504e-50,1.17616241111271,0.557,0.265,1.51683812530708e-45,"0","F10"
7.9257186063442e-50,1.11696378805978,0.626,0.336,2.90089226710804e-45,"0","EFEMP2"
1.16646999546008e-49,1.6561789585228,0.369,0.123,4.26939683038343e-45,"0","PDGFD"
1.2059582667012e-49,1.61565929556033,0.483,0.219,4.41392785195307e-45,"0","ANG"
1.29489496569405e-49,2.09952690706396,0.336,0.104,4.73944506393678e-45,"0","CNTFR"
1.54287571933909e-49,0.723261802200066,0.766,0.409,5.647079420353e-45,"0","RND3"
3.30018480064385e-49,0.561364874134016,0.996,0.767,1.20790063888366e-44,"0","CD63"
3.6018968115269e-49,0.941486121554074,0.706,0.408,1.31833025198696e-44,"0","PDLIM2"
4.23669984312415e-49,1.38088966212901,0.433,0.173,1.55067450958187e-44,"0","MFAP2"
4.23784371608781e-49,0.8495904930086,0.686,0.392,1.5510931785253e-44,"0","EVA1B"
4.24529893471885e-49,0.841644540503869,0.748,0.415,1.55382186309644e-44,"0","FGFR1"
6.60754524110723e-49,1.65003670927474,0.391,0.145,2.41842763369766e-44,"0","GSTM5"
1.03109922232403e-48,1.18463246556667,0.664,0.376,3.77392626362817e-44,"0","JDP2"
6.19100301502543e-48,1.77910601744558,0.411,0.163,2.26596901352946e-43,"0","MIR99AHG"
1.5720636189932e-47,1.45485012952237,0.487,0.222,5.753910051877e-43,"0","THBS2"
1.65775272711291e-47,1.15827500956122,0.582,0.308,6.06754075650595e-43,"0","NFIX"
2.05950770721887e-47,0.532470148769265,0.915,0.655,7.53800415919178e-43,"0","PSAP"
4.93436296261188e-47,1.97336387940723,0.422,0.177,1.80602618794557e-42,"0","MITF"
5.17324539770727e-47,1.45694456215331,0.492,0.235,1.89345954801484e-42,"0","CRNDE"
5.95783499903389e-47,1.15165920738848,0.645,0.371,2.1806271879964e-42,"0","RAB34"
7.89155379831457e-47,1.14835657393454,0.587,0.31,2.88838760572112e-42,"0","SESTD1"
1.33568533202977e-46,0.976379179505614,0.673,0.386,4.88874188376217e-42,"0","TFPI"
1.7947609729244e-46,0.681896535561451,0.854,0.552,6.5690046370006e-42,"0","IGFBP7"
2.36526155552449e-46,1.07483572575207,0.568,0.315,8.65709381937517e-42,"0","COPRS"
2.99535106719491e-46,1.12655355039082,0.615,0.327,1.09632844410401e-41,"0","SGCE"
3.07135277990077e-46,1.36464042662693,0.486,0.223,1.12414583097148e-41,"0","ECM2"
3.13633355055643e-46,0.75329765485111,0.777,0.424,1.14792944283916e-41,"0","CAVIN3"
3.25694520757124e-46,1.7357208944738,0.281,0.073,1.19207451542315e-41,"0","CCBE1"
3.33933807420676e-46,0.879889836297462,0.674,0.35,1.22223112854042e-41,"0","PDGFRA"
5.00801696863951e-46,0.869080146808124,0.813,0.591,1.83298429069175e-41,"0","WSB1"
7.9743457010855e-46,0.717412797148904,0.902,0.63,2.91869027005431e-41,"0","ARID5B"
2.03243861916539e-45,0.986646974706353,0.682,0.402,7.43892859000723e-41,"0","TNFRSF1A"
3.97157057925014e-45,0.357534876187291,0.981,0.498,1.45363454771134e-40,"0","COL6A1"
4.08042596337075e-45,0.390915904560842,0.989,0.947,1.49347670685333e-40,"0","MT-ND1"
4.87244447422344e-45,1.87604979938298,0.363,0.13,1.78336340201052e-40,"0","BOC"
9.42944891519322e-45,1.1333844633577,0.516,0.248,3.45127259744987e-40,"0","PRELP"
1.28615937537756e-44,0.639560557578271,0.851,0.596,4.7074719298194e-40,"0","KLF9"
1.70086172194316e-44,2.11168264838507,0.366,0.139,6.22532398848415e-40,"0","AMOTL2"
1.76142201415566e-44,0.960048404451745,0.667,0.378,6.44698071401113e-40,"0","DAB2"
1.97397611286366e-44,1.25244954894608,0.532,0.268,7.22494997069228e-40,"0","PPL"
2.42669178976414e-44,0.299589270626036,0.872,0.473,8.88193461971575e-40,"0","ADIRF"
4.76060541001597e-44,0.610535415126639,0.934,0.647,1.74242918611995e-39,"0","KLF4"
6.00486409045871e-44,0.593141638968849,0.711,0.375,2.19784030574879e-39,"0","RAMP2"
1.69207191441145e-43,0.954411084960474,0.688,0.448,6.19315241393734e-39,"0","SAT2"
2.03196237032691e-43,0.573078634885607,0.879,0.651,7.43718547163353e-39,"0","C12orf57"
3.22784118805643e-43,1.02823022248051,0.579,0.299,1.18142215324053e-38,"0","EBF1"
4.89092754129391e-43,1.36429749340782,0.523,0.264,1.79012838938898e-38,"0","PLAGL1"
5.37491881954989e-43,0.544394859701644,0.81,0.403,1.96727403714346e-38,"0","EFEMP1"
5.73603602332916e-43,0.587858028950893,0.902,0.656,2.09944654489871e-38,"0","NUCKS1"
2.26535735693749e-42,1.10603886475535,0.545,0.298,8.29143446212691e-38,"0","NTAN1"
2.55362357680287e-42,0.905314873687436,0.644,0.357,9.34651765345617e-38,"0","PDGFRB"
2.97691410194242e-42,0.594484633853607,0.702,0.359,1.08958033045194e-37,"0","IGFBP3"
3.75547829493819e-42,0.701601158115704,0.641,0.338,1.37454261073033e-37,"0","PCOLCE2"
5.18958506720663e-42,0.261719391451532,0.894,0.445,1.8994400304483e-37,"0","FSTL1"
8.92538473687791e-42,1.16323297656215,0.569,0.324,3.26678006754468e-37,"0","HEBP1"
1.68960375360628e-41,0.679859393434919,0.684,0.397,6.18411869857434e-37,"0","PXDC1"
1.74480406657413e-41,1.41731274277807,0.384,0.153,6.38615736406797e-37,"0","ANKRD35"
2.62804580748239e-41,1.19527476442826,0.586,0.32,9.61891045996631e-37,"0","ADM"
2.67241701257674e-41,0.546817535921627,0.872,0.615,9.78131350773213e-37,"0","PRDX5"
3.28638856356175e-41,1.27276222964227,0.516,0.259,1.20285107814924e-36,"0","NEXN"
4.1239652206072e-41,1.01524915846174,0.608,0.356,1.50941251039444e-36,"0","TMEM35B"
5.94643101060149e-41,0.69640082978037,0.766,0.512,2.17645321419025e-36,"0","PRDX2"
6.31865491629464e-41,0.44642262057524,0.993,0.525,2.312690885913e-36,"0","COL6A2"
6.35830479043995e-41,0.716693695195943,0.696,0.375,2.32720313634893e-36,"0","COL4A2"
1.67187937252497e-40,1.26396583831549,0.492,0.235,6.11924569137865e-36,"0","LAMA2"
2.22660247834225e-40,1.08877279185628,0.486,0.238,8.14958773098045e-36,"0","MAP1LC3A"
3.77014783977761e-40,0.627808263598266,0.853,0.622,1.379911810837e-35,"0","BRI3"
4.23925625744851e-40,2.60364939321989,0.253,0.069,1.55161018278873e-35,"0","SFRP1"
6.0958166231203e-40,0.688611806221079,0.678,0.385,2.23112984222826e-35,"0","MEG3"
6.5382780948896e-40,0.759485733787233,0.732,0.489,2.39307516551054e-35,"0","ITGB1BP1"
1.05796659133191e-39,0.765232527619799,0.703,0.41,3.87226352093393e-35,"0","MXRA7"
1.19110377497069e-39,2.05942719999163,0.326,0.118,4.35955892677022e-35,"0","LMO3"
1.30506749152513e-39,1.01134333615836,0.271,0.073,4.77667752573113e-35,"0","MTRNR2L1"
1.46587407724685e-39,0.9343331926997,0.594,0.33,5.36524571013119e-35,"0","LAMC1"
2.38849174772502e-39,0.692025758312836,0.711,0.46,8.74211864584836e-35,"0","ESD"
3.50648965645597e-39,1.21910487015496,0.519,0.269,1.28341027915945e-34,"0","RHOBTB3"
5.50968120711155e-39,1.34459446437037,0.55,0.29,2.0165984186149e-34,"0","RASD1"
5.8445953832771e-39,1.17378615834459,0.541,0.285,2.13918035623325e-34,"0","OSR2"
1.96883011772296e-38,0.615298991898669,0.787,0.517,7.2061151138778e-34,"0","KDELR1"
2.57348214284075e-38,0.713557772028978,0.608,0.348,9.41920199101142e-34,"0","MFGE8"
2.70780596975661e-38,0.849728791728972,0.553,0.3,9.91084062990618e-34,"0","ELN"
2.86622683154215e-38,0.621886408242245,0.728,0.395,1.04906768261274e-33,"0","TWIST1"
4.08645622618913e-38,0.993024419765429,0.554,0.314,1.49568384334748e-33,"0","CARHSP1"
4.54393836949108e-38,1.77061868078713,0.385,0.167,1.66312688261743e-33,"0","CDH11"
6.52839354437553e-38,1.16808335382041,0.503,0.255,2.38945732117689e-33,"0","COLEC12"
1.16319672981409e-37,1.02422472089266,0.882,0.713,4.25741635079255e-33,"0","TUBA1A"
1.3193737509452e-37,0.731627494441564,0.981,0.928,4.82903986583451e-33,"0","FOS"
1.44455965452117e-37,0.69745026352064,0.692,0.403,5.28723279151295e-33,"0","PDK4"
1.63880647097998e-37,1.64005578913366,0.422,0.199,5.99819556443382e-33,"0","DUSP14"
2.71525304826467e-37,0.667386615825059,0.748,0.473,9.93809768195352e-33,"0","VKORC1"
4.81417291005763e-37,0.825223675115286,0.667,0.436,1.76203542681019e-32,"0","NDUFS4"
1.78259336345686e-36,0.871427099609257,0.554,0.326,6.52446996958846e-32,"0","CD302"
2.12990715456734e-36,0.79622641543326,0.737,0.507,7.79567317643191e-32,"0","ATRAID"
3.06476913959922e-36,1.35557700397135,0.451,0.225,1.12173615278471e-31,"0","TMEM159"
3.07393925136631e-36,1.136536947732,0.49,0.259,1.12509250539258e-31,"0","AAMDC"
3.34295129553252e-36,1.45455215098617,0.418,0.197,1.22355360367786e-31,"0","HIC1"
3.52110640981892e-36,1.04742954601057,0.407,0.189,1.28876015705782e-31,"0","ECHDC2"
4.45961957282071e-36,0.917600996106438,0.605,0.344,1.63226535984811e-31,"0","LAMB2"
4.76064137764727e-36,0.744244144179223,0.697,0.43,1.74244235063268e-31,"0","PRDX4"
6.88962864351612e-36,0.758332317601395,0.582,0.328,2.52167297981333e-31,"0","TSHZ2"
1.1342310959578e-35,1.31280257265157,0.424,0.201,4.15139923431515e-31,"0","CKB"
1.18054077978785e-35,0.980201760833628,0.582,0.336,4.32089730810151e-31,"0","CNN3"
1.59053770305127e-35,1.00959246642605,0.497,0.265,5.82152704693796e-31,"0","PALLD"
7.614505979599e-35,0.545731038532779,0.776,0.581,2.78698533359303e-30,"0","GYPC"
8.45569397518943e-35,2.05445079644684,0.27,0.09,3.09486855185908e-30,"0","SLC40A1"
9.04705131082778e-35,1.22365632875406,0.458,0.235,3.31131125027608e-30,"0","MSRB2"
1.15078291385917e-34,1.91964599565925,0.287,0.102,4.21198054301596e-30,"0","KLHDC8B"
1.17064448901091e-34,1.19413552006035,0.494,0.266,4.28467589422882e-30,"0","VAT1"
2.10584459172827e-34,0.418282517664256,0.952,0.633,7.70760179018462e-30,"0","YBX3"
2.55290903114132e-34,0.602424382918589,0.634,0.35,9.34390234488034e-30,"0","AKR1C1"
3.12672871285642e-34,1.03176540356129,0.576,0.318,1.14441397619258e-29,"0","DCLK1"
4.72716832157856e-34,0.632395155834507,0.813,0.57,1.73019087738097e-29,"0","NDFIP1"
6.23104343781675e-34,0.272860913692216,0.842,0.43,2.28062420867531e-29,"0","ECM1"
8.54535117707981e-34,0.540789081282058,0.728,0.448,3.12768398432298e-29,"0","SDC2"
8.71171274526967e-34,1.84432607788933,0.287,0.102,3.18857398189615e-29,"0","RUNX1T1"
2.10802103082942e-33,1.78224384417957,0.3,0.116,7.71556777493875e-29,"0","BST1"
2.13288719706097e-33,1.25486276781267,0.358,0.16,7.80658042996287e-29,"0","RBMS3"
2.33173930683666e-33,1.00970961023444,0.437,0.222,8.53439903695287e-29,"0","SASH1"
2.71891778464099e-33,0.621230991992004,0.619,0.354,9.9515109835645e-29,"0","HSPG2"
2.7923448472151e-33,1.35689096802123,0.359,0.155,1.0220261375292e-28,"0","SLC29A1"
2.9934928992741e-33,0.408531239999197,0.92,0.775,1.09564833606331e-28,"0","SUMO2"
3.4706868666803e-33,0.830071674066632,0.563,0.328,1.27030610007366e-28,"0","MTURN"
4.52824201747669e-33,0.593777747766374,0.73,0.499,1.65738186081664e-28,"0","CYSTM1"
8.20866557876753e-33,0.814914705152512,0.563,0.338,3.00445368848471e-28,"0","TGFBR2"
1.09018826871405e-32,1.07937918633886,0.44,0.224,3.99019808232031e-28,"0","BICC1"
1.22793321987096e-32,0.964844770722642,0.516,0.283,4.4943583780497e-28,"0","HSPB6"
1.72777484670982e-32,1.04494685038295,0.48,0.259,6.32382871644261e-28,"0","GSTM3"
2.12486246532774e-32,1.71919771759832,0.331,0.142,7.77720910934607e-28,"0","PBX1"
2.41118995596418e-32,0.877833058537706,0.558,0.328,8.82519635782448e-28,"0","TCEAL9"
2.83561271078818e-32,0.407219702108723,0.935,0.644,1.03786260827558e-27,"0","MGST3"
3.47156285288603e-32,0.859871371600446,0.542,0.307,1.27062671978482e-27,"0","COL12A1"
3.48311124913024e-32,1.02457591709557,0.459,0.243,1.27485354829416e-27,"0","EGFR"
4.32702124314071e-32,1.39827611236436,0.391,0.19,1.58373304520193e-27,"0","SLC43A3"
6.31298297006195e-32,0.534120575592002,0.757,0.549,2.31061489687237e-27,"0","SEC62"
6.52879974272505e-32,0.954831196082097,0.539,0.323,2.38960599383479e-27,"0","TRIP10"
1.16493208400392e-31,0.740932471940094,0.51,0.287,4.26376792066274e-27,"0","MLF1"
1.17117792508175e-31,0.383311084415734,0.732,0.449,4.28662832359172e-27,"0","SPON2"
1.31427285462341e-31,1.30843776063225,0.429,0.213,4.81037007520713e-27,"0","IL11RA"
1.64464640361089e-31,1.40074308523517,0.38,0.176,6.01957030185623e-27,"0","OMD"
1.98800293504716e-31,0.565564443273747,0.763,0.535,7.2762895425661e-27,"0","ISCU"
2.33577440354937e-31,1.03222144332991,0.517,0.293,8.54916789443103e-27,"0","SPSB1"
2.34451331537941e-31,1.11722073652008,0.409,0.209,8.58115318562019e-27,"0","EMILIN1"
6.62882379172602e-31,0.955119327289793,0.436,0.228,2.42621579600964e-26,"0","SH3D19"
6.67802453235039e-31,1.80302380227986,0.263,0.093,2.44422375908557e-26,"0","CP"
7.66255745551815e-31,1.36905180923984,0.382,0.18,2.8045726542942e-26,"0","TNS2"
7.66256988837299e-31,1.58707009373793,0.29,0.109,2.8045772048434e-26,"0","MDK"
1.19170971651944e-30,1.30581838886499,0.45,0.252,4.36177673343281e-26,"0","ZNF106"
1.36136829785779e-30,1.03906189311616,0.483,0.262,4.9827441069893e-26,"0","OGN"
1.50110490501448e-30,0.881203480677952,0.554,0.343,5.4941940628435e-26,"0","CHD9"
1.8533197690918e-30,0.9421359031433,0.516,0.314,6.78333568685288e-26,"0","PCBD1"
1.87117673219125e-30,0.458152416763835,0.795,0.564,6.84869395749319e-26,"0","TMBIM4"
2.12940625360426e-30,1.01975807805286,0.276,0.099,7.79383982881694e-26,"0","TMEM37"
3.05628187967888e-30,0.283586180012016,0.816,0.502,1.11862973078127e-25,"0","CTSL"
3.22310793733742e-30,1.06282766743336,0.429,0.216,1.17968973614487e-25,"0","PLS3"
4.71244052024941e-30,0.596856788201779,0.472,0.252,1.72480035481649e-25,"0","TWIST2"
5.6345511100152e-30,0.414575608750765,0.916,0.694,2.06230205177667e-25,"0","GABARAP"
9.22980450525343e-30,0.734106768232119,0.631,0.439,3.37820074696781e-25,"0","PSMG2"
9.39500867123866e-30,0.719444740423919,0.531,0.297,3.43866712376006e-25,"0","PTGES"
1.00780171867486e-29,2.02471576510528,0.256,0.093,3.68865507052186e-25,"0","ROBO3"
1.18345802362838e-29,0.445532515322764,0.702,0.468,4.33157471228223e-25,"0","BLVRB"
1.47216682104701e-29,1.16274264988397,0.448,0.234,5.38827778171416e-25,"0","CAB39L"
1.58538363871653e-29,1.03617120458435,0.446,0.24,5.80266265606636e-25,"0","PER2"
1.96482267681254e-29,1.31120735684438,0.319,0.139,7.19144747940156e-25,"0","RAI2"
2.51110832459247e-29,0.338260917753137,0.703,0.399,9.19090757884091e-25,"0","COL4A1"
3.14221116370114e-29,1.33502254284148,0.391,0.195,1.15008070802625e-24,"0","TRIM47"
3.33769560027748e-29,1.23016651820782,0.462,0.248,1.22162996665756e-24,"0","LINC00342"
4.62980653761909e-29,0.974782968890605,0.417,0.223,1.69455549083396e-24,"0","HYI"
4.75410326906551e-29,0.317593337970994,0.989,0.951,1.74004933751067e-24,"0","MT-CYB"
4.98643960610848e-29,0.979064664095882,0.424,0.22,1.82508676023176e-24,"0","AGTR1"
5.05911248433782e-29,1.3800426712297,0.259,0.094,1.85168576039248e-24,"0","CYS1"
5.65889544433655e-29,1.20944238921833,0.465,0.265,2.07121232158162e-24,"0","MPZL1"
6.72157737252491e-29,1.24324461754584,0.348,0.159,2.46016453411784e-24,"0","LRRN4CL"
8.14915064900204e-29,0.655027973741767,0.586,0.319,2.98267062904124e-24,"0","CRABP2"
9.10169800263944e-29,1.2345662485692,0.436,0.236,3.33131248594606e-24,"0","GNA11"
9.13816867785285e-29,1.33158002341857,0.387,0.197,3.34466111778092e-24,"0","TPBG"
9.30163773402624e-29,1.47838827066991,0.32,0.142,3.40449242703095e-24,"0","RAB3IL1"
1.17274748141356e-28,0.432270408635793,0.849,0.639,4.29237305672176e-24,"0","ATP6V0E1"
1.17782556141283e-28,1.09371332336783,0.444,0.262,4.31095933732708e-24,"0","MVB12A"
1.2539996852834e-28,0.274412638641325,0.949,0.853,4.58976424810577e-24,"0","CIRBP"
1.520450422329e-28,0.551234768752034,0.763,0.527,5.56500059076638e-24,"0","SRI"
1.68534027256525e-28,0.963306994565896,0.531,0.307,6.16851393161607e-24,"0","F3"
1.73286395916862e-28,1.40889025045641,0.373,0.186,6.34245537695305e-24,"0","RTL8A"
1.93426869253675e-28,1.15366858477902,0.378,0.186,7.07961684155376e-24,"0","ZC2HC1A"
2.42297886059918e-28,0.792329260704979,0.514,0.311,8.86834492767905e-24,"0","ALDH2"
2.51135510502025e-28,1.06926941216784,0.426,0.237,9.19181081988462e-24,"0","HNMT"
2.72918303290927e-28,0.691513878944403,0.494,0.295,9.98908281875123e-24,"0","CKS1B"
2.82040517072172e-28,0.54386845647967,0.677,0.412,1.03229649653586e-23,"0","ERRFI1"
3.98097536613993e-28,0.838258443261135,0.604,0.374,1.45707679376088e-23,"0","GPRC5A"
5.64681531645046e-28,0.483125323839254,0.693,0.4,2.06679087397403e-23,"0","MEDAG"
5.92896011152287e-28,1.15071794459579,0.36,0.178,2.17005869041849e-23,"0","MAP7D3"
6.09872886245456e-28,0.633556192849492,0.594,0.345,2.23219575094699e-23,"0","PLA2G2A"
6.30941890883286e-28,0.826146236705586,0.381,0.185,2.30931041482192e-23,"0","ENAH"
7.88805842007205e-28,0.686614989927865,0.578,0.338,2.88710826233057e-23,"0","AKR1C3"
1.31445734352395e-27,1.28436569910114,0.326,0.149,4.81104532303202e-23,"0","PTGFR"
1.83112767858495e-27,0.341105613104129,0.993,0.731,6.70211041638878e-23,"0","ANXA2"
2.10150396759615e-27,1.23951748827903,0.428,0.237,7.69171467179868e-23,"0","PARVA"
2.10577695556004e-27,0.607387980941037,0.587,0.361,7.70735423504529e-23,"0","YPEL3"
2.12358913049199e-27,1.12424871890904,0.52,0.318,7.77254857651372e-23,"0","MID1IP1"
2.36593020590573e-27,0.909407848195691,0.473,0.266,8.65954114663557e-23,"0","ID3"
2.44324556464899e-27,1.00301973144889,0.436,0.245,8.94252309117176e-23,"0","C15orf61"
3.21201712081647e-27,0.869138638712597,0.385,0.204,1.17563038639003e-22,"0","PIP4P2"
3.4683993934584e-27,0.728866674786532,0.635,0.387,1.26946886199971e-22,"0","FERMT2"
4.04789366369719e-27,0.554444870787827,0.663,0.443,1.48156955984981e-22,"0","ARL2"
4.71004440566294e-27,0.479989283701294,0.97,0.919,1.72392335291669e-22,"0","JUNB"
4.83070387620336e-27,1.41661422813809,0.336,0.162,1.76808592572919e-22,"0","ARMCX1"
5.61613235612155e-27,0.753091411254646,0.653,0.453,2.05556060366405e-22,"0","RBPJ"
5.69558416420616e-27,0.535548441249896,0.706,0.438,2.0846407599411e-22,"0","PGRMC1"
5.90928787738561e-27,1.11129518029795,0.316,0.144,2.16285845600191e-22,"0","APOL3"
1.23236257632981e-26,0.513725930366646,0.575,0.368,4.51057026562474e-22,"0","ASPH"
1.61045189977678e-26,0.335942885609924,0.765,0.513,5.89441499837298e-22,"0","HSPB1"
2.26807105161581e-26,0.605013260839256,0.758,0.559,8.30136685601901e-22,"0","UBXN4"
2.43343370652159e-26,0.854356804430799,0.462,0.265,8.90661070923965e-22,"0","SUN1"
2.50585003922207e-26,0.823717841547149,0.516,0.313,9.1716617285567e-22,"0","TMEM43"
2.72719308471521e-26,1.07987006089286,0.354,0.176,9.98179940936612e-22,"0","OLFML1"
2.99314231978078e-26,0.737481546332011,0.563,0.325,1.09552002046296e-21,"0","LAMA4"
3.87998063809363e-26,0.713878470783004,0.609,0.404,1.42011171334865e-21,"0","GINM1"
4.57387570858885e-26,0.665100097995127,0.571,0.365,1.6740842481006e-21,"0","CZIB"
4.82258784172983e-26,0.671570874710431,0.624,0.435,1.76511537595154e-21,"0","EPB41L4A-AS1"
6.37110034506881e-26,0.603089451998614,0.983,0.908,2.33188643729864e-21,"0","JUN"
6.39998299946624e-26,1.29509873994222,0.309,0.135,2.34245777763464e-21,"0","DHRS3"
9.58715904406855e-26,1.04781022527617,0.45,0.26,3.50899608171953e-21,"0","PLBD1"
1.31977829546244e-25,0.998283081701999,0.363,0.187,4.83052053922207e-21,"0","NAGLU"
1.34514652925189e-25,1.09375947341338,0.442,0.245,4.92337081171482e-21,"0","PRRX2"
1.39936001610909e-25,0.773163470908555,0.508,0.302,5.12179759496088e-21,"0","GNG12"
1.54591455921901e-25,0.693024817164134,0.565,0.381,5.65820187819749e-21,"0","REV3L"
1.67945286249994e-25,0.69817039369408,0.618,0.406,6.14696542203601e-21,"0","REXO2"
2.45479519802113e-25,1.30895676531815,0.369,0.189,8.98479590427714e-21,"0","VIT"
2.55574389817605e-25,1.3759090381838,0.371,0.198,9.35427824171415e-21,"0","CALHM2"
2.57645620471652e-25,0.791167382304356,0.546,0.343,9.43008735488293e-21,"0","ZBTB20"
2.66281062826018e-25,1.03486852346435,0.388,0.205,9.74615318049508e-21,"0","PLSCR4"
3.01120770156863e-25,0.971738554725779,0.348,0.173,1.10213213085114e-20,"0","FAM13A"
3.0398727401254e-25,0.811666786194956,0.64,0.443,1.1126238216133e-20,"0","AP3S1"
3.29651813447631e-25,0.891809127790745,0.392,0.218,1.20655860239967e-20,"0","MYL6B"
3.6690498551511e-25,0.780027325506087,0.589,0.385,1.34290893748385e-20,"0","MAGED2"
5.72993407063749e-25,0.452022469046405,0.715,0.493,2.09721316919403e-20,"0","CLEC2B"
5.8921604289054e-25,1.0977960812926,0.433,0.243,2.15658963858366e-20,"0","TCF7L2"
7.6281283222501e-25,0.694299784933296,0.6,0.398,2.79197124722676e-20,"0","EEA1"
8.15511926119446e-25,0.434561640921991,0.887,0.671,2.98485520078978e-20,"0","RABAC1"
8.53024639330525e-25,0.418553541192538,0.934,0.727,3.12215548241365e-20,"0","CEBPB"
8.96825915840945e-25,0.52120212178807,0.743,0.544,3.28247253456944e-20,"0","SEM1"
9.28662715518819e-25,0.712496381877936,0.454,0.264,3.39899840507043e-20,"0","MSX1"
9.29915252901831e-25,0.528822688772234,0.759,0.569,3.40358281714599e-20,"0","WASF2"
9.78692803864166e-25,0.461122371043453,0.92,0.741,3.58211353142323e-20,"0","SOD2"
1.33820140155455e-24,0.435279429528071,0.857,0.658,4.8979509498298e-20,"0","PRDX6"
1.5355187842048e-24,0.51234227724385,0.409,0.227,5.620152302068e-20,"0","PCYOX1"
1.6186202307135e-24,1.40573026381186,0.345,0.178,5.92431190643448e-20,"0","CMBL"
1.77429187422319e-24,0.712494667755304,0.666,0.455,6.49408568884429e-20,"0","HSBP1"
1.78801223314381e-24,0.507474121753809,0.792,0.6,6.54430357452965e-20,"0","ITGB1"
1.93030315715875e-24,0.408219028058452,0.829,0.631,7.06510258551673e-20,"0","SNX3"
1.9381112968382e-24,0.919940095613098,0.44,0.253,7.09368115755751e-20,"0","A4GALT"
3.12404064756455e-24,0.858247523175204,0.465,0.29,1.1434301174151e-19,"0","GRINA"
3.4950329217736e-24,0.993176703258939,0.501,0.301,1.27921699969836e-19,"0","LTBP4"
5.25537468244652e-24,1.05554419098005,0.381,0.206,1.92351968752225e-19,"0","RBPMS"
5.28420938667703e-24,0.742091826078153,0.589,0.393,1.93407347761766e-19,"0","TAX1BP3"
5.86469719240404e-24,0.992423739270211,0.396,0.213,2.1465378193918e-19,"0","CAMK2N1"
8.06222818622061e-24,0.389979606600773,0.99,0.846,2.95085613843861e-19,"0","LMNA"
8.72447715310586e-24,0.895528761878202,0.524,0.33,3.19324588280828e-19,"0","TNFAIP2"
9.56583347943953e-24,1.2602121059826,0.278,0.123,3.50119071180966e-19,"0","SLC66A1L"
9.66717907212847e-24,1.10229923847414,0.365,0.193,3.53828421218974e-19,"0","DYRK3"
1.11294247535755e-23,0.963131978389714,0.501,0.32,4.07348075405615e-19,"0","ARHGAP21"
1.32441204272435e-23,1.58393605125023,0.278,0.125,4.84748051757541e-19,"0","PHYHD1"
1.32706174790368e-23,0.274715714602223,0.988,0.936,4.85717870350224e-19,"0","MT-ND2"
1.40485117722443e-23,0.781255151370456,0.437,0.244,5.14189579375913e-19,"0","ENPP2"
1.57137476014877e-23,1.24703542127215,0.38,0.21,5.75138875962052e-19,"0","DTWD1"
1.92684443042892e-23,0.705108280413475,0.396,0.207,7.05244329981287e-19,"0","CCND1"
2.7152947249646e-23,0.693735656189094,0.512,0.324,9.93825022284293e-19,"0","CDC42EP4"
2.80360857558141e-23,1.25388147480117,0.279,0.13,1.02614877474855e-18,"0","SPATA6"
3.32314548037434e-23,0.315132071010298,0.968,0.81,1.21630447727181e-18,"0","CD99"
3.45727985250681e-23,1.36202487722749,0.341,0.179,1.26539899881602e-18,"0","STEAP1"
3.54251204372403e-23,1.07307152389975,0.426,0.235,1.29659483312343e-18,"0","COL15A1"
4.04866966928218e-23,0.857457578303616,0.48,0.294,1.48185358565397e-18,"0","PKIG"
4.0581097420173e-23,0.526374955643893,0.491,0.293,1.48530874667575e-18,"0","FKBP9"
5.25934101567311e-23,0.834491267667622,0.446,0.26,1.92497140514651e-18,"0","MAGI2-AS3"
5.34720919203309e-23,0.543106380828057,0.447,0.258,1.95713203637603e-18,"0","DLC1"
5.38907748500916e-23,0.614817635901872,0.586,0.378,1.9724562502882e-18,"0","ADD3"
5.68691001835083e-23,0.588913231678488,0.569,0.379,2.08146593581659e-18,"0","SDHD"
7.14600634393862e-23,1.427472113498,0.263,0.111,2.61550978194497e-18,"0","ASPN"
7.56102728379703e-23,1.35993534413529,0.292,0.137,2.76741159614255e-18,"0","HOXC9"
8.94899261530635e-23,0.504952513771741,0.805,0.614,3.27542078712828e-18,"0","SPCS2"
1.19064001299892e-22,0.743485937399138,0.569,0.38,4.35786151157736e-18,"0","SMIM19"
1.2164190968084e-22,0.343077498271592,0.878,0.644,4.45221553622843e-18,"0","ARL6IP5"
1.65733488989573e-22,0.384325328386209,0.779,0.534,6.06601143050738e-18,"0","CYB5R3"
1.71655609052337e-22,0.770675850013756,0.437,0.25,6.28276694692459e-18,"0","MRC2"
1.72491621965094e-22,0.520748917011321,0.624,0.411,6.31336585554439e-18,"0","APP"
2.75622349327038e-22,0.701969459275306,0.637,0.45,1.00880536077189e-17,"0","HEBP2"
3.12480799874626e-22,0.633113637300814,0.583,0.396,1.14371097562112e-17,"0","PSMB5"
3.2673403379394e-22,0.54065627616874,0.638,0.42,1.1958792370892e-17,"0","FAM3C"
3.74129761944654e-22,0.552623489767301,0.743,0.532,1.36935234169363e-17,"0","LAMP1"
4.28142225098538e-22,0.315267783887574,0.873,0.707,1.56704335808316e-17,"0","SQSTM1"
4.60270068646965e-22,0.890167540780332,0.431,0.256,1.68463447825476e-17,"0","PID1"
5.12430676799914e-22,1.36100642367136,0.307,0.154,1.87554752015536e-17,"0","LINC02762"
5.29839132453715e-22,1.4436204901934,0.279,0.132,1.93926420869384e-17,"0","ZFHX4"
5.50866770083136e-22,0.97935265729293,0.469,0.284,2.01622746518129e-17,"0","COX7A1"
7.18092504632631e-22,0.788812937426452,0.519,0.348,2.62829037620589e-17,"0","TCEAL4"
9.92672815957963e-22,0.663135822427611,0.509,0.318,3.63328177368774e-17,"0","ITGB5"
1.06763293014963e-21,0.534660964374252,0.501,0.295,3.90764328764065e-17,"0","ACKR3"
1.18668949584479e-21,0.366061279627553,0.85,0.631,4.34340222374151e-17,"0","DAD1"
1.53379107711805e-21,0.307607365518392,0.99,0.952,5.61382872135976e-17,"0","JUND"
1.53896236326716e-21,1.2333526232579,0.359,0.202,5.63275614579413e-17,"0","NRP1"
1.5824164033209e-21,0.315782139542743,1,0.961,5.79180227779483e-17,"0","VIM"
1.66002998211212e-21,0.664858296630431,0.47,0.285,6.07587573752857e-17,"0","NFATC2"
1.7474254056123e-21,0.906072629572556,0.382,0.212,6.39575172708158e-17,"0","NID1"
1.79558226518466e-21,0.837367013465634,0.451,0.282,6.57201064880238e-17,"0","FUCA2"
1.93466233531611e-21,0.752222408268755,0.52,0.34,7.08105761349051e-17,"0","BAD"
2.02987081422266e-21,0.383006076934544,0.6,0.365,7.42953016713635e-17,"0","PPIC"
2.1217573897624e-21,1.00556060102516,0.338,0.18,7.76584422226938e-17,"0","CLMP"
4.15528458636324e-21,1.20660972275907,0.359,0.2,1.52087571145481e-16,"0","DAAM1"
4.36455337958917e-21,0.88834312581204,0.506,0.336,1.59747018246343e-16,"0","CCPG1"
4.69979574310185e-21,0.558539688018611,0.602,0.415,1.72017223993271e-16,"0","SYPL1"
4.88761258384624e-21,0.257906274629678,0.986,0.937,1.78891508181356e-16,"0","MT-ND4"
4.96487065249096e-21,0.878913947238467,0.392,0.218,1.81719230751822e-16,"0","PDLIM4"
5.13448362543144e-21,0.639372228333913,0.488,0.3,1.87927235174416e-16,"0","RTL8C"
6.06007855910387e-21,0.465353464960523,0.967,0.899,2.21804935341761e-16,"0","DUSP1"
6.79463792937402e-21,1.45963546927932,0.307,0.159,2.48690542853019e-16,"0","UACA"
7.30644626927401e-21,0.310756203940659,0.59,0.36,2.67423239901698e-16,"0","RCN3"
7.39308282335467e-21,0.838460680215863,0.51,0.325,2.70594224417604e-16,"0","EPS8"
8.7211285462394e-21,0.485441685517674,0.744,0.561,3.19202025920908e-16,"0","EIF1B"
1.19594503300573e-20,1.5056947982151,0.287,0.137,4.37727841530429e-16,"0","H1F0"
1.33309378850562e-20,0.766240841062371,0.378,0.212,4.87925657530942e-16,"0","COL16A1"
2.1326044271112e-20,0.875503553019332,0.356,0.195,7.80554546366972e-16,"0","HPF1"
2.29089397811031e-20,1.03927946138082,0.442,0.27,8.38490104928155e-16,"0","ANKRD36C"
3.1412410915591e-20,1.00118015723046,0.338,0.184,1.14972565192155e-15,"0","TCF7L1"
3.15740503152213e-20,1.50976278292622,0.285,0.139,1.15564181558742e-15,"0","SERPINA5"
3.49147504986007e-20,1.26807830157576,0.381,0.222,1.27791478299928e-15,"0","OSBPL1A"
5.06715612746112e-20,0.659698959812168,0.252,0.115,1.85462981421205e-15,"0","EBF3"
5.85653734636659e-20,0.681211494280864,0.619,0.463,2.14355123414364e-15,"0","CAMLG"
6.12188934039192e-20,0.583719075751687,0.631,0.416,2.24067271747685e-15,"0","CCDC71L"
6.2444490391104e-20,0.598582446721075,0.667,0.477,2.2855307928048e-15,"0","COMT"
7.04326872785007e-20,0.428831933492859,0.763,0.584,2.5779067870804e-15,"0","TMEM50A"
7.46011770974377e-20,0.606866868602638,0.495,0.33,2.73047768294332e-15,"0","NDUFC1"
9.90983042581216e-20,0.715300644823815,0.413,0.248,3.62709703415151e-15,"0","VGLL4"
1.08055888689158e-19,0.838027264175357,0.345,0.185,3.95495358191187e-15,"0","NDRG2"
1.14827515186394e-19,0.730137167934568,0.347,0.197,4.2028018833372e-15,"0","NT5E"
1.18628864274061e-19,0.279164024821129,0.999,0.889,4.3419350612949e-15,"0","S100A10"
1.68726826235319e-19,0.933023821145172,0.345,0.192,6.17557056703892e-15,"0","ZFYVE21"
1.91833694489995e-19,1.05950237536984,0.391,0.233,7.02130505202832e-15,"0","CD276"
2.12351456784597e-19,0.410441062852518,0.645,0.454,7.77227566977302e-15,"0","SH3BP5"
2.29916471120729e-19,0.406523701292219,0.858,0.687,8.41517275948979e-15,"0","PSMB1"
3.06894081199716e-19,0.530720699442344,0.512,0.333,1.12326302659908e-14,"0","TNFSF12"
3.20870921478111e-19,0.505104492019823,0.758,0.585,1.17441965970203e-14,"0","POLR2L"
3.605908337489e-19,0.765195664235044,0.495,0.331,1.31979851060435e-14,"0","PIH1D1"
3.6086344014807e-19,0.633265030158522,0.499,0.334,1.32079627728595e-14,"0","MRPL43"
3.61282611444119e-19,0.806424061728326,0.464,0.3,1.32233048614662e-14,"0","CHPT1"
3.63399072019179e-19,0.462682129687819,0.685,0.533,1.3300769434974e-14,"0","PIM1"
3.69868973196707e-19,0.48052805016975,0.541,0.362,1.35375742879727e-14,"0","MAN1A1"
3.87810512788619e-19,0.806000456699659,0.472,0.314,1.41942525785762e-14,"0","GTF2H5"
3.96281106368931e-19,0.815927919930068,0.387,0.236,1.45042847742093e-14,"0","ABHD14A"
4.42801938396117e-19,1.23154879635126,0.267,0.13,1.62069937472363e-14,"0","FBXO17"
5.06170115560704e-19,1.49924304037851,0.254,0.124,1.85263323996373e-14,"0","LZTS2"
5.11172527283648e-19,0.75637295922917,0.446,0.286,1.87094256711088e-14,"0","SPART"
5.23227520995978e-19,0.615660548209558,0.512,0.337,1.91506504959738e-14,"0","ARL1"
5.88069181166405e-19,1.03011283997257,0.388,0.23,2.15239200998716e-14,"0","ARHGAP10"
6.39395372352247e-19,1.14078696309437,0.374,0.231,2.34025100234646e-14,"0","TRIP6"
7.28893343020975e-19,1.05889312713694,0.347,0.202,2.66782252479107e-14,"0","SGCB"
7.50008242701181e-19,0.307428768401665,0.747,0.525,2.74510516911059e-14,"0","KDELR2"
7.68464848914395e-19,0.308729878015409,0.88,0.708,2.81265819351158e-14,"0","SOD1"
8.31695188292526e-19,0.636393886419507,0.318,0.163,3.04408755866947e-14,"0","SFRP2"
9.00022221197629e-19,0.565748954572845,0.536,0.383,3.29417133180544e-14,"0","HEXB"
9.25683726045931e-19,0.973366614625053,0.382,0.226,3.38809500570071e-14,"0","PHLDA3"
1.14240637780976e-18,0.321531362127708,0.779,0.599,4.18132158342151e-14,"0","NDUFC2"
1.15425970379128e-18,0.815784195210899,0.516,0.351,4.22470594184645e-14,"0","SLC25A33"
1.54229530003618e-18,1.335375355488,0.257,0.123,5.64495502766242e-14,"0","PCDH9"
1.85333268422705e-18,0.38427666179595,0.773,0.606,6.78338295753943e-14,"0","NDUFA11"
1.87458363620501e-18,0.70106743051638,0.34,0.189,6.86116356687395e-14,"0","TNRC6A"
1.89653952655648e-18,0.950245470339819,0.278,0.142,6.94152432114937e-14,"0","NUMBL"
1.94209039892343e-18,0.586748415096812,0.455,0.292,7.10824506909963e-14,"0","OAF"
2.17824950729221e-18,0.716642230714876,0.552,0.394,7.97261102164021e-14,"0","NDUFAF3"
2.21198551631723e-18,0.730263554230413,0.494,0.339,8.09608818827268e-14,"0","WASHC3"
2.27961486117272e-18,0.623164519354619,0.323,0.173,8.34361835337827e-14,"0","NRN1"
2.53564705904105e-18,1.36367581283419,0.265,0.132,9.28072180079614e-14,"0","PER3"
2.68936690796035e-18,0.290693517328402,0.724,0.463,9.84335181982566e-14,"0","MT1M"
2.74795741701054e-18,0.807230481244737,0.374,0.225,1.00577989420003e-13,"0","TP53I3"
2.95327169627309e-18,0.571268083825182,0.498,0.316,1.08092697355291e-13,"0","FAM114A1"
3.2398158321524e-18,0.526596334942847,0.605,0.444,1.1858049927261e-13,"0","OS9"
3.39567805569977e-18,1.13164527754582,0.32,0.177,1.24285212516667e-13,"0","TMEM119"
4.07683784162404e-18,0.872263502276258,0.432,0.27,1.49216341841282e-13,"0","MAP1A"
4.7287424319505e-18,0.427073967827923,0.733,0.579,1.7307670175182e-13,"0","MRFAP1"
4.84710250344287e-18,0.488042857056831,0.649,0.492,1.77408798728512e-13,"0","LAMTOR1"
5.24440117558286e-18,1.3372694975605,0.276,0.143,1.91950327427508e-13,"0","EMX2OS"
5.40040972092269e-18,0.53776891429172,0.656,0.5,1.97660396195491e-13,"0","PLK3"
5.51377474687521e-18,0.325779756147197,0.495,0.311,2.0180966951038e-13,"0","PAM"
5.58494873674473e-18,0.36009537920262,0.604,0.441,2.04414708713594e-13,"0","DUT"
5.86598258204244e-18,0.258431475395613,0.536,0.369,2.14700828485335e-13,"0","PDLIM1"
5.88579141865449e-18,0.704052127820512,0.484,0.325,2.15425851714173e-13,"0","RRAGA"
6.1219940345433e-18,0.624135420207257,0.51,0.342,2.24071103658319e-13,"0","PLD3"
6.48370669848851e-18,0.451245293489717,0.743,0.564,2.37310148871378e-13,"0","CLTA"
6.57666574469404e-18,0.592623565076098,0.516,0.337,2.40712542921546e-13,"0","SYNE1"
6.6328520461029e-18,0.842831056541335,0.473,0.311,2.42769017739412e-13,"0","USP53"
6.78420728788477e-18,0.694291548052642,0.437,0.277,2.4830877094387e-13,"0","TUSC1"
7.03669877394882e-18,1.30654596176504,0.296,0.16,2.57550211825301e-13,"0","CYP7B1"
7.76074166410537e-18,0.638758257440513,0.466,0.3,2.84050905647921e-13,"0","CTTN"
8.2267847831973e-18,0.400859102728584,0.545,0.38,3.01108549849804e-13,"0","POLR2F"
8.3135783191844e-18,0.535397805030709,0.556,0.372,3.04285280060468e-13,"0","TNFRSF12A"
8.39750953375185e-18,0.686577831064639,0.371,0.22,3.07357246444851e-13,"0","FAM200B"
8.93185606299918e-18,0.527582874713855,0.554,0.39,3.26914863761833e-13,"0","RNASEH2C"
9.37886055268134e-18,0.643359449791053,0.549,0.393,3.4327567508869e-13,"0","KLF10"
1.14633528278585e-17,0.417793865071033,0.693,0.547,4.19570176852448e-13,"0","MTCH1"
1.24726319916898e-17,0.625230002786731,0.578,0.402,4.5651080352784e-13,"0","PLAAT3"
1.55190561784814e-17,0.616390395051302,0.505,0.34,5.68012975188599e-13,"0","C1orf21"
1.72547183771917e-17,0.74760375682561,0.48,0.336,6.31539947323594e-13,"0","HIPK3"
1.74632087346501e-17,0.446985330010123,0.873,0.697,6.39170902896929e-13,"0","ZFP36L1"
1.91412800341087e-17,0.648317437041317,0.444,0.289,7.00589990528413e-13,"0","LTBP3"
1.95134744332048e-17,1.06457210224331,0.274,0.14,7.14212677729728e-13,"0","IRX1"
2.05041617643508e-17,0.419586807755134,0.499,0.338,7.50472824737002e-13,"0","SLC39A1"
2.3906049506377e-17,1.04363664684288,0.323,0.182,8.74985317982906e-13,"0","MMP14"
2.53363990092617e-17,0.864330714021059,0.395,0.251,9.27337540137987e-13,"0","CTDSP2"
2.60241023947225e-17,0.920374395526594,0.343,0.205,9.52508171749239e-13,"0","NT5C3B"
2.76210702553567e-17,0.39787413001641,0.677,0.504,1.01095879241631e-12,"0","TMEM230"
2.97652738323423e-17,0.907250561396018,0.377,0.232,1.08943878753756e-12,"0","SVBP"
3.31453751671728e-17,0.429429685799951,0.586,0.385,1.21315387649369e-12,"0","RCN1"
3.37876276885479e-17,1.26356636938691,0.27,0.143,1.23666096102854e-12,"0","CDC42EP2"
3.38925917457039e-17,0.295493266647686,0.528,0.325,1.24050275048451e-12,"0","CD248"
3.67661076876924e-17,0.589251509870707,0.48,0.329,1.34567630747723e-12,"0","TRAPPC2L"
3.75946980891099e-17,1.0300256157939,0.336,0.197,1.37600354475951e-12,"0","AZI2"
4.31137715375915e-17,0.680666817910922,0.512,0.366,1.57800715204739e-12,"0","CAT"
5.08692400979174e-17,0.633042999308487,0.55,0.408,1.86186505682387e-12,"0","NDUFB1"
5.32783786503876e-17,0.924174762819734,0.384,0.239,1.95004193698284e-12,"0","ECI2"
8.25293703257968e-17,0.28972207775697,0.818,0.654,3.02065748329449e-12,"0","KRTCAP2"
8.5000760163274e-17,1.06020888635722,0.265,0.134,3.11111282273599e-12,"0","H19"
8.64229872894126e-17,1.04412908183427,0.365,0.222,3.16316775777979e-12,"0","SNX21"
8.6946338857464e-17,1.26767258954331,0.263,0.134,3.18232294852204e-12,"0","LINC01140"
8.8263137503194e-17,1.19597646789521,0.336,0.198,3.2305190957544e-12,"0","DDR2"
9.60663644678513e-17,0.852726283944112,0.341,0.203,3.51612500588783e-12,"0","PLXDC2"
1.04686866791742e-16,0.671758584018463,0.37,0.219,3.83164401144454e-12,"0","ID4"
1.13841631631988e-16,0.473110059846672,0.725,0.57,4.16671755936238e-12,"0","NDUFB10"
1.26870812819383e-16,0.395017518925514,0.669,0.515,4.64359862000222e-12,"0","LRPAP1"
1.29426998506553e-16,1.18110261675374,0.292,0.158,4.73715757233833e-12,"0","CTDSPL"
1.34792737800175e-16,0.840344757548138,0.403,0.264,4.93354899622422e-12,"0","BOD1"
1.48821837258674e-16,0.569715541912526,0.428,0.282,5.44702806550472e-12,"0","TSPAN3"
1.54837163370831e-16,0.800589774368382,0.378,0.235,5.6671950165358e-12,"0","RASSF8"
1.76373185139159e-16,0.648794080510917,0.402,0.25,6.45543494927837e-12,"0","ACVRL1"
1.78441636899052e-16,0.428101055893709,0.724,0.567,6.53114235214219e-12,"0","RPS27L"
1.83822530812013e-16,0.427894883878401,0.558,0.39,6.72808845025048e-12,"0","DDX17"
2.68105145450235e-16,0.967449341553659,0.365,0.229,9.81291642862405e-12,"0","PLEKHA5"
2.75249617471128e-16,1.27304424427052,0.287,0.16,1.00744112490608e-11,"0","LPAR1"
2.91838382153407e-16,0.278371130389305,0.883,0.679,1.06815766251968e-11,"0","PRDX1"
3.16228563358996e-16,1.01546146925178,0.376,0.229,1.15742816475026e-11,"0","SPOCK1"
3.22377764407019e-16,1.07969785565666,0.307,0.175,1.17993485550613e-11,"0","CCDC144A"
3.264500041006e-16,0.779991782239449,0.381,0.238,1.19483966000861e-11,"0","BNIP3"
3.47196437743085e-16,0.422472772896103,0.564,0.404,1.27077368178347e-11,"0","PPP1CC"
3.47633874776587e-16,0.93723848248169,0.272,0.148,1.27237474506979e-11,"0","ADAM33"
3.49831864184963e-16,0.896532687251625,0.303,0.167,1.28041960610338e-11,"0","C2"
3.66185155598015e-16,1.30369275944991,0.253,0.129,1.34027428800429e-11,"0","CDKN2C"
3.68826737596828e-16,0.464566222576835,0.576,0.413,1.34994274227815e-11,"0","MRPL20"
3.74595181717526e-16,0.651295425418643,0.464,0.313,1.37105582460432e-11,"0","DNAJC19"
3.86361545215858e-16,0.392376859627995,0.792,0.638,1.41412189164456e-11,"0","PCBP2"
3.94581991312389e-16,0.525947477146654,0.541,0.395,1.44420954640247e-11,"0","ECHS1"
4.18203019643983e-16,1.06135266062865,0.303,0.173,1.53066487219894e-11,"0","LAPTM4B"
4.29779542632074e-16,0.327760773115039,0.759,0.6,1.57303610398765e-11,"0","WDR83OS"
4.85623225373759e-16,0.88661652439916,0.344,0.207,1.7774295671905e-11,"0","DPYSL3"
5.30227165954079e-16,0.374755052993635,0.62,0.432,1.94068445010853e-11,"0","CCL2"
5.67424446849879e-16,0.25519646692508,0.642,0.411,2.07683021791524e-11,"0","MAP1B"
5.72066883979023e-16,0.631840620712873,0.448,0.303,2.09382200205162e-11,"0","CCS"
5.9435251015479e-16,0.882879879889207,0.391,0.252,2.17538962241755e-11,"0","SPOP"
7.40220390480047e-16,0.654266165635068,0.492,0.35,2.70928065119602e-11,"0","KDSR"
7.88737384705429e-16,0.57994020548896,0.525,0.378,2.88685770176034e-11,"0","DPYSL2"
8.00996153239707e-16,0.494691419095786,0.33,0.184,2.93172602047265e-11,"0","ITM2C"
8.70125940259809e-16,0.404766168630934,0.633,0.487,3.18474795394493e-11,"0","PNRC2"
9.47158520451865e-16,0.751392634777414,0.437,0.29,3.46669490070587e-11,"0","PGRMC2"
1.04652082140896e-15,0.264490011427421,0.7,0.522,3.83037085843892e-11,"0","RRBP1"
1.12157612550548e-15,1.31013694674198,0.305,0.179,4.1050807769626e-11,"0","EPN2"
1.3690193215125e-15,0.462837534254596,0.575,0.426,5.01074761866791e-11,"0","NME3"
1.46938391070287e-15,0.27520802696517,0.751,0.6,5.37809205156356e-11,"0","SRSF11"
1.65797772445395e-15,0.49144753883455,0.462,0.301,6.0683642692739e-11,"0","CD36"
1.7344063725583e-15,0.689471560831052,0.422,0.272,6.34810076420062e-11,"0","PERP"
1.87917981271789e-15,0.541070561221257,0.475,0.334,6.87798603252874e-11,"0","BORCS7"
2.11389946552467e-15,0.54622869084606,0.535,0.384,7.73708343376686e-11,"0","DECR1"
2.21314489225492e-15,0.660130545847728,0.422,0.283,8.10033162014224e-11,"0","CAMK2D"
2.3961957731315e-15,0.59401585780735,0.422,0.285,8.77031614923859e-11,"0","MAP3K20"
2.50339160139225e-15,0.951952687293603,0.345,0.212,9.16266360025577e-11,"0","SWI5"
3.42232036731987e-15,1.22867475171651,0.254,0.138,1.25260347764275e-10,"0","DYNC2LI1"
3.46152525960853e-15,1.10561704118854,0.334,0.205,1.26695286026932e-10,"0","TBL1XR1"
3.50064856719752e-15,0.502993728363699,0.268,0.136,1.28127238207996e-10,"0","SERPINA3"
3.82206238686982e-15,0.333397187475315,0.68,0.541,1.39891305421822e-10,"0","NDUFB4"
3.82775297784026e-15,0.760688089412479,0.492,0.353,1.40099586741931e-10,"0","MGMT"
3.91141849872534e-15,0.625617847537917,0.414,0.28,1.43161828471846e-10,"0","TM2D1"
4.48616719834228e-15,0.407676925512028,0.565,0.412,1.64198205626526e-10,"0","SMIM26"
4.65257389603966e-15,0.270114601118344,0.714,0.483,1.70288857168948e-10,"0","CD151"
5.04575508811773e-15,0.468697714761468,0.499,0.369,1.84679681980197e-10,"0","GRHPR"
5.79280875837435e-15,1.1309567174475,0.285,0.161,2.1202259336526e-10,"0","NTPCR"
6.43277730490437e-15,0.938506000577058,0.359,0.227,2.35446082136805e-10,"0","UNC50"
7.2685690764605e-15,1.35816965263753,0.264,0.149,2.66036896767531e-10,"0","FAM92A"
7.64233836401398e-15,0.282653755049844,0.824,0.647,2.79717226461276e-10,"0","SEC11A"
8.16407490821816e-15,0.317886972151638,0.689,0.538,2.98813305715693e-10,"0","RWDD1"
9.94008501552904e-15,1.16965601904615,0.283,0.162,3.63817051653378e-10,"0","HIBADH"
1.00259318447566e-14,0.411428081465951,0.523,0.371,3.66959131449936e-10,"0","YIPF3"
1.03158020976534e-14,0.842448310687982,0.384,0.243,3.77568672576214e-10,"0","GPX8"
1.04287655384119e-14,0.403099721685315,0.728,0.542,3.81703247471413e-10,"0","TMEM14C"
1.15636774660239e-14,0.858616472631403,0.261,0.142,4.23242158933939e-10,"0","PXK"
1.20809622329023e-14,0.970057900510174,0.338,0.211,4.42175298686457e-10,"0","HOMER3"
1.26507704381926e-14,1.06953295337944,0.296,0.17,4.63030848808288e-10,"0","PPARG"
1.40243902017011e-14,0.857120440776154,0.392,0.26,5.13306705772461e-10,"0","CDIPT"
1.44822967825373e-14,0.488026020197138,0.616,0.481,5.30066544537647e-10,"0","RBIS"
1.47954468037538e-14,0.88519766193232,0.301,0.173,5.41528148464194e-10,"0","DNASE2"
1.70076736811675e-14,0.406021184029734,0.659,0.499,6.22497864404412e-10,"0","MORF4L2"
1.75880128287572e-14,0.30466497006844,0.613,0.439,6.43738857545344e-10,"0","ANXA4"
1.88161318338292e-14,0.835877338043501,0.381,0.245,6.88689241249983e-10,"0","ABLIM1"
1.95576053083975e-14,0.578265656222868,0.447,0.308,7.15827911892658e-10,"0","CALCOCO2"
1.99037867636379e-14,0.679726437476514,0.333,0.206,7.28498499335912e-10,"0","OLFML2B"
2.17719541911476e-14,0.497715816243997,0.565,0.383,7.96875295350192e-10,"0","RRAS"
2.30273590288919e-14,0.761079694119073,0.274,0.151,8.42824367816473e-10,"0","FEZ1"
2.45331274963799e-14,0.617169507368874,0.358,0.225,8.97936999495002e-10,"0","NECTIN2"
2.49765497868222e-14,0.337921622273038,0.737,0.563,9.1416669874748e-10,"0","GABARAPL2"
3.03232967580003e-14,0.585053196070857,0.443,0.293,1.10986298463957e-09,"0","COL14A1"
3.15793188462122e-14,0.39217746286829,0.721,0.57,1.15583464909021e-09,"0","BSG"
3.18298075929469e-14,0.608354554030265,0.404,0.268,1.16500278770945e-09,"0","AK6"
3.23923017260931e-14,0.267744443658329,0.543,0.345,1.18559063547674e-09,"0","COL5A2"
3.27219705144144e-14,0.31487794846963,0.669,0.514,1.19765684279808e-09,"0","PRNP"
3.36857352158668e-14,0.350646821540572,0.699,0.557,1.23293159463594e-09,"0","FKBP8"
3.61168450918192e-14,0.832825930065319,0.38,0.25,1.32191264720567e-09,"0","DESI2"
3.80797916486126e-14,0.815343997141666,0.354,0.227,1.39375845413087e-09,"0","DNPEP"
4.11687333631514e-14,0.324153466348932,0.868,0.703,1.5068168098247e-09,"0","NDUFA13"
4.15648466472103e-14,1.02038062225344,0.314,0.19,1.52131495213454e-09,"0","MANBAL"
4.46690492102803e-14,0.457151498608759,0.642,0.493,1.63493187014547e-09,"0","NOL7"
4.59435940815969e-14,0.602775563056666,0.484,0.35,1.68158148698053e-09,"0","ILK"
5.32433373458505e-14,0.305080061061779,0.735,0.583,1.94875939019547e-09,"0","YWHAE"
5.36830698935791e-14,0.253922551957295,0.759,0.585,1.96485404117489e-09,"0","KRT10"
5.76809359377706e-14,0.521593482355703,0.499,0.361,2.11117993625834e-09,"0","TMEM87A"
6.61842839924834e-14,0.600965697623639,0.473,0.327,2.42241097840888e-09,"0","IFI27L2"
7.17438299892235e-14,0.297494130390562,0.718,0.559,2.62589592143557e-09,"0","C4orf3"
7.82378439018057e-14,0.920589117746241,0.334,0.209,2.86358332464999e-09,"0","GATAD1"
8.32905359120437e-14,0.781732001434038,0.359,0.229,3.04851690491671e-09,"0","SSBP2"
8.47564585436624e-14,0.494756210813783,0.395,0.249,3.10217113915659e-09,"0","LOX"
8.755119760185e-14,0.348198013387767,0.7,0.531,3.20446138342531e-09,"0","APLP2"
9.46509686165879e-14,0.8337895845896,0.358,0.235,3.46432010233573e-09,"0","GOPC"
9.88519845289695e-14,0.473196961292994,0.44,0.295,3.61808148574481e-09,"0","NBL1"
1.01507257549823e-13,1.03176963424956,0.311,0.191,3.71526713358107e-09,"0","PTGR1"
1.06080583768107e-13,0.358058543307543,0.605,0.464,3.88265544649648e-09,"0","HP1BP3"
1.0738506769474e-13,0.618907266107349,0.376,0.235,3.93040086269518e-09,"0","FNDC4"
1.09643536002592e-13,0.75648993930222,0.337,0.214,4.01306306123085e-09,"0","ALDH9A1"
1.10778945943883e-13,0.725193404573798,0.475,0.336,4.05462020049206e-09,"0","CNIH4"
1.20791724543106e-13,1.25914695151764,0.256,0.142,4.42109791000222e-09,"0","PKD2"
1.29306347776706e-13,0.689304041150468,0.37,0.243,4.73274163497521e-09,"0","GCSH"
1.34073643828113e-13,0.279587709459615,0.713,0.594,4.90722943775277e-09,"0","PNISR"
1.34546411165747e-13,0.851138264460139,0.433,0.304,4.92453319507749e-09,"0","AKR7A2"
1.40150090115796e-13,0.397516706941658,0.686,0.544,5.12963344832824e-09,"0","ERH"
1.58414219482579e-13,1.0655314309979,0.296,0.175,5.79811884728189e-09,"0","SMARCA1"
1.80239287950888e-13,0.964737776685944,0.329,0.208,6.59693817829045e-09,"0","TMEM9"
1.90528680552951e-13,0.611747212469458,0.387,0.253,6.97354023691857e-09,"0","PHF3"
2.00199782957171e-13,0.76120372970088,0.359,0.236,7.32751225601543e-09,"0","SEPTIN10"
2.05686391344467e-13,0.921283875672903,0.36,0.233,7.52832760959883e-09,"0","KHDRBS3"
2.06370956408003e-13,0.758466811716689,0.378,0.257,7.55338337548934e-09,"0","RFX2"
2.14221362981217e-13,0.951555366512776,0.378,0.253,7.84071610647551e-09,"0","AK3"
2.24773657753215e-13,0.631777622847718,0.421,0.282,8.22694064742544e-09,"0","TGFB1I1"
2.27039916632549e-13,0.729746285217903,0.41,0.277,8.30988798866793e-09,"0","CFDP1"
2.33047503796835e-13,0.302862818223723,0.813,0.641,8.52977168646794e-09,"0","RNH1"
2.79948152390219e-13,0.886893857163233,0.398,0.277,1.02463823256344e-08,"0","TMEM18"
2.95683555579234e-13,0.546470662479765,0.488,0.353,1.08223138177555e-08,"0","UBE2H"
3.26235681118724e-13,0.425533378335053,0.618,0.475,1.19405521646264e-08,"0","ETFB"
3.26644499199866e-13,0.580635504818481,0.469,0.327,1.19555153152143e-08,"0","DST"
3.30073376016553e-13,0.850306598535224,0.29,0.168,1.20810156355819e-08,"0","FTX"
3.41513971228115e-13,0.502990941867113,0.531,0.388,1.24997528609203e-08,"0","SNRPE"
3.64612696897779e-13,0.412345871107765,0.563,0.428,1.33451893191556e-08,"0","BNIP3L"
3.71653377769031e-13,0.279780630887231,0.739,0.564,1.36028852797243e-08,"0","ARF4"
3.72374691779692e-13,0.55548034588823,0.565,0.435,1.36292860938285e-08,"0","ECH1"
4.10636796883147e-13,0.27583946163673,0.619,0.441,1.50297174027201e-08,"0","UBE2E3"
4.54574767737796e-13,0.52689728084204,0.362,0.242,1.66378910739711e-08,"0","WDR61"
4.62307905167902e-13,0.613424161471403,0.424,0.28,1.69209316370504e-08,"0","TPPP3"
4.63512731880682e-13,0.892876123406218,0.359,0.238,1.69650294995648e-08,"0","RBFOX2"
4.94789706098689e-13,0.398759519272321,0.395,0.269,1.81097980329181e-08,"0","ECI1"
5.1492272118814e-13,0.391295971880344,0.66,0.509,1.88466865182071e-08,"0","LAMTOR5"
5.30268457047802e-13,0.597898843680832,0.289,0.169,1.94083557964066e-08,"0","LMOD1"
5.44006690215111e-13,0.366054163606959,0.453,0.321,1.99111888685633e-08,"0","RDX"
6.06208707453651e-13,0.687018952852611,0.32,0.202,2.21878449015111e-08,"0","TCEA2"
6.48224633669828e-13,0.347094537990633,0.743,0.577,2.37256698169494e-08,"0","FIS1"
6.70201572324701e-13,0.384218011311513,0.63,0.459,2.45300477486564e-08,"0","ZBTB16"
7.89343300738245e-13,0.973803564606699,0.263,0.147,2.88907541503205e-08,"0","GALNT15"
8.58761742050065e-13,0.304111498588606,0.638,0.503,3.14315385207744e-08,"0","ST13"
9.08898879057058e-13,0.992358153151197,0.293,0.176,3.32666078723674e-08,"0","PHAX"
9.34388892125288e-13,0.48731216710608,0.344,0.224,3.41995678406777e-08,"0","LTBR"
9.84606392903192e-13,0.971246268868736,0.276,0.16,3.60375785866497e-08,"0","ARHGAP29"
1.05991219289396e-12,0.683890659893017,0.292,0.173,3.87938461721119e-08,"0","MAML2"
1.11309700677721e-12,0.962452527931647,0.271,0.162,4.07404635450525e-08,"0","BMERB1"
1.21496911075712e-12,0.796853428672333,0.267,0.154,4.44690844228212e-08,"0","MASP1"
1.34704820167998e-12,0.719339192746092,0.371,0.248,4.93033112296889e-08,"0","GOLGA2"
1.40247917114177e-12,0.684226630051498,0.447,0.324,5.13321401429601e-08,"0","FAM89B"
1.41360443091383e-12,1.05673628326803,0.26,0.148,5.17393357758773e-08,"0","SPECC1"
1.42267211391015e-12,0.774219867225368,0.308,0.191,5.20712220412253e-08,"0","PALM"
1.54032497453634e-12,0.833104039948846,0.316,0.196,5.63774343930047e-08,"0","PKDCC"
1.69196484159887e-12,0.299158561407205,0.733,0.551,6.19276051673602e-08,"0","LY6E"
1.76564159013549e-12,0.749123904522754,0.283,0.164,6.46242478405491e-08,"0","MEST"
1.84566507401947e-12,0.951644461462492,0.29,0.177,6.75531873741866e-08,"0","PIN4"
1.90495072608465e-12,0.30786165154906,0.576,0.424,6.97231015254243e-08,"0","DEGS1"
1.92495784073466e-12,0.388749523341576,0.85,0.747,7.04553819287293e-08,"0","CCNL1"
1.99953631802833e-12,0.447193933570403,0.618,0.491,7.3185028776155e-08,"0","NDUFB9"
2.03639398937044e-12,0.576744948253216,0.422,0.281,7.45340564049476e-08,"0","AXL"
2.13693590474362e-12,0.634397450535151,0.411,0.295,7.82139910495212e-08,"0","CCDC50"
2.4059483495311e-12,0.379926536585727,0.609,0.477,8.80601155411877e-08,"0","DDX39B"
2.48626040539906e-12,0.438123287693899,0.406,0.286,9.09996170980108e-08,"0","TMEM205"
2.99705281882639e-12,0.356023070633811,0.615,0.472,1.09695130221865e-07,"0","ZNHIT1"
3.10683448997821e-12,0.572437417676613,0.292,0.18,1.13713249167692e-07,"0","PINK1"
3.164034501248e-12,0.334844155355153,0.484,0.354,1.15806826780178e-07,"0","HEXA"
3.17906234051282e-12,0.946914208531947,0.257,0.148,1.1635686072511e-07,"0","CBR3"
3.3327616641017e-12,0.285114247317329,0.686,0.534,1.21982409667786e-07,"0","PLIN2"
3.3726420881747e-12,0.510839400801501,0.451,0.33,1.23442073069282e-07,"0","SMIM7"
3.57827292221937e-12,0.837404286469916,0.404,0.287,1.30968367226151e-07,"0","ACTN1"
3.79586942239991e-12,0.45459138497626,0.343,0.225,1.38932616729259e-07,"0","CLEC11A"
3.90227175091318e-12,0.26727891562339,0.875,0.713,1.42827048355173e-07,"0","TMBIM6"
3.9225612017384e-12,0.678645458259155,0.371,0.25,1.43569662544827e-07,"0","CDK4"
3.94422309159977e-12,0.646028994072299,0.442,0.32,1.44362509375643e-07,"0","TPGS1"
4.01172935043919e-12,0.337113239472791,0.556,0.42,1.46833305955425e-07,"0","VAMP5"
4.47692695875507e-12,0.435846583732916,0.483,0.348,1.63860003617394e-07,"0","CPNE3"
4.52643923385057e-12,0.558695591219686,0.446,0.321,1.65672202398165e-07,"0","LGMN"
4.71820664722843e-12,0.591057488615196,0.274,0.16,1.72691081495208e-07,"0","CSF1"
5.03869423491817e-12,0.397049287665829,0.256,0.149,1.8442124769224e-07,"0","CPED1"
5.40786488856127e-12,0.52598159118138,0.407,0.285,1.97933262786231e-07,"0","PCMTD1"
5.94283202659686e-12,0.460592824862246,0.432,0.298,2.17513595005472e-07,"0","SNTB2"
6.5714614613718e-12,0.439807758596951,0.666,0.527,2.40522060947669e-07,"0","DYNLRB1"
7.24581212337767e-12,0.582497947855877,0.542,0.423,2.65203969527746e-07,"0","RTF1"
7.29412232451529e-12,0.896250470238014,0.349,0.238,2.66972171199584e-07,"0","ZNF593"
7.40390985030051e-12,0.435436738481115,0.624,0.489,2.70990504430849e-07,"0","PSMA4"
7.43183962851809e-12,0.668213694316354,0.4,0.286,2.72012762243391e-07,"0","NQO2"
7.46993954031977e-12,0.638156520086809,0.276,0.164,2.73407257115244e-07,"0","SERTAD3"
7.7923910404375e-12,0.765285547210123,0.403,0.291,2.85209304471053e-07,"0","MRPL40"
8.09623112577521e-12,1.03818484024939,0.274,0.168,2.96330155434498e-07,"0","REV1"
8.45937870686177e-12,0.346367167899808,0.497,0.364,3.09621720049848e-07,"0","SLC2A4RG"
9.19831645563846e-12,0.343385812095899,0.605,0.459,3.36667580592823e-07,"0","SNX9"
9.37401884565807e-12,0.675676357614401,0.366,0.25,3.43098463769931e-07,"0","TCEAL8"
9.58382267124272e-12,0.975855378969838,0.304,0.195,3.50777493590155e-07,"0","NFATC1"
9.61448832377689e-12,0.993491045924456,0.292,0.18,3.51899887138558e-07,"0","CDC42EP5"
9.90712349589079e-12,0.497399630518676,0.534,0.411,3.62610627073099e-07,"0","TMEM109"
1.03954259676294e-11,0.704975641854734,0.348,0.228,3.80482985841203e-07,"0","SRPX2"
1.09082667752064e-11,0.774427623791851,0.36,0.248,3.99253472239329e-07,"0","SAV1"
1.1251456061547e-11,0.680428605994898,0.316,0.205,4.11814543308682e-07,"0","ZNF358"
1.15438421251179e-11,0.901381265186263,0.316,0.209,4.22516165621439e-07,"0","CBR1"
1.17665734026324e-11,0.554040003766978,0.257,0.149,4.3066835310975e-07,"0","CCNG2"
1.18814292719432e-11,0.547275786867169,0.521,0.403,4.34872192782391e-07,"0","PTTG1IP"
1.25164280967706e-11,0.723422101595653,0.344,0.233,4.58113784769901e-07,"0","MYO1C"
1.25268713991805e-11,0.424269829271101,0.594,0.465,4.58496020081404e-07,"0","GADD45GIP1"
1.33005731810698e-11,0.576138708252592,0.426,0.31,4.86814279000335e-07,"0","MRPL27"
1.51594670198115e-11,0.369518516064701,0.477,0.349,5.54851652392122e-07,"0","VDAC3"
1.60428163346561e-11,0.457236858958307,0.538,0.413,5.87183120664749e-07,"0","TM9SF3"
1.61874007138662e-11,0.463188830805937,0.631,0.507,5.92475053528215e-07,"0","OCIAD1"
1.62139059255982e-11,0.283531969619791,0.448,0.324,5.9344517078282e-07,"0","RHOQ"
1.81074410768426e-11,0.292250044181122,0.787,0.656,6.62750450853517e-07,"0","SON"
1.94262814267628e-11,0.766374997705001,0.367,0.25,7.11021326500945e-07,"0","GLT8D1"
2.04269941539453e-11,0.67991190601386,0.378,0.264,7.47648413028552e-07,"0","COMMD4"
2.04421770522274e-11,0.451477721907372,0.7,0.571,7.48204122288577e-07,"0","MAFF"
2.13673930798463e-11,0.420440763851301,0.391,0.275,7.82067954115455e-07,"0","ABHD14B"
2.15912940279786e-11,0.567748967255902,0.319,0.212,7.90262952718044e-07,"0","RECK"
2.40171809148003e-11,0.932023519858579,0.256,0.152,8.79052838662606e-07,"0","NFE2L1"
2.61104700404368e-11,0.272751590769253,0.644,0.516,9.55669313950026e-07,"0","SRSF10"
2.9285024606673e-11,1.13868897673569,0.25,0.152,1.07186118562884e-06,"0","ALDH3A2"
2.95101082135863e-11,0.595974957632542,0.501,0.38,1.08009947072547e-06,"0","PSMB2"
3.02552476841798e-11,0.730874130847105,0.355,0.249,1.10737232048866e-06,"0","RAB32"
3.13351619424732e-11,0.285944132659883,0.774,0.621,1.14689826225646e-06,"0","ATP5PF"
3.14903101652505e-11,0.307292757242193,0.671,0.552,1.15257684235833e-06,"0","RHEB"
3.28935199510965e-11,0.847918652377349,0.337,0.222,1.20393572373008e-06,"0","SPRY2"
3.34279311746852e-11,1.06530548649519,0.26,0.157,1.22349570892465e-06,"0","CNPY4"
3.70063148886794e-11,0.803770126055206,0.347,0.235,1.35446813124055e-06,"0","TMED1"
3.86511439396033e-11,0.689414388880171,0.271,0.164,1.41467051933342e-06,"0","TAF11"
3.86823218733128e-11,0.392307684844497,0.525,0.383,1.41581166288512e-06,"0","IL1R1"
4.28293391804576e-11,0.573790361028107,0.428,0.308,1.56759664334393e-06,"0","SDF2"
4.28484546870649e-11,0.871541604411356,0.289,0.185,1.56829629000126e-06,"0","CYB5D2"
4.34959894837747e-11,0.725831601819899,0.358,0.246,1.59199671109564e-06,"0","SAMD4B"
4.37694103591246e-11,0.337890821275298,0.563,0.42,1.60200418855432e-06,"0","TMCO1"
4.59483203422175e-11,0.270013603651827,0.568,0.438,1.6817544728455e-06,"0","MZT2A"
4.70860170160784e-11,0.5752007205971,0.275,0.163,1.72339530880549e-06,"0","LINC00963"
4.77055584854838e-11,0.704092906026783,0.318,0.204,1.74607114612719e-06,"0","HILPDA"
5.07004449304197e-11,0.349154554173049,0.55,0.401,1.85568698489829e-06,"0","LMAN1"
6.18357756751138e-11,0.331007282187546,0.572,0.433,2.26325122548484e-06,"0","GTF2A2"
6.55441016315687e-11,0.549292109392003,0.407,0.294,2.39897966381705e-06,"0","RBM7"
7.81930759564326e-11,0.410477065165293,0.488,0.374,2.86194477308139e-06,"0","IAH1"
7.98997113786154e-11,0.446418597792021,0.466,0.359,2.9244093361687e-06,"0","IDH3G"
8.01929803568836e-11,0.802353323090995,0.298,0.193,2.9351432740423e-06,"0","DPM3"
8.09758663267782e-11,0.845231393581106,0.32,0.208,2.96379768342641e-06,"0","ANGPTL1"
9.3036041080144e-11,0.928521148462285,0.259,0.157,3.40521213957435e-06,"0","UQCC3"
9.74654770496396e-11,0.38945676699283,0.473,0.323,3.56733392549386e-06,"0","VASN"
9.7624355297291e-11,0.331079942249277,0.572,0.446,3.57314902823615e-06,"0","MDH1"
1.07496006803697e-10,0.375951547136222,0.569,0.43,3.93446134502213e-06,"0","PSMA3"
1.21414279341086e-10,0.283309358880192,0.509,0.388,4.44388403816311e-06,"0","DCTN2"
1.25719366066516e-10,0.785196784188851,0.354,0.247,4.60145451740054e-06,"0","TSG101"
1.28180325979078e-10,0.254705046642326,0.59,0.461,4.69152811116022e-06,"0","MICOS13"
1.29277516297272e-10,0.257963877989982,0.44,0.33,4.73168637399647e-06,"0","SNX2"
1.35243875696012e-10,0.317004382362544,0.497,0.386,4.95006109434972e-06,"0","STAU1"
1.35632595844377e-10,0.430987766543041,0.285,0.18,4.96428864050005e-06,"0","VPS36"
1.42318887140013e-10,0.457181134209839,0.469,0.358,5.20901358821163e-06,"0","HADHB"
1.44524692337575e-10,0.61840647404576,0.326,0.223,5.28974826424758e-06,"0","DHRS4L2"
1.46362304635896e-10,0.314717883997297,0.594,0.442,5.35700671197842e-06,"0","FGL2"
1.46674424747912e-10,0.88635452947003,0.29,0.184,5.36843062019833e-06,"0","PROS1"
1.48375067701952e-10,0.755901177157026,0.265,0.16,5.43067585295914e-06,"0","AC092683.1"
1.71450324168246e-10,0.52803991470652,0.543,0.423,6.27525331488198e-06,"0","FUNDC2"
1.73790221060517e-10,0.491310278958765,0.477,0.359,6.36089588103597e-06,"0","CHMP5"
1.77033002381105e-10,0.844186511390681,0.275,0.175,6.47958492015083e-06,"0","SYNE3"
1.91886536313662e-10,0.349852545190645,0.464,0.352,7.02323911561636e-06,"0","ARL5A"
1.92434861745275e-10,0.495178403266523,0.293,0.184,7.04330837473879e-06,"0","XPA"
1.99601634135008e-10,0.87887366825087,0.27,0.175,7.30561941097543e-06,"0","C8orf82"
2.05125914363922e-10,0.48093651809001,0.303,0.198,7.5078135916339e-06,"0","ARHGAP24"
2.11195783163208e-10,0.73064198222588,0.33,0.219,7.72997685955657e-06,"0","CFAP20"
2.28384282193073e-10,0.772353346181294,0.337,0.229,8.35909311254866e-06,"0","IL13RA1"
2.35060709395876e-10,0.330958275048078,0.666,0.549,8.60345702459844e-06,"0","TBCA"
2.42242341822599e-10,0.611907321340249,0.432,0.323,8.86631195304894e-06,"0","ACAA2"
2.44760078639609e-10,1.08926215988415,0.263,0.165,8.95846363828833e-06,"0","RASSF8-AS1"
2.45829359627974e-10,0.330297756233276,0.669,0.524,8.99760039174349e-06,"0","CLTB"
2.50033174421408e-10,0.361669179244166,0.582,0.46,9.15146421699797e-06,"0","SAMHD1"
2.54554225119207e-10,0.434695248579267,0.343,0.238,9.31693919358811e-06,"0","EI24"
2.58408190135001e-10,0.373247813105821,0.462,0.328,9.45799816713118e-06,"0","PLPP1"
2.59069919421285e-10,0.30813302545964,0.624,0.476,9.48221812073845e-06,"0","BLOC1S1"
2.7221920604775e-10,0.268963537926588,0.377,0.262,9.96349516055369e-06,"0","PHYH"
2.85333381651091e-10,0.26603556694806,0.703,0.566,1.04434871018116e-05,"0","IFI16"
2.9748127135525e-10,0.555224778485888,0.567,0.44,1.08881120128735e-05,"0","TMEM14B"
3.02251180724535e-10,0.371783593806389,0.491,0.34,1.10626954656987e-05,"0","SERPINH1"
3.17438765289956e-10,0.844100405843604,0.292,0.191,1.16185762483777e-05,"0","UFL1"
3.19681585267441e-10,0.479900367694602,0.418,0.298,1.17006657023736e-05,"0","RCN2"
3.38658845486595e-10,0.339130620557475,0.472,0.356,1.23952524036549e-05,"0","AHI1"
3.46376968000037e-10,0.436956427734408,0.506,0.385,1.26777434057694e-05,"0","HDGF"
3.50937416112024e-10,0.542277968420646,0.444,0.333,1.28446603671162e-05,"0","CREG1"
3.67884523501318e-10,0.521769105555701,0.279,0.178,1.34649414446717e-05,"0","USP33"
3.76815929585492e-10,0.549627011591318,0.432,0.32,1.37918398387586e-05,"0","RBBP7"
3.95080528318953e-10,0.466875411027015,0.356,0.249,1.4460342417002e-05,"0","CSNK1E"
4.05206003310801e-10,0.380854267946337,0.476,0.363,1.48309449271786e-05,"0","NT5C"
4.17922942170017e-10,0.729537635296124,0.314,0.209,1.52963976063648e-05,"0","ATXN7L3B"
4.32904806764697e-10,0.807176886925725,0.362,0.262,1.58447488323947e-05,"0","COMMD3"
4.54932683447907e-10,0.347588729463595,0.495,0.378,1.66509911468768e-05,"0","ZNF428"
4.55569017294553e-10,0.374758888901192,0.425,0.315,1.66742816019979e-05,"0","ATG101"
4.55633292502846e-10,0.927321113930051,0.292,0.195,1.66766341388967e-05,"0","PPFIBP1"
4.97681574887158e-10,0.543245062563129,0.337,0.234,1.82156433224449e-05,"0","NIT2"
5.0256615635206e-10,0.584943867936839,0.432,0.323,1.83944238886417e-05,"0","BTF3L4"
5.38998784157189e-10,0.406261705773704,0.589,0.476,1.97278944989373e-05,"0","H1FX"
5.60807001485113e-10,0.439887152217776,0.253,0.154,2.05260970613566e-05,"0","NR2F2"
5.66702031275262e-10,0.579760726664103,0.334,0.229,2.07418610467059e-05,"0","BEX4"
5.70390884366661e-10,0.471409273861018,0.344,0.244,2.08768767587042e-05,"0","FEZ2"
5.7166654068356e-10,0.482706259228614,0.352,0.238,2.0923567055559e-05,"0","MMP19"
5.92727203590755e-10,0.306811013131015,0.626,0.486,2.16944083786252e-05,"0","SELENOS"
6.03216269037936e-10,0.39388631900516,0.464,0.336,2.20783186630575e-05,"0","AC245297.3"
6.14345416409193e-10,0.519781768128686,0.382,0.27,2.24856565859929e-05,"0","JAGN1"
6.19053569949282e-10,0.433761977572987,0.513,0.402,2.26579797137137e-05,"0","DNAJC15"
6.66654090816667e-10,1.0728733392552,0.278,0.187,2.44002063779808e-05,"0","C1GALT1C1"
6.71443077648965e-10,0.551612806711381,0.327,0.228,2.45754880850298e-05,"0","SMIM20"
7.08829705241404e-10,0.530159449097164,0.536,0.431,2.59438760415406e-05,"0","EMC7"
7.40582489378334e-10,0.572602420606112,0.256,0.158,2.71060596937364e-05,"0","EMC2"
7.75838951089066e-10,0.878999607878759,0.275,0.179,2.83964814488109e-05,"0","CLN5"
7.79117323111672e-10,0.270291154277341,0.725,0.596,2.85164731432103e-05,"0","BRK1"
8.60755638002228e-10,0.728604134096245,0.287,0.185,3.15045171065195e-05,"0","TMEM106B"
8.64165983877545e-10,0.470801237033912,0.447,0.338,3.1629339175902e-05,"0","ZBTB7A"
9.77081912151378e-10,0.88846537914327,0.265,0.17,3.57621750666526e-05,"0","CNRIP1"
9.88080822792621e-10,0.405496126692293,0.594,0.468,3.61647461950327e-05,"0","NDUFAB1"
1.04686240224553e-09,0.668310714039114,0.263,0.163,3.83162107845887e-05,"0","MNAT1"
1.08432424559071e-09,0.386994254549784,0.424,0.306,3.96873517128657e-05,"0","ADD1"
1.12943043875261e-09,0.594308352943215,0.337,0.243,4.13382834887844e-05,"0","WASL"
1.15224245337254e-09,0.582067662148789,0.403,0.298,4.21732260358882e-05,"0","ARL2BP"
1.28890195642506e-09,0.37591204979355,0.649,0.517,4.71751005071136e-05,"0","SSBP1"
1.29518729357429e-09,0.859265728841366,0.304,0.209,4.74051501321125e-05,"0","PHLDB1"
1.29996422798613e-09,0.667837366878651,0.3,0.2,4.75799907085202e-05,"0","ZDHHC9"
1.32266038902752e-09,0.61756429100056,0.326,0.225,4.84106928987961e-05,"0","ZNF511"
1.5084762243506e-09,0.621001972367594,0.42,0.321,5.52117382874564e-05,"0","CRTAP"
1.57192499867567e-09,0.498223617351616,0.406,0.303,5.75340268765283e-05,"0","BCAP29"
1.70940842137543e-09,0.35949622074011,0.42,0.295,6.25660576307622e-05,"0","GFPT2"
1.71649201235253e-09,0.31283345933994,0.616,0.495,6.28253241441151e-05,"0","TRAPPC5"
1.76731186822173e-09,0.491588118773461,0.352,0.254,6.46853816887837e-05,"0","LSM6"
1.91013451561063e-09,0.651271547027802,0.345,0.247,6.99128334058645e-05,"0","ACBD6"
1.91348696376698e-09,0.677112071300511,0.329,0.225,7.00355363608351e-05,"0","THOC2"
1.95083227794429e-09,0.543354648725747,0.381,0.278,7.14024122050391e-05,"0","FDX1"
2.10680969256511e-09,0.344953145878979,0.358,0.247,7.71113415575755e-05,"0","FKBP10"
2.43600684363664e-09,0.445128865926981,0.337,0.238,8.91602864839445e-05,"0","KIDINS220"
2.44315386023461e-09,0.66211388609476,0.345,0.248,8.9421874438447e-05,"0","COA3"
2.58073628932542e-09,0.518558423449765,0.303,0.203,9.44575289255998e-05,"0","RFTN1"
2.5995032080441e-09,0.747745976449496,0.267,0.174,9.51444169176221e-05,"0","OXR1"
2.63547491878979e-09,0.334653679036636,0.443,0.33,9.64610175026251e-05,"0","PRPF4B"
2.63725036956067e-09,0.427163404215968,0.417,0.319,9.652600077629e-05,"0","MRPL34"
2.68078628248853e-09,0.6992660646169,0.289,0.194,9.81194587253627e-05,"0","ARL13B"
2.73000412418870e-09,0.285108098556794,0.591,0.466,9.99208809494304e-05,"0","NUDC"
3.13898095989321e-09,0.369849645731568,0.443,0.331,0.000114889842113051,"0","PLIN3"
3.26490945459742e-09,0.570440548534073,0.358,0.255,0.00011949895094772,"0","DYNC1LI2"
3.27710582837587e-09,0.62537069554277,0.276,0.179,0.000119945350424385,"0","TMEM47"
3.40322939508244e-09,0.760239908143075,0.382,0.283,0.000124561599089412,"0","SCARB2"
3.45342833579868e-09,0.291905081715769,0.626,0.505,0.000126398930518568,"0","NUCB1"
3.54251233315288e-09,0.293525381391504,0.378,0.272,0.000129659493905729,"0","NGRN"
3.605707728906e-09,0.542547304804306,0.318,0.218,0.000131972508585689,"0","GOSR1"
3.6917810150432e-09,0.397190870024618,0.282,0.187,0.000135122876931596,"0","AFDN"
4.2809139060207e-09,0.547298060425354,0.388,0.293,0.000156685729874264,"0","RAB11B"
4.33640700727477e-09,0.587274491030777,0.292,0.195,0.000158716832873264,"0","ITPKC"
4.54596219699448e-09,0.601436903145021,0.292,0.198,0.000166386762372195,"0","CYHR1"
4.80529688305334e-09,0.529197984973191,0.329,0.233,0.000175878671216635,"0","NME4"
4.87358339353334e-09,0.894952870422867,0.286,0.193,0.000178378025786714,"0","TPST1"
4.9075631720135e-09,0.454375223910852,0.366,0.268,0.000179621719658866,"0","TIMM8B"
4.9126220784557e-09,0.402327180872159,0.336,0.229,0.000179806880693557,"0","JPX"
4.98091868347007e-09,0.48358170040842,0.425,0.33,0.000182306604733688,"0","CERS2"
5.00415916844572e-09,0.567493625999026,0.34,0.239,0.000183157229724282,"0","AHNAK2"
5.18652055442373e-09,0.452246957021987,0.404,0.306,0.000189831838812463,"0","DYNC1I2"
5.2360230330803e-09,0.442230770107309,0.374,0.271,0.000191643679033772,"0","NSRP1"
5.2803890217165e-09,0.775292907422899,0.301,0.203,0.000193267518583846,"0","NAE1"
5.54057555087437e-09,0.514688376022279,0.447,0.346,0.000202790605737553,"0","TMEM179B"
5.92216746474469e-09,0.751087744856779,0.272,0.18,0.000216757251377121,"0","MSRB3"
6.65328761114788e-09,0.52712286236686,0.336,0.242,0.000243516979855623,"0","PPP2CB"
6.76619407348016e-09,0.325755533952641,0.565,0.439,0.000247649469283448,"0","NUCB2"
7.40112066274048e-09,0.474544175861607,0.415,0.318,0.000270888417376964,"0","POLR2I"
7.48327266806021e-09,0.490579800767662,0.4,0.294,0.000273895262923672,"0","TXNDC15"
7.93794207044765e-09,0.595126615837727,0.393,0.292,0.000290536617720454,"0","ACTR10"
8.27624266040751e-09,0.287201341779747,0.618,0.496,0.000302918757613575,"0","PGLS"
8.4212300030153e-09,0.373126747810087,0.479,0.373,0.000308225439340363,"0","ROMO1"
8.8463643875027e-09,0.833314235240016,0.274,0.182,0.000323785782946986,"0","RPF2"
9.43445653020432e-09,0.518062729774683,0.487,0.374,0.000345310543462008,"0","IMPDH2"
9.94217281261017e-09,0.278111232537338,0.501,0.374,0.000363893467114345,"0","TENT5A"
1.01672267709423e-08,0.539834500906219,0.337,0.244,0.000372130667043258,"0","PLEKHJ1"
1.02875113760021e-08,0.83227337742582,0.281,0.188,0.000376533203873053,"0","RAD50"
1.0570581827418e-08,0.396905488464451,0.568,0.469,0.000386893865465324,"0","PDCD5"
1.09634502797953e-08,0.484107321522962,0.425,0.326,0.00040127324369079,"0","WDR45"
1.10374925811674e-08,0.675116667610767,0.326,0.232,0.000403983265963309,"0","KLHDC2"
1.17184035553455e-08,0.489103264823982,0.413,0.315,0.000428905288529202,"0","UPF3A"
1.172368940235e-08,0.444848681161336,0.365,0.264,0.000429098755815411,"0","CEBPG"
1.20880834370283e-08,0.280742657808487,0.381,0.285,0.000442435941878673,"0","METTL5"
1.21445152645315e-08,0.763775876933811,0.289,0.193,0.000444501403197116,"0","PLXDC1"
1.32401356610622e-08,0.718553998019012,0.329,0.237,0.000484602205330538,"0","HSD17B12"
1.32524230531321e-08,0.361908817999264,0.333,0.238,0.000485051936167687,"0","SORBS3"
1.43350296693699e-08,0.37886657702007,0.426,0.327,0.000524676420928607,"0","CCNDBP1"
1.47858814625183e-08,0.493800862550531,0.45,0.357,0.000541178047409631,"0","THOC7"
1.4815113486026e-08,0.421751748497279,0.367,0.275,0.000542247968702039,"0","MTIF3"
1.53090063267588e-08,0.466560931052628,0.348,0.253,0.000560324940565698,"0","RBM42"
1.55586965451204e-08,0.296519220281654,0.502,0.399,0.000569463852247952,"0","CNPY2"
1.5575511701278e-08,0.704277018436961,0.382,0.282,0.000570079303778475,"0","PHC2"
1.57389459426728e-08,0.443833911642978,0.292,0.194,0.000576061160447768,"0","ZNF638"
1.61467387043194e-08,0.580365423002569,0.421,0.326,0.000590986783316795,"0","STOML2"
1.63245201770646e-08,0.364264400665766,0.601,0.489,0.000597493763000742,"0","SRP9"
1.67116407464649e-08,0.654770567758551,0.285,0.199,0.000611662762961364,"0","SMIM15"
1.70606149870883e-08,0.41736396044547,0.472,0.363,0.000624435569142419,"0","U2SURP"
1.86107074836509e-08,0.291994463556646,0.329,0.237,0.000681170504609106,"0","TM9SF1"
1.91029143141989e-08,0.576046477423716,0.41,0.315,0.000699185766813994,"0","COMMD1"
2.00330317881457e-08,0.558921543722054,0.44,0.337,0.000733228996477922,"0","RNF13"
2.14550565069473e-08,0.755823269264171,0.325,0.234,0.00078527652321078,"0","C5orf15"
2.22435198744408e-08,0.397641441250266,0.389,0.282,0.000814135070924408,"0","SMIM3"
2.2462329964716e-08,0.642577444265402,0.327,0.233,0.000822143739038571,"0","ZBTB38"
2.38526739872343e-08,0.25361168706279,0.292,0.193,0.000873031720606763,"0","LPIN2"
2.48939929687367e-08,0.257616746347817,0.648,0.521,0.000911145036648732,"0","TMED10"
2.50520060466452e-08,0.368114758966435,0.391,0.293,0.000916928473313262,"0","HAX1"
2.55863987429795e-08,0.268962675299494,0.624,0.51,0.000936487780391794,"0","ANAPC11"
2.56026172520201e-08,0.416089773093013,0.491,0.393,0.000937081394041189,"0","TXNL1"
2.61460269630497e-08,0.277305802601837,0.502,0.378,0.000956970732874581,"0","RNF130"
2.70402254211702e-08,0.382300379522489,0.545,0.433,0.000989699290640249,"0","RPS19BP1"
2.85396692631896e-08,1.09372690558245,0.252,0.168,0.001044580434702,"0","PAK1IP1"
2.96306974294763e-08,0.456059213160251,0.418,0.321,0.00108451315661626,"0","ACBD3"
2.97273837681187e-08,0.876669447360575,0.254,0.168,0.00108805197329691,"0","FGF2"
3.16689979585196e-08,0.774623730740408,0.293,0.207,0.00115911699427978,"0","ETFRF1"
3.25924259608954e-08,0.675167131616511,0.338,0.25,0.00119291538259473,"0","ARMCX3"
3.30535567206788e-08,0.546308275682268,0.303,0.208,0.00120979322953357,"0","SVIL"
3.5454453077792e-08,0.676738900038283,0.351,0.264,0.00129766843710026,"0","SPATS2L"
3.57660484621033e-08,0.810325376813945,0.275,0.187,0.00130907313976144,"0","HDAC7"
4.04935723333722e-08,0.343213514856887,0.399,0.302,0.00148210524097376,"0","GLG1"
4.17173666712996e-08,0.261318221207333,0.327,0.233,0.00152689733753624,"0","MIA3"
4.3361076832706e-08,0.323801728811962,0.371,0.281,0.00158705877315387,"0","AAMP"
4.44588531047969e-08,0.477502415006747,0.49,0.388,0.00162723848248867,"0","THRAP3"
4.77710518532061e-08,0.587108481689654,0.29,0.203,0.0017484682688792,"0","RNF146"
4.78914862561634e-08,0.703306496080788,0.272,0.187,0.00175287628846184,"0","RYK"
4.99847210466402e-08,0.552444548307271,0.355,0.266,0.00182949077502808,"0","FNTA"
5.52313121035319e-08,0.55051262571545,0.469,0.374,0.00202152125430137,"0","TFG"
5.59145483566135e-08,0.482903384866231,0.422,0.336,0.00204652838440041,"0","DNAJA2"
5.77703034297737e-08,0.775194746482186,0.32,0.24,0.00211445087583315,"0","CHID1"
5.8064482063644e-08,0.505770204236395,0.451,0.354,0.00212521810801143,"0","TXN2"
6.11848647063901e-08,0.726399002251475,0.305,0.218,0.00223942723311858,"0","MRPL13"
6.39594818894309e-08,0.420556524830663,0.418,0.315,0.00234098099663506,"0","PTPRA"
6.58753406279785e-08,0.412095733764759,0.36,0.267,0.00241110334232464,"0","COA4"
6.66316581830238e-08,0.299400417823779,0.436,0.344,0.00243878532115686,"0","SREK1"
6.72578564938947e-08,0.462971768399253,0.395,0.3,0.00246170480553304,"0","SUMF2"
7.17632045069141e-08,0.405604793929753,0.472,0.367,0.00262660504815756,"0","SEC31A"
7.25953216928085e-08,0.380649317602012,0.513,0.396,0.00265706136927849,"0","TIMM13"
7.26978011994253e-08,0.882644968151824,0.26,0.174,0.00266081222170017,"0","P4HA2"
7.31854408414543e-08,0.693241491175808,0.263,0.178,0.00267866032023807,"0","POGLUT3"
7.34710460483521e-08,0.721293272246548,0.3,0.215,0.00268911375641574,"0","ANO6"
7.47019892422796e-08,0.650621719222258,0.333,0.241,0.00273416750825668,"0","FSTL3"
7.82966692473836e-08,0.318004518322598,0.53,0.423,0.00286573639112349,"0","PCMT1"
7.96090768763952e-08,0.323025920325888,0.505,0.401,0.00291377182275294,"0","COQ10B"
7.97534962623245e-08,0.298857251190868,0.498,0.388,0.00291905771669734,"0","LAMP2"
8.50401238863699e-08,0.410637669765447,0.574,0.487,0.00311255357436502,"0","PSMB4"
8.72626074465237e-08,0.300071638916813,0.483,0.386,0.00319389869515021,"0","IER3IP1"
9.07815150100462e-08,0.356401639264608,0.49,0.384,0.0033226942308827,"0","HCFC1R1"
9.2951675416558e-08,0.319895391531595,0.276,0.192,0.00340212427192144,"0","NAV1"
1.01127185677841e-07,0.369825323120562,0.315,0.227,0.00370135612299465,"0","CUTC"
1.01983512975408e-07,0.762661489068948,0.283,0.198,0.0037326985584129,"0","COBLL1"
1.04378492441798e-07,0.441806426300422,0.4,0.304,0.00382035720186224,"0","ERLEC1"
1.04823578740002e-07,0.419574491163108,0.42,0.329,0.0038366478054628,"0","SARS"
1.05951752865019e-07,0.518066002994704,0.3,0.217,0.00387794010661255,"0","SNX29"
1.07287897076398e-07,0.27293397030751,0.298,0.205,0.00392684432089326,"0","OTUD6B-AS1"
1.19960133177388e-07,0.45737659554013,0.366,0.266,0.00439066083442557,"0","DBN1"
1.2878955788096e-07,0.521209454155423,0.283,0.2,0.004713826608001,"0","PMM1"
1.3155458172783e-07,0.633506889929845,0.25,0.17,0.0048150292458203,"0","ATN1"
1.3492176975465e-07,0.430091827576468,0.274,0.183,0.00493827169478996,"0","MXI1"
1.437395144982e-07,0.450896830586558,0.448,0.356,0.00526100997014863,"0","CTSA"
1.53615238123152e-07,0.667953495447898,0.25,0.169,0.0056224713305455,"0","ATAD1"
1.59884801039322e-07,0.723170896195127,0.297,0.214,0.00585194360284024,"0","FLYWCH2"
1.59961315289918e-07,0.440044218597699,0.32,0.237,0.0058547441009263,"0","KXD1"
1.61964098484549e-07,0.47953527212952,0.516,0.43,0.00592804796863297,"0","RTN3"
1.63409048145579e-07,0.59689919392225,0.344,0.257,0.00598093457117633,"0","ARL3"
1.73083096747085e-07,0.556483427175329,0.301,0.214,0.00633501442404004,"0","WEE1"
1.73639601405351e-07,0.341512932739419,0.538,0.435,0.00635538305103727,"0","COPS6"
1.74279194066184e-07,0.250687448432288,0.578,0.471,0.00637879278201641,"0","STUB1"
1.9632082164174e-07,0.592742857932135,0.374,0.289,0.00718553839290931,"0","CYTH2"
1.97846177156786e-07,0.56413221934601,0.384,0.298,0.00724136793011552,"0","GPAA1"
2.01868220404363e-07,0.313289676286565,0.505,0.403,0.00738857873502011,"0","VCP"
2.03819613132659e-07,0.271487670842799,0.385,0.28,0.00746000166026844,"0","CRISPLD2"
2.1301908159449e-07,0.525392026419784,0.253,0.168,0.00779671140543994,"0","C17orf58"
2.22808212893399e-07,0.596245925112567,0.359,0.271,0.00815500340011129,"0","PNKD"
2.40990032162723e-07,0.597789656035876,0.369,0.28,0.00882047616718784,"0","CUEDC2"
2.49498480113285e-07,0.782287625577178,0.254,0.174,0.00913189387062635,"0","ZNF32"
2.50713079893819e-07,0.646451859038966,0.27,0.19,0.00917634943719365,"0","DEXI"
2.55133908738087e-07,0.462261134065428,0.45,0.361,0.00933815619372273,"0","RAB14"
2.62738924851282e-07,0.343439787145291,0.356,0.263,0.00961650738848175,"0","PHF14"
2.66510710704044e-07,0.330298155987543,0.371,0.282,0.00975455852247872,"0","TEX264"
3.09581044636598e-07,0.333247579049773,0.271,0.193,0.0113309758147441,"0","STAT6"
3.23689555425818e-07,0.411846912645754,0.345,0.252,0.0118473614181404,"0","CFAP36"
3.65975461222914e-07,0.593682889093624,0.407,0.328,0.0133950678562199,"0","STX12"
3.78421817291085e-07,0.703802471756635,0.25,0.172,0.013850616934671,"0","CFL2"
4.00072978847394e-07,0.684174372939388,0.265,0.185,0.0146430710987935,"0","BSCL2"
4.15426636408018e-07,0.344447959635636,0.549,0.453,0.0152050303191699,"0","SUMO3"
4.16835737961568e-07,0.47489390354749,0.253,0.166,0.0152566048451314,"0","CENPC"
4.21694580792111e-07,0.450850952477436,0.388,0.306,0.0154344433515721,"0","ASH1L"
4.28374715529795e-07,0.753336645782547,0.256,0.176,0.015678942963106,"0","YIPF6"
4.32562015319908e-07,0.415915679948926,0.417,0.333,0.015832202322724,"0","GET3"
4.32999286353023e-07,0.607335840488262,0.33,0.248,0.015848206879807,"0","MRPL55"
4.35601829662017e-07,0.385895798598974,0.377,0.289,0.0159434625674595,"0","UBA2"
4.6749475355907e-07,0.845532688839828,0.304,0.229,0.0171107754750155,"0","DHX29"
4.67599465192389e-07,0.74300552794166,0.253,0.176,0.0171146080255066,"0","CDC37L1"
4.72980534810008e-07,0.387634129831232,0.398,0.313,0.0173115605545811,"0","MESD"
4.7807091399797e-07,0.509111307405345,0.318,0.238,0.0174978735232397,"0","RUFY3"
4.80965852240436e-07,0.610516207128528,0.33,0.24,0.0176038311578522,"0","LINC02802"
4.97383676357069e-07,0.594750875800116,0.315,0.225,0.0182047399383451,"0","BCL6"
5.42135704840995e-07,0.778563119684165,0.274,0.2,0.0198427089328852,"0","DMAC1"
5.56604944418067e-07,0.432789772077379,0.279,0.198,0.0203722975706457,"0","PHYKPL"
5.87833119749829e-07,0.510120678769453,0.355,0.268,0.0215152800159635,"0","PURA"
5.93758562274891e-07,0.377033787898093,0.534,0.445,0.0217321571378233,"0","AKIRIN1"
5.97749112477863e-07,0.26180827824497,0.345,0.253,0.0218782152658022,"0","RPAIN"
6.22974392802279e-07,0.354821394177453,0.34,0.255,0.0228014857509562,"0","HOOK3"
6.28379059509847e-07,0.649455373017636,0.289,0.209,0.0229993019571199,"0","IL10RB"
6.40835740755619e-07,0.325675100749657,0.455,0.36,0.0234552289473964,"0","BTG3"
6.42204489501556e-07,0.338135357446202,0.376,0.287,0.0235053265202465,"0","TMEM263"
6.48590632274226e-07,0.395374000238361,0.312,0.23,0.023739065731869,"0","SEC22B"
6.56395012442931e-07,0.646607980587144,0.307,0.222,0.0240247138504237,"0","BCL3"
6.57021550607016e-07,0.273371862896944,0.297,0.208,0.0240476457737674,"0","GPATCH2"
6.65518791796041e-07,0.257696209101362,0.377,0.285,0.0243586532985269,"0","SLC25A36"
6.93419803737831e-07,0.392828308735252,0.263,0.182,0.0253798582366083,"0","QTRT1"
7.10621829896732e-07,0.487791797815197,0.365,0.276,0.0260094695960503,"0","CCDC186"
7.31158979966124e-07,0.315560501597549,0.475,0.384,0.0267611498257401,"0","PIGT"
7.52478331501049e-07,0.333282114170324,0.389,0.309,0.0275414594112699,"0","SEC63"
7.63356467535705e-07,0.34838263392876,0.418,0.33,0.0279396100682743,"0","MVP"
8.06373648749282e-07,0.438404516616814,0.347,0.264,0.0295140819178725,"0","SMC5"
8.46040018148737e-07,0.467897839364104,0.384,0.297,0.0309659107042619,"0","ST6GALNAC6"
8.46051586312461e-07,0.593999802883593,0.301,0.225,0.0309663341106224,"0","SLC19A2"
8.61167301453175e-07,0.621351212750159,0.296,0.219,0.0315195844004877,"0","MBTPS1"
8.72117647922051e-07,0.492116923029523,0.314,0.231,0.031920378031595,"0","HDDC2"
8.87762745151991e-07,0.345924119817131,0.366,0.278,0.032493004235308,"0","ROCK2"
9.63706509757415e-07,0.297795105480487,0.509,0.413,0.0352726219636311,"0","SDF4"
9.69833498705882e-07,0.38219149613675,0.432,0.337,0.035496875886134,"0","BAG3"
1.01127773521865e-06,0.464564030458496,0.319,0.244,0.0370137763867377,"0","RFNG"
1.07329634200687e-06,0.712874434120934,0.267,0.191,0.0392837194137933,"0","SIAH1"
1.08971750576099e-06,0.561398476095375,0.257,0.181,0.039884750428358,"0","MRPS18B"
1.11197502605372e-06,0.597011559532389,0.326,0.247,0.0406993979285921,"0","RIF1"
1.11978523554199e-06,0.441908536391095,0.348,0.266,0.0409852594060724,"0","PSMD3"
1.12815959965775e-06,0.410945333481498,0.418,0.331,0.0412917695070732,"0","RPL7L1"
1.18442529730154e-06,0.409118038550188,0.3,0.218,0.0433511503065337,"0","ZEB1"
1.20346748828078e-06,0.560318718260749,0.316,0.234,0.0440481135385649,"0","PPCS"
1.24015815773645e-06,0.635172463742943,0.257,0.182,0.0453910287313118,"0","ACAT1"
1.24403181574943e-06,0.458438147264245,0.272,0.193,0.045532808488245,"0","GALNT11"
1.24610657750762e-06,0.51639055318755,0.327,0.251,0.0456087468433565,"0","TIMMDC1"
1.26527492587451e-06,0.274383818702656,0.567,0.485,0.0463103275619328,"0","DPP7"
1.2755215102027e-06,0.667217435209591,0.305,0.233,0.0466853627949291,"0","MAPK3"
1.29106870071232e-06,0.426145690101134,0.365,0.282,0.0472544055147717,"0","AKR1B1"
1.35055099151056e-06,0.40851127084247,0.322,0.243,0.0494315168402779,"0","AGPAT2"
1.40641413675191e-06,0.551078244864201,0.363,0.288,0.0514761638192566,"0","MFF"
1.41242450088636e-06,0.436026613300003,0.37,0.293,0.0516961491569417,"0","SLC66A3"
1.45178592284093e-06,0.309016431889201,0.568,0.486,0.053136816561901,"0","UBE2V1"
1.50955574075957e-06,0.351688075109927,0.354,0.274,0.0552512496675412,"0","DPY30"
1.54604285217662e-06,0.461929088009913,0.376,0.3,0.0565867144325165,"0","PRCP"
1.55004898985099e-06,0.41315731512262,0.293,0.22,0.0567333430775362,"0","COA8"
1.57798631652774e-06,0.293832550370804,0.391,0.31,0.0577558771712317,"0","SPAG7"
1.60998871962208e-06,0.332334764662113,0.435,0.347,0.0589271971268876,"0","IFNGR2"
1.67620635849215e-06,0.386332656544863,0.534,0.438,0.0613508289271713,"0","PYURF"
1.80002824653436e-06,0.274447680970797,0.487,0.404,0.065882833851404,"0","PDCD6"
1.84348383675166e-06,0.329680037661048,0.439,0.354,0.0674733519089475,"0","APH1A"
1.89870456217338e-06,0.379379722097605,0.45,0.367,0.0694944856801079,"0","ANAPC5"
1.91501645559533e-06,0.350540394487462,0.389,0.31,0.0700915172912447,"0","SDHC"
1.93059795523549e-06,0.513679621643653,0.271,0.195,0.0706618157595743,"0","CD40"
2.03396386567983e-06,0.364093248179564,0.367,0.283,0.0744451114477474,"0","DCTN6"
2.06218640113832e-06,0.424005224558978,0.276,0.203,0.0754780844680638,"0","DDX1"
2.09037237667022e-06,0.386244319707905,0.442,0.357,0.0765097193585066,"0","TMEM208"
2.11245788867116e-06,0.707809768343626,0.281,0.204,0.077318071183253,"0","ARCN1"
2.1415810542404e-06,0.362709779241676,0.341,0.26,0.0783840081662528,"0","MRPL21"
2.26567294743322e-06,0.485207376006543,0.267,0.194,0.0829258955490031,"0","NPEPPS"
2.3048525583313e-06,0.44016186279941,0.453,0.381,0.0843599084874838,"0","MPC1"
2.32610292022751e-06,0.255496490673983,0.547,0.456,0.0851376929832472,"0","HADHA"
2.41258102235748e-06,0.562025959166537,0.275,0.198,0.0883028779993062,"0","ZCCHC17"
2.50698666582098e-06,0.532648424508405,0.334,0.254,0.0917582189557136,"0","DSE"
2.59335751564244e-06,0.569137634256419,0.275,0.195,0.0949194784300288,"0","NAAA"
2.81182990621833e-06,0.353505815760722,0.409,0.324,0.102915786397497,"0","HSD17B10"
2.8406020617741e-06,0.508706300003945,0.289,0.211,0.103968876062994,"0","MRPS26"
3.00680971213084e-06,0.414852862279888,0.322,0.241,0.110052242273701,"0","SREK1IP1"
3.12008027588927e-06,0.371380965381695,0.283,0.211,0.114198058177823,"0","LSM10"
3.12906903357427e-06,0.679312460150285,0.267,0.194,0.114527055697852,"0","CDC27"
3.29937144621311e-06,0.276300422655435,0.602,0.525,0.120760294302846,"0","EIF4H"
3.32534981213422e-06,0.259634138295517,0.308,0.233,0.121711128473924,"0","HDGFL3"
3.33209433702309e-06,0.675732276335455,0.274,0.202,0.121957984829382,"0","MPLKIP"
3.64513730516834e-06,0.284272077440618,0.331,0.248,0.133415670506466,"0","CTDSP1"
3.70581157441644e-06,0.613570200466192,0.3,0.226,0.135636409435216,"0","NARS"
3.95720419464806e-06,0.438530436216656,0.293,0.223,0.144837630728314,"0","ABL1"
4.0169551502264e-06,0.346161531178785,0.426,0.342,0.147024575453436,"0","MLEC"
4.05690652685825e-06,0.25424654251317,0.337,0.261,0.148486835789539,"0","CCDC82"
4.3957083490985e-06,0.473502704361176,0.374,0.304,0.160887321285354,"0","SUCLG1"
4.41502670096886e-06,0.32247434283847,0.396,0.323,0.161594392282161,"0","LSM2"
4.8698248392227e-06,0.553593644296095,0.254,0.184,0.17824045894039,"0","TARDBP"
5.08140757295825e-06,0.513815411576568,0.296,0.216,0.185984598577845,"0","HECTD1"
5.30906762978223e-06,0.513813640138892,0.29,0.219,0.194317184317659,"0","MCFD2"
5.51667284248239e-06,0.526629049477693,0.25,0.18,0.201915742707698,"0","MRPL38"
5.81237475534737e-06,0.831181375387985,0.252,0.177,0.212738728420469,"0","PLAU"
5.83180143375931e-06,0.432651381841464,0.252,0.178,0.213449764277025,"0","ZNF503"
5.89758771530403e-06,0.339325776392948,0.37,0.288,0.215857607967843,"0","CIR1"
5.94934750642603e-06,0.425248965540616,0.376,0.292,0.217752068082699,"0","SLC39A7"
6.01074758771878e-06,0.3213191682039,0.271,0.199,0.219999372458095,"0","ZNF22"
6.04846647805608e-06,0.380682099657231,0.261,0.192,0.221379921563331,"0","PIGP"
6.1925738327972e-06,0.437101493710255,0.338,0.262,0.22665439485421,"0","TPRKB"
6.39069605173661e-06,0.285114638834996,0.424,0.343,0.233905866189612,"0","MRPL32"
6.63026053210708e-06,0.37022494002531,0.259,0.186,0.242674165735651,"0","HMGXB4"
6.73880553621094e-06,0.477674005586478,0.411,0.341,0.246647021430857,"0","CDC26"
6.7560002957111e-06,0.425476682668067,0.388,0.309,0.247276366823322,"0","ZRANB2"
6.85511292259632e-06,0.442791675864187,0.327,0.254,0.250903988079948,"0","WBP4"
6.96480472532182e-06,0.2853589249913,0.341,0.263,0.254918817751504,"0","ERGIC2"
6.99603127993057e-06,0.473033683237548,0.331,0.256,0.256061740876739,"0","TOX4"
7.07221933052992e-06,0.356918620562494,0.453,0.373,0.258850299716726,"0","C1orf122"
7.16703692160066e-06,0.500388651281437,0.323,0.254,0.262320718367506,"0","TM9SF2"
7.19871192510097e-06,0.660504440063858,0.281,0.212,0.26348005517062,"0","MAPK6"
7.23133062702706e-06,0.367158002460305,0.42,0.339,0.264673932279818,"0","SUGT1"
7.8910025012976e-06,0.28494517346954,0.289,0.218,0.288818582549993,"0","PDHA1"
8.13816421416316e-06,0.46164289809664,0.311,0.242,0.297864948402586,"0","NDUFA8"
8.27333622176357e-06,0.604641983082622,0.252,0.179,0.302812379052768,"0","BLOC1S4"
8.27885260337916e-06,0.598331289517674,0.289,0.218,0.303014284136281,"0","ARHGAP18"
8.55591461948719e-06,0.666465649984667,0.268,0.201,0.313155030987851,"0","ERI3"
8.65233976005502e-06,0.463708460184538,0.388,0.299,0.316684287557774,"0","TXNDC5"
8.78631863968393e-06,0.25838451512942,0.403,0.321,0.321588048531072,"0","PSIP1"
8.94571002253982e-06,0.283029589595049,0.459,0.384,0.32742193253498,"0","FAM204A"
8.99835959411664e-06,0.453832960155182,0.381,0.308,0.329348959504263,"0","PPIL4"
9.0820602926262e-06,0.414935718929311,0.402,0.331,0.332412488770412,"0","COX14"
9.19862236209843e-06,0.670538528811183,0.253,0.184,0.336678777075165,"0","YAP1"
9.60514595858282e-06,0.315408958956437,0.516,0.446,0.35155794723009,"0","CYC1"
9.89810867854474e-06,0.337569791247579,0.365,0.294,0.362280675743416,"0","PAIP1"
1.0185901452628e-05,0.251756220056558,0.286,0.207,0.372814179067638,"0","PKN2"
1.02742776855351e-05,0.320901856418758,0.373,0.3,0.376048837568269,"0","ATXN10"
1.03919294194459e-05,0.417041530660316,0.275,0.205,0.380355008681138,"0","CERT1"
1.09618153594938e-05,0.462435395199964,0.374,0.299,0.401213403972834,"0","PMVK"
1.10001811285191e-05,0.466806754738253,0.373,0.304,0.402617629484926,"0","GLO1"
1.20652832989041e-05,0.476551763592946,0.287,0.217,0.441601434023188,"0","USE1"
1.20876279593503e-05,0.467086088491722,0.286,0.218,0.442419270940181,"0","MRPL16"
1.2403255116419e-05,0.757533139784919,0.252,0.188,0.453971540516052,"0","NCKAP1"
1.28758148489192e-05,0.607416603185177,0.356,0.286,0.471267699285292,"0","FKBP3"
1.30115207476229e-05,0.737806425683375,0.285,0.217,0.476234670883747,"0","TRIP11"
1.34915462158063e-05,0.377215289585431,0.359,0.289,0.493804083044725,"0","LMF2"
1.39375033016238e-05,0.323229664904678,0.366,0.301,0.510126558342732,"0","MRPL14"
1.42441814514682e-05,0.540837209346423,0.276,0.207,0.521351285305188,"0","LETMD1"
1.45597413436416e-05,0.558549905514069,0.275,0.206,0.532901092918627,"0","IP6K2"
1.49878569184319e-05,0.274494176466717,0.376,0.29,0.548570551071527,"0","SCARA5"
1.56399935978989e-05,0.330735457506949,0.442,0.364,0.572439405676697,"0","MT-ATP8"
1.60779836232365e-05,0.492745306335408,0.311,0.245,0.588470278594077,"0","PDE4DIP"
1.61515500942098e-05,0.370351663849192,0.475,0.4,0.591162884998172,"0","EMC4"
1.62235011095769e-05,0.409154120298018,0.451,0.383,0.593796364111623,"0","SNX6"
1.65681432771631e-05,0.634473278652461,0.253,0.187,0.606410612087446,"0","MRPS10"
1.65764618112724e-05,0.349312564885948,0.388,0.306,0.606715078754381,"0","RRAGC"
1.66247205460232e-05,0.454012900043617,0.282,0.213,0.608481396704997,"0","TAF12"
1.66572454321e-05,0.430997996887198,0.297,0.224,0.609671840060294,"0","NUB1"
1.95139877507648e-05,0.251527618975286,0.448,0.361,0.714231465665743,"0","TTC3"
1.97151728886321e-05,0.334624027929585,0.433,0.361,0.721595042896823,"0","ERCC1"
1.9965388502964e-05,0.51100998708479,0.311,0.247,0.730753184596986,"0","UBE2V2"
2.03490217871568e-05,0.608140226139381,0.263,0.195,0.744794546431728,"0","CKAP4"
2.06475316381758e-05,0.324551981905097,0.272,0.209,0.755720305488871,"0","STRN3"
2.10523292564271e-05,0.314454551545332,0.425,0.353,0.770536303114489,"0","UBE2R2"
2.3692136938569e-05,0.658623556579783,0.26,0.194,0.867155904088565,"0","SRGAP1"
2.42007019647938e-05,0.250633973993845,0.254,0.188,0.885769892613418,"0","RNF11"
2.45972548654212e-05,0.512518032176298,0.272,0.203,0.90028412532928,"0","BAZ1B"
2.58409601174112e-05,0.792211153114378,0.256,0.196,0.945804981257368,"0","MRPS28"
2.67407495372358e-05,0.409202000642012,0.352,0.287,0.978738173812366,"0","NPTN"
2.71773726613947e-05,0.346695548806261,0.325,0.257,0.994719016779706,"0","NAXE"
2.72336697575053e-05,0.452454611332405,0.301,0.238,0.99677954679445,"0","STX5"
2.77004426484432e-05,0.281466600838344,0.348,0.273,1,"0","SNX7"
2.78763351500179e-05,0.457615827812295,0.34,0.262,1,"0","KMT2A"
2.81035150798628e-05,0.521936025596933,0.301,0.237,1,"0","NUTM2A-AS1"
2.85145213876301e-05,0.340080072177041,0.343,0.268,1,"0","ANPEP"
2.93203984301789e-05,0.54605327042909,0.257,0.192,1,"0","SS18"
3.16430280458614e-05,0.617013963641102,0.257,0.198,1,"0","UBE2E2"
3.29667955017435e-05,0.310349745038994,0.326,0.255,1,"0","CRK"
3.3331053361611e-05,0.351215550963991,0.365,0.295,1,"0","MEAF6"
3.35068256298493e-05,0.351550470078209,0.267,0.207,1,"0","MAGEH1"
3.39038101661617e-05,0.349074462079805,0.278,0.211,1,"0","MAN1A2"
3.52726655984722e-05,0.298357238686827,0.442,0.371,1,"0","MLF2"
3.58049526753389e-05,0.461861743190574,0.29,0.227,1,"0","NDUFS2"
3.59103734642099e-05,0.497434720346873,0.27,0.205,1,"0","EXOSC8"
3.72155962316344e-05,0.287631484268348,0.337,0.272,1,"0","ADAM17"
3.82440137088084e-05,0.292470594282292,0.376,0.308,1,"0","WDR13"
4.12546228346038e-05,0.427273962625808,0.279,0.216,1,"0","THAP12"
4.17387719956668e-05,0.366030635194136,0.296,0.232,1,"0","ZFP91"
4.215119006093e-05,0.385540998540469,0.293,0.229,1,"0","ANTXR2"
4.36886413676125e-05,0.294679443683247,0.385,0.314,1,"0","MRPS36"
4.38090803438852e-05,0.330917037699715,0.272,0.211,1,"0","PTOV1"
4.40625711161684e-05,0.32446763214542,0.391,0.319,1,"0","NDUFS3"
4.87080391926773e-05,0.582429051383529,0.283,0.221,1,"0","CCNB1IP1"
4.90814414918736e-05,0.539483481133648,0.267,0.204,1,"0","PFDN6"
5.05969087024601e-05,0.616234501061745,0.283,0.218,1,"0","TMEM242"
5.09297051725448e-05,0.279181350945292,0.527,0.441,1,"0","MRPL51"
5.11586159021794e-05,0.525575333627315,0.25,0.19,1,"0","ATF7"
5.37280224787275e-05,0.544261070769685,0.282,0.225,1,"0","MRPL28"
5.37499745731427e-05,0.510755944242745,0.26,0.199,1,"0","SETD7"
5.37889522089011e-05,0.264700863109071,0.344,0.282,1,"0","YIPF5"
5.57875746131417e-05,0.363584870056344,0.373,0.304,1,"0","ASXL1"
6.08134035048897e-05,0.365901458479002,0.272,0.202,1,"0","MARCH6"
6.17651936447342e-05,0.577901968237871,0.287,0.225,1,"0","ECHDC1"
6.6199566859756e-05,0.29915191487094,0.393,0.33,1,"0","TMED3"
6.94878343999351e-05,0.279450927398274,0.558,0.471,1,"0","ATP5PB"
7.28767182031221e-05,0.695282474725962,0.257,0.202,1,"0","VPS25"
7.5889654273371e-05,0.356618406106134,0.384,0.32,1,"0","CD46"
7.60020008365901e-05,0.297926154230534,0.356,0.289,1,"0","LARP7"
7.60791355428967e-05,0.365045947084944,0.314,0.252,1,"0","TMEM126A"
7.61089836664742e-05,0.54297391870467,0.256,0.194,1,"0","VPS4A"
8.16004368674623e-05,0.57276210641015,0.281,0.223,1,"0","EIF2AK2"
8.27282462213391e-05,0.263199060529049,0.354,0.292,1,"0","RAD23B"
8.97930887889131e-05,0.353056279482369,0.512,0.445,1,"0","PRXL2C"
9.3949729216845e-05,0.296049583958351,0.267,0.204,1,"0","RTCB"
9.57162713897947e-05,0.49341582973093,0.263,0.202,1,"0","COMMD2"
9.7015281170835e-05,0.326727560717498,0.256,0.198,1,"0","NSMCE4A"
0.000105134878645406,0.458823086106941,0.296,0.234,1,"0","CHCHD5"
0.000113203731604053,0.556308433347866,0.263,0.203,1,"0","RDH11"
0.000117940344055572,0.456938151818441,0.312,0.254,1,"0","VBP1"
0.000122806561696094,0.374378167067398,0.319,0.26,1,"0","GOLIM4"
0.000125394195130164,0.425479990010641,0.336,0.274,1,"0","SKAP2"
0.000126861310763599,0.359167703577755,0.399,0.324,1,"0","COPS8"
0.000134916333214402,0.304898678307731,0.341,0.266,1,"0","KCNQ1OT1"
0.000142777243009645,0.316867091960809,0.278,0.219,1,"0","TTC1"
0.00014349233906118,0.256858040668208,0.384,0.327,1,"0","STX8"
0.000145789021788786,0.56962124981907,0.286,0.233,1,"0","AIDA"
0.000152609960658863,0.360225428868008,0.303,0.241,1,"0","MRPS22"
0.000159152966237381,0.279918205003345,0.378,0.319,1,"0","PEA15"
0.000160229670108754,0.258413689944519,0.418,0.348,1,"0","CMTM3"
0.000164651749264916,0.360599751487611,0.378,0.322,1,"0","HIKESHI"
0.000169568639011678,0.262289362388707,0.268,0.207,1,"0","COX11"
0.00017221120969652,0.491537138546912,0.26,0.202,1,"0","MED19"
0.000174698062061202,0.354502229761221,0.292,0.229,1,"0","FIP1L1"
0.000176281249827017,0.266869743947626,0.404,0.335,1,"0","AIP"
0.000183729276156897,0.313946257040165,0.264,0.205,1,"0","MTX1"
0.000183901487186197,0.545070991253855,0.278,0.223,1,"0","DERA"
0.000190946280032673,0.439464122449902,0.334,0.28,1,"0","PSENEN"
0.000203700301248029,0.25155258550529,0.344,0.288,1,"0","ANKRD10"
0.000205582248446573,0.251656143259567,0.498,0.43,1,"0","UQCRFS1"
0.000209381127110448,0.540848760819568,0.274,0.221,1,"0","FNDC3A"
0.000215222914742636,0.34230605978305,0.278,0.217,1,"0","AC100810.1"
0.000218964716531299,0.349147712759046,0.399,0.335,1,"0","CLINT1"
0.000225078612270073,0.424867653204242,0.271,0.211,1,"0","SCAMP2"
0.000234493490777623,0.476585682107493,0.292,0.234,1,"0","DNM1"
0.000241331421962932,0.357520094925326,0.325,0.26,1,"0","PLEKHA3"
0.000247080511491398,0.398515335744255,0.349,0.293,1,"0","TMEM248"
0.000269449343876251,0.283529300620338,0.287,0.224,1,"0","USP8"
0.000271373790968557,0.639792568027639,0.268,0.214,1,"0","KIFAP3"
0.000271679330352445,0.29752408914485,0.275,0.21,1,"0","GPATCH8"
0.000305055539105731,0.492103257112605,0.282,0.224,1,"0","CXXC5"
0.00032019100767738,0.428915313935531,0.305,0.25,1,"0","NUDCD2"
0.000322745845374564,0.465571374854128,0.316,0.255,1,"0","SMC3"
0.000341386940203623,0.410332630012259,0.257,0.202,1,"0","NTMT1"
0.000406788130245443,0.400285630571639,0.333,0.274,1,"0","EBNA1BP2"
0.000418360395106852,0.366560664772871,0.307,0.252,1,"0","CNOT4"
0.000429427023889806,0.27932823474104,0.354,0.295,1,"0","C1D"
0.000447973862410522,0.320206952560589,0.278,0.228,1,"0","KIAA0930"
0.000451270486933866,0.379344313777207,0.287,0.232,1,"0","CCDC115"
0.00049838606643608,0.638686516428665,0.309,0.261,1,"0","ACOT9"
0.000521205582686204,0.318409036013852,0.29,0.235,1,"0","EGLN2"
0.000524125510545387,0.292874179929311,0.407,0.353,1,"0","CNIH1"
0.000528359889010318,0.300440507939405,0.355,0.308,1,"0","AHCYL1"
0.000547134914406415,0.39702649494549,0.341,0.287,1,"0","HMG20B"
0.000553632682364164,0.517867954740031,0.276,0.227,1,"0","MPST"
0.000563734113030265,0.36495204302172,0.37,0.316,1,"0","CDC5L"
0.000578306585961691,0.367588236289078,0.333,0.275,1,"0","PBDC1"
0.000585988899186541,0.329969283007421,0.318,0.267,1,"0","PRPF31"
0.000586311353227483,0.277991672379053,0.293,0.236,1,"0","EHD2"
0.000592723509376528,0.377925594665296,0.257,0.208,1,"0","TATDN1"
0.000618492067615121,0.312693565603715,0.272,0.221,1,"0","ARL16"
0.000640868958322353,0.474654250227532,0.327,0.274,1,"0","CFAP298"
0.000669241949260983,0.553761274424362,0.253,0.204,1,"0","DCTD"
0.00067745341587004,0.35627146934068,0.402,0.352,1,"0","COX16"
0.000686933949981632,0.272541261136973,0.322,0.272,1,"0","ZYX"
0.000692358977784458,0.290161435690972,0.381,0.331,1,"0","NAA38"
0.000697759108956867,0.439872690404252,0.29,0.238,1,"0","GNL1"
0.000736985986139888,0.293530019258647,0.292,0.242,1,"0","HINT2"
0.000765984649229518,0.531599421253078,0.29,0.244,1,"0","MYOF"
0.00079868601099002,0.485796709520123,0.29,0.239,1,"0","NOLC1"
0.000845882727339075,0.44007379949644,0.329,0.28,1,"0","RNF187"
0.000871206498545419,0.408342938259752,0.256,0.206,1,"0","UBE2Q2"
0.000978815738728148,0.505987335037267,0.278,0.233,1,"0","SCOC"
0.00102225416163577,0.270464217514252,0.429,0.376,1,"0","MRPS15"
0.00109556933640236,0.298851367911635,0.297,0.247,1,"0","UBE2Q1"
0.00118101669196044,0.468432184659629,0.263,0.214,1,"0","MEA1"
0.00141597752193466,0.38887935431628,0.281,0.233,1,"0","CCDC25"
0.00155417458454371,0.356861521198335,0.287,0.241,1,"0","MRPL36"
0.00157116177185243,0.265618335512055,0.374,0.316,1,"0","RSF1"
0.00166775182742591,0.281463994384849,0.36,0.316,1,"0","VPS26A"
0.00187279206601273,0.520103581110422,0.304,0.254,1,"0","MIR222HG"
0.00188999159572142,0.266768479094212,0.377,0.328,1,"0","LRRFIP2"
0.00205005974937314,0.306117290442141,0.305,0.258,1,"0","SPTLC1"
0.0021247525114252,0.356163959847949,0.352,0.299,1,"0","OGFRL1"
0.00218034700792994,0.272385188765283,0.402,0.356,1,"0","PPP4C"
0.00223594434780227,0.368718857256095,0.287,0.242,1,"0","YIPF4"
0.00230828119013659,0.270959579942341,0.265,0.224,1,"0","CRYL1"
0.00231630265852037,0.395718690160859,0.305,0.261,1,"0","NDUFAF2"
0.00239654031258542,0.642650782889695,0.253,0.212,1,"0","ACTR1A"
0.00258732677828757,0.513279104170957,0.264,0.224,1,"0","KIF1B"
0.00263996867171094,0.340580998991304,0.268,0.224,1,"0","TADA3"
0.00265438662610517,0.262546181015916,0.34,0.292,1,"0","DYNC1LI1"
0.0035781149799628,0.260392355868339,0.309,0.263,1,"0","DNPH1"
0.00372360927426829,0.335787387222641,0.309,0.267,1,"0","HNRNPH2"
0.00376808528240294,0.418482291232484,0.298,0.255,1,"0","NSFL1C"
0.00379104770830866,0.508998711798154,0.27,0.228,1,"0","GOLPH3"
0.00381745270341713,0.276304138967423,0.275,0.228,1,"0","SUPT16H"
0.00388280126076519,0.457840172418424,0.283,0.243,1,"0","ISOC2"
0.00408139784212964,0.393474001518249,0.253,0.212,1,"0","UBE2J2"
0.00413198918890903,0.262497651967549,0.355,0.317,1,"0","RBCK1"
0.00415495143099603,0.282988997383296,0.285,0.241,1,"0","NIPSNAP2"
0.00439344724439302,0.273364309565734,0.349,0.306,1,"0","SNRPC"
0.00479760812683326,0.317976433596047,0.261,0.215,1,"0","PRKAA1"
0.00700740958249836,0.425535233146336,0.297,0.26,1,"0","TSSC4"
0.00750352231593626,0.329738105482428,0.252,0.213,1,"0","ANKLE2"
0.00770303145861381,0.25711299903387,0.645,0.603,1,"0","NR4A1"
0.00803772922379104,0.330520309521906,0.267,0.228,1,"0","PANX1"
0.00840022186662012,0.417751725860232,0.297,0.263,1,"0","IKBIP"
0.0087199080998556,0.283142304233054,0.252,0.21,1,"0","NRBF2"
0.00873441788882648,0.35955878730808,0.303,0.263,1,"0","CASC4"
0.00905811293129609,0.282438345170376,0.312,0.272,1,"0","MRPS34"
0.00948533438828945,0.270293698539082,0.309,0.27,1,"0","DYNLT3"
8.80522022298224e-150,2.03739202593315,0.74,0.168,3.22279865381373e-145,"1","AADAC"
3.42457912204487e-143,1.48563562327933,0.968,0.429,1.25343020445964e-138,"1","THY1"
5.80542354842244e-133,1.5551718448457,0.933,0.359,2.1248430729581e-128,"1","MEDAG"
7.34083095888818e-128,1.46720756022943,0.951,0.436,2.68681753926266e-123,"1","ECM1"
1.32258180918245e-124,1.20125814598287,1,0.564,4.84078167978867e-120,"1","COL6A2"
3.12896430157475e-124,1.30161022040807,0.995,0.536,1.14523222401937e-119,"1","COL6A1"
3.00372686626476e-121,1.36868784910539,0.94,0.402,1.09939407032157e-116,"1","EFEMP1"
4.54856817826751e-120,1.30681809974667,0.966,0.458,1.66482143892769e-115,"1","CLU"
6.18947094872196e-118,1.06556587219004,1,0.913,2.26540826194172e-113,"1","S100A6"
2.06482189614422e-116,1.32308404305048,0.969,0.445,7.55745462207744e-112,"1","COL6A3"
2.45906210572861e-114,1.48586803465074,0.901,0.359,9.00041321317729e-110,"1","MAP1B"
6.4589544751595e-114,1.17584770647906,0.984,0.486,2.36404192745313e-109,"1","MGST1"
1.14317188844245e-111,1.18491489922898,0.96,0.449,4.18412342888822e-107,"1","COL3A1"
5.50948960369e-110,1.76865130401904,0.735,0.224,2.01652828984658e-105,"1","AKR1C2"
8.80035197600683e-109,1.67430099967069,0.852,0.347,3.22101682673826e-104,"1","IGFBP3"
9.05084202357212e-107,1.33704036505423,0.912,0.372,3.31269868904763e-102,"1","TWIST1"
3.01427468673203e-105,1.12233791692322,0.968,0.48,1.10325467809079e-100,"1","CAV1"
3.5924079866651e-105,1.2360139020408,0.944,0.422,1.31485724719929e-100,"1","SRPX"
4.90829826124527e-105,1.25797531251807,0.989,0.513,1.79648624659838e-100,"1","IGFBP6"
1.54936713041884e-104,0.985759994267033,0.975,0.461,5.67083863404598e-100,"1","FSTL1"
2.92367318477787e-104,1.26318739393547,0.89,0.373,1.07009362236055e-99,"1","COL4A1"
1.61543181595285e-103,0.945010150050225,0.995,0.683,5.91264198956901e-99,"1","ANXA5"
7.0157803888507e-102,0.954137864444484,0.984,0.483,2.56784578012324e-97,"1","COL1A1"
1.12295859743554e-101,0.956930182662721,1,0.752,4.11014076247384e-97,"1","ANXA2"
3.08336764400089e-101,1.21141359914097,0.946,0.43,1.12854339138077e-96,"1","CTHRC1"
1.35334882314408e-99,1.03551257666806,0.955,0.434,4.95339202758965e-95,"1","HTRA1"
1.2457970137699e-98,1.29132242112873,0.906,0.401,4.5597416500992e-94,"1","RND3"
1.3025533488719e-98,0.975309182797398,0.982,0.554,4.76747551220604e-94,"1","CD59"
1.38824362497051e-97,1.08829827112215,0.971,0.541,5.08111049175455e-93,"1","CD9"
9.52128655698121e-97,0.906577273869656,1,0.898,3.48488609272069e-92,"1","S100A10"
3.67724128442574e-95,0.939234646202884,0.998,0.686,1.34590708251267e-90,"1","LAPTM4A"
3.67969096524114e-95,1.03993842384068,0.987,0.496,1.34680369018791e-90,"1","SOD3"
4.15952511031031e-95,1.10835462203323,0.998,0.513,1.52242778562468e-90,"1","CCDC80"
5.98034632541355e-95,1.27964177152057,0.803,0.289,2.18886655856461e-90,"1","COL5A2"
3.32843678604997e-94,1.14273981135185,0.984,0.514,1.21824114806215e-89,"1","NNMT"
1.27243329484813e-93,0.964805853440088,0.982,0.523,4.65723310247363e-89,"1","COL1A2"
3.1068580465664e-93,1.03870034381213,0.991,0.563,1.13714111362377e-88,"1","SERPINF1"
2.53402359950912e-92,1.23266561053697,0.787,0.286,9.27477977656334e-88,"1","ABI3BP"
3.40270402458039e-92,1.00807435559399,0.912,0.393,1.24542370003667e-87,"1","MFAP5"
2.30652383339977e-91,1.08375794357679,1,0.714,8.4421078826265e-87,"1","GSN"
4.48406425652522e-91,1.25251935178406,0.838,0.332,1.6412123585308e-86,"1","PDGFRA"
6.24625640077404e-91,0.98352301733018,0.966,0.496,2.2861923052473e-86,"1","SPARC"
3.37376848134975e-90,1.43675361758306,0.883,0.441,1.23483300185882e-85,"1","MT1M"
5.4739898666881e-90,1.1752343266248,0.816,0.324,2.00353503110651e-85,"1","AKR1C1"
2.24486582931501e-89,1.59603530763401,0.596,0.165,8.21643342187588e-85,"1","ADAMTS5"
1.35709711169179e-87,1.26635938564945,0.859,0.384,4.9671111385031e-83,"1","ERRFI1"
1.64128780082933e-87,1.37412562880212,0.63,0.18,6.00727747981543e-83,"1","SCARA3"
5.98012694748991e-87,1.05842798218869,0.958,0.49,2.18878626405078e-82,"1","CTSL"
4.16708426058004e-86,1.58436094854037,0.733,0.269,1.5251945102149e-81,"1","UGDH"
6.6092919111881e-86,1.04994069994278,0.933,0.449,2.41906693241396e-81,"1","GPNMB"
7.95898845445907e-86,0.942907574304908,0.823,0.315,2.91306936421656e-81,"1","RCN3"
2.10530293700948e-84,1.11498982749341,0.926,0.441,7.7056192797484e-80,"1","PLPP3"
3.7724019527733e-84,1.00277809121171,0.881,0.368,1.38073683873456e-79,"1","PDGFRL"
6.3006510227009e-84,1.04104214816426,0.868,0.358,2.30610128081876e-79,"1","MEG3"
1.70769255081649e-83,0.89243293192333,0.996,0.484,6.25032550524343e-79,"1","C1R"
1.99742665296017e-83,0.904080039574524,0.962,0.446,7.31078129249954e-79,"1","FBLN2"
2.85684452981795e-83,0.83532301005289,0.977,0.468,1.04563366635867e-78,"1","MMP2"
1.24845134309837e-82,1.05606231283426,0.921,0.433,4.56945676087435e-78,"1","LGALS3BP"
1.5445384052535e-82,0.845621608276909,0.953,0.44,5.65316501706834e-78,"1","C3"
4.22342099383891e-82,1.01041892419672,1,0.712,1.54581431795498e-77,"1","CFD"
1.19235235858909e-81,0.853214226788969,0.982,0.473,4.36412886767195e-77,"1","MFAP4"
1.38396015029024e-81,0.979950201018707,0.996,0.527,5.0654325460773e-77,"1","LUM"
4.06411056348891e-81,1.16844318278823,0.823,0.333,1.48750510734258e-76,"1","GPRC5A"
4.22542942827544e-81,0.981377186821442,0.827,0.34,1.54654942504309e-76,"1","VCAN"
5.14633890287482e-81,0.657096400745411,0.796,0.305,1.88361150184121e-76,"1","FBN1"
5.98873801445145e-81,0.902841933146144,0.978,0.545,2.19193800066938e-76,"1","TIMP2"
7.16019644759548e-81,1.50801576822173,0.556,0.156,2.62070350178442e-76,"1","SPRYD3"
1.0039993879956e-80,0.918328886215602,0.975,0.49,3.6747381600027e-76,"1","PMP22"
2.44438281048778e-80,0.867487111930529,0.966,0.452,8.94668552466632e-76,"1","FBLN1"
2.45609985068308e-80,1.16853243060106,0.839,0.368,8.98957106348513e-76,"1","RAMP2"
6.49233173863779e-80,1.03751786040961,0.83,0.366,2.37625833965882e-75,"1","COL4A2"
7.0803415633071e-80,0.936345260963768,0.964,0.513,2.59147581558603e-75,"1","CXCL14"
1.01270463030085e-79,1.11061167052321,0.892,0.461,3.70660021736415e-75,"1","UAP1"
1.93742514395554e-79,1.29606003490864,0.773,0.343,7.09116976939166e-75,"1","MT1A"
8.65040181649897e-79,1.41890022886754,0.579,0.167,3.16613356885679e-74,"1","PROCR"
8.92819269790152e-79,0.972458135876119,0.93,0.513,3.26780780935893e-74,"1","CYB5R3"
1.99146656808729e-77,1.04728242295105,0.848,0.38,7.2889667858563e-73,"1","FAM3C"
5.94004572669823e-77,1.01739787849927,0.724,0.263,2.17411613642882e-72,"1","PTGES"
1.35612292366507e-76,0.956298657615328,0.866,0.364,4.96354551290653e-72,"1","ANK2"
2.12449073443662e-76,1.20285246819781,0.666,0.216,7.77584853711147e-72,"1","SCARA5"
3.65226258686028e-76,1.63084146937882,0.585,0.183,1.33676462941673e-71,"1","SPOCK1"
6.16027007670167e-76,0.800700395675423,0.995,0.497,2.25472045077358e-71,"1","C1S"
1.29865190324478e-75,1.02246140515378,0.85,0.388,4.75319583106622e-71,"1","CALU"
1.31211136065394e-75,0.972049939938578,0.883,0.406,4.80245879112948e-71,"1","EMP2"
3.99251499522249e-75,1.19689736379474,0.666,0.237,1.46130041340138e-70,"1","GFPT2"
4.2505900719808e-75,1.06238114778952,0.821,0.34,1.55575847224569e-70,"1","SSPN"
6.40338192133302e-75,0.98584214107104,0.933,0.437,2.3437018170271e-70,"1","PRRX1"
1.22645543053138e-74,1.23767030822411,0.619,0.204,4.48894952128789e-70,"1","SNX7"
1.53907534652204e-74,0.781764084257436,0.829,0.349,5.63316967580533e-70,"1","IGFBP5"
2.14692246864564e-74,0.915627415566966,0.753,0.282,7.85795092748989e-70,"1","PRSS23"
8.23221399874414e-74,0.85714188803363,0.982,0.546,3.01307264568034e-69,"1","C11orf96"
1.30183691871481e-73,1.00730684256044,0.89,0.452,4.76485330618809e-69,"1","CYB5A"
2.47429057952324e-73,1.01612085950822,0.91,0.421,9.05615095011303e-69,"1","NTRK2"
2.49344699130315e-73,0.761220852703963,0.995,0.755,9.12626533286865e-69,"1","CD81"
2.90736905083415e-73,1.18387588184341,0.767,0.328,1.06412614629581e-68,"1","IL1R1"
3.35990451486008e-73,1.06799540188044,0.827,0.355,1.22975865148394e-68,"1","FERMT2"
3.85920312259621e-73,0.873521780195272,0.924,0.426,1.41250693490144e-68,"1","CTSK"
4.01716754172567e-73,0.803363648554525,0.973,0.533,1.47032349194701e-68,"1","MYC"
4.13849592727876e-73,0.926479386069568,0.704,0.268,1.5147308943433e-68,"1","PAM"
4.88323011073921e-73,0.864418351125452,0.937,0.443,1.78731105283166e-68,"1","PCOLCE"
6.84913570228716e-73,1.1700376510635,0.861,0.41,2.50685215839412e-68,"1","CCN1"
6.97980665213555e-73,0.914072158764012,0.901,0.403,2.55467903274813e-68,"1","DPT"
1.42318934383537e-72,0.855105901579647,0.991,0.507,5.20901531737182e-68,"1","PLAC9"
2.13894402200559e-72,0.85604750590129,0.939,0.437,7.82874901494267e-68,"1","RNASE4"
2.3020556679208e-72,1.06871954958281,0.904,0.444,8.42575395015691e-68,"1","APOE"
2.83275744203675e-72,1.22852540090647,0.744,0.293,1.03681755135987e-67,"1","DCLK1"
2.90649696548159e-72,0.809176929131419,0.948,0.482,1.06380695433592e-67,"1","CAVIN1"
3.02954983220055e-72,1.17818780526984,0.812,0.384,1.10884553408372e-67,"1","CCDC71L"
3.70141666314281e-72,0.744725603787924,0.998,0.776,1.3547555128769e-67,"1","S100A11"
4.35993461158957e-72,0.789839475551548,0.955,0.502,1.5957796671879e-67,"1","IGFBP4"
1.18037608635973e-71,0.813699928530148,0.989,0.513,4.32029451368525e-67,"1","SERPING1"
4.3635678153412e-71,1.14320739057252,0.762,0.328,1.59710945609303e-66,"1","METTL7A"
4.99175306313643e-71,1.08453840778758,0.565,0.178,1.82703153863857e-66,"1","ITGBL1"
9.43238359619296e-71,0.723843323108382,0.998,0.766,3.45234672004258e-66,"1","GPX4"
1.83254753819797e-70,0.717804822987778,1,0.786,6.70730724455841e-66,"1","CD63"
2.07566862081783e-70,0.734367338339228,0.962,0.476,7.59715471905533e-66,"1","CXCL12"
3.56438435149768e-70,1.13870621168335,0.733,0.298,1.30460031649166e-65,"1","LAMA4"
4.27861586408421e-70,0.681471927919189,0.904,0.402,1.56601619241346e-65,"1","TNXB"
1.79363191013916e-69,0.695707061919187,1,0.812,6.56487215430035e-65,"1","LGALS1"
3.27812302244128e-69,0.772553977893309,0.946,0.563,1.19982580744373e-64,"1","MT1E"
4.01679368873515e-69,0.818951102695438,0.98,0.506,1.47018665801395e-64,"1","S100A13"
4.35126379960188e-69,0.647966133784258,0.946,0.487,1.59260606329228e-64,"1","ADIRF"
9.66673578626806e-69,1.52104516036877,0.713,0.297,3.53812196513197e-64,"1","TNFAIP6"
1.41870629701119e-68,0.76751515000145,0.996,0.633,5.19260691769066e-64,"1","IFITM3"
3.70051641998349e-68,1.1026490155451,0.872,0.425,1.35442601487816e-63,"1","CCN2"
6.31786878296583e-68,0.665994809871584,0.984,0.491,2.31240315325333e-63,"1","CFH"
8.52282537131724e-68,0.840938499150332,0.971,0.52,3.11943931415582e-63,"1","TIMP3"
1.1777646488565e-67,0.831600968379016,0.798,0.33,4.31073639127967e-63,"1","PPIC"
1.56809088750024e-67,0.903837004062459,0.843,0.397,5.73936945733962e-63,"1","MXRA7"
1.93439970370783e-67,0.74785335423341,0.834,0.38,7.08009635554102e-63,"1","PXDC1"
2.63442044553945e-67,0.86406605360113,0.877,0.408,9.64224227271894e-63,"1","FGFR1"
3.46315723279494e-67,1.10209984517818,0.706,0.274,1.26755017877527e-62,"1","FAM114A1"
3.87441887068074e-67,1.59549723975846,0.525,0.164,1.41807605085786e-62,"1","SLC39A14"
4.39797743329994e-67,1.00482185957599,0.863,0.39,1.60970372036211e-62,"1","SLIT3"
6.50175770091104e-67,0.732384938053665,0.724,0.275,2.37970833611045e-62,"1","HTRA3"
1.14383398293659e-66,0.860329097441615,0.848,0.41,4.1865467609462e-62,"1","ARL2"
1.31672443045268e-66,0.844021834442075,0.986,0.622,4.81934308789984e-62,"1","EMP1"
1.88892049684461e-66,0.917932029289704,0.791,0.345,6.91363791050095e-62,"1","RCN1"
2.37189014758725e-66,0.871656486540147,0.814,0.36,8.68135512918408e-62,"1","ITIH5"
2.98052583885651e-66,0.912546604661119,0.755,0.325,1.09090226227987e-61,"1","LAMB2"
3.33150061281461e-66,0.733403883520731,0.968,0.467,1.21936253929627e-61,"1","CCN5"
3.9982359515562e-66,1.06865794066728,0.668,0.255,1.46339434062908e-61,"1","SLC27A3"
4.01570256650506e-66,0.7296583475339,0.783,0.324,1.46978729636652e-61,"1","PCOLCE2"
6.35134446807844e-66,0.635580816631758,0.971,0.438,2.32465558876139e-61,"1","NOVA1"
6.35594712391238e-66,1.12486970017978,0.708,0.281,2.32634020682317e-61,"1","COL12A1"
1.41254582910009e-65,0.602071495534464,1,0.964,5.17005898908923e-61,"1","VIM"
1.63693771256025e-65,1.01471347602752,0.747,0.31,5.99135572174178e-61,"1","LAMC1"
2.50534450714659e-65,0.996852086953466,0.904,0.475,9.16981143060723e-61,"1","FHL1"
3.19382865100879e-65,1.05935629923172,0.783,0.334,1.16897322455573e-60,"1","PODN"
5.83023659628811e-65,0.739320151153446,0.998,0.704,2.13392489660741e-60,"1","LGALS3"
5.84763752262836e-65,0.790483939902424,0.875,0.449,2.14029380965721e-60,"1","TUBB6"
9.23618752431239e-65,0.89466504684517,0.892,0.434,3.38053699577358e-60,"1","PLTP"
1.07264573256169e-64,0.661724867796114,0.944,0.471,3.92599064574904e-60,"1","AEBP1"
1.1815242389616e-64,1.27053625948931,0.57,0.183,4.32449686702334e-60,"1","AHNAK2"
2.36266359564795e-64,0.92307683781343,0.895,0.471,8.64758502643106e-60,"1","LEPROT"
2.40436393194233e-64,0.745540949001043,0.879,0.415,8.80021242730214e-60,"1","EPHX1"
9.9213846912033e-64,1.20780386906382,0.612,0.224,3.63132601082732e-59,"1","LAMA2"
1.0208124132116e-63,0.893911706806121,0.662,0.262,3.73627551359576e-59,"1","FKBP9"
1.57218433899954e-63,0.706966027246449,0.919,0.442,5.75435189917223e-59,"1","LRP1"
5.88700727326142e-63,0.974667444790149,0.735,0.301,2.15470353208641e-58,"1","CRABP2"
9.09765201258823e-63,0.885640528082923,0.693,0.275,3.32983161312742e-58,"1","PLPP1"
2.10480880474477e-62,0.610072401341293,0.924,0.419,7.70381070624634e-58,"1","GPC3"
4.11392731862629e-62,1.27920767679875,0.561,0.195,1.50573853789041e-57,"1","FNDC4"
6.52711547940342e-62,0.653549790997673,0.986,0.655,2.38898953661645e-57,"1","MGST3"
1.23508661499255e-61,2.07838085449573,0.283,0.045,4.52054051953424e-57,"1","AMPH"
1.37644187603163e-61,1.11958585588615,0.514,0.163,5.03791491046336e-57,"1","CILP"
1.45158056903739e-61,0.765444692603741,0.829,0.368,5.31293004073376e-57,"1","ANGPTL2"
2.25317433698803e-61,0.872782290836513,0.834,0.399,8.24684339080987e-57,"1","SPTBN1"
3.10244667958736e-61,1.09079907030769,0.511,0.154,1.13552650919577e-56,"1","HSD3B7"
3.66640087618289e-61,0.759635783037535,0.926,0.441,1.3419393846917e-56,"1","MXRA8"
3.73097632530129e-61,0.871288200290344,0.749,0.315,1.36557464482352e-56,"1","SGCE"
4.53909771445443e-61,1.05260523519954,0.588,0.211,1.66135515446747e-56,"1","ACVRL1"
5.01994004688133e-61,0.880050511983942,0.693,0.283,1.83734825655904e-56,"1","ITGB5"
5.09097582433548e-61,1.05227688013329,0.745,0.348,1.86334806146503e-56,"1","RRAS"
4.92010107028257e-60,0.772774859913592,0.993,0.721,1.80080619273412e-55,"1","TXN"
5.62820433941241e-60,1.35601424774429,0.616,0.243,2.05997907026834e-55,"1","TXNDC5"
5.8026222633687e-60,1.11834778594752,0.661,0.263,2.12381777461558e-55,"1","HSPB6"
7.97167515643955e-60,0.931025719884175,0.534,0.173,2.91771282400844e-55,"1","PTGIS"
8.76267844179792e-60,0.891018713095239,0.843,0.414,3.20722793648246e-55,"1","ZBTB16"
1.02286456074877e-59,0.881887584611915,0.834,0.415,3.74378657879659e-55,"1","PRDX4"
1.24791262816265e-59,1.02995658088631,0.708,0.293,4.56748501033811e-55,"1","SERPINH1"
1.2616313494833e-59,1.12273501755901,0.682,0.284,4.61769690224382e-55,"1","F3"
1.98794032465382e-59,1.06406638468155,0.601,0.222,7.27606038226545e-55,"1","EGFR"
5.22915136521204e-59,0.73459557441756,0.899,0.452,1.91392169118126e-54,"1","LIMA1"
1.1341134924944e-58,1.39381638546084,0.54,0.183,4.15096879387874e-54,"1","CERCAM"
1.50302981416023e-58,0.793182235440802,0.865,0.43,5.50123942280786e-54,"1","CAVIN3"
1.73712418635973e-58,0.726111575374808,0.989,0.534,6.35804823449527e-54,"1","SELENOM"
3.55389094247447e-58,1.22737257354233,0.664,0.271,1.30075962385508e-53,"1","SPSB1"
6.5727121085273e-58,1.05503506563795,0.641,0.246,2.40567835884208e-53,"1","NEXN"
1.03185979119399e-57,1.28906089165811,0.54,0.185,3.77671002174912e-53,"1","SRPX2"
1.05529259537649e-57,0.938353057652928,0.838,0.425,3.8624764283375e-53,"1","PGRMC1"
1.52650281312938e-57,0.812003004831122,0.715,0.29,5.58715294633483e-53,"1","CD248"
2.01044211760197e-57,0.654705802191317,0.937,0.545,7.35841919463495e-53,"1","FKBP1A"
2.60909750660204e-57,0.774829687137181,0.803,0.374,9.54955778391411e-53,"1","TFPI"
3.05686829382687e-57,0.724345898386201,0.776,0.345,1.11884436422357e-52,"1","PDGFRB"
5.23213719957514e-57,0.95234578825636,0.583,0.209,1.9150145364165e-52,"1","LOX"
7.20162097300515e-57,0.65457270288881,0.697,0.277,2.63586529232961e-52,"1","S100A16"
7.37275178744126e-57,1.15997596988687,0.623,0.243,2.69850088172138e-52,"1","COLEC12"
7.92819824074476e-57,0.56935745918639,0.901,0.449,2.90179983809499e-52,"1","GPX3"
8.88950399437677e-57,0.930690076759625,0.98,0.74,3.25364735698184e-52,"1","SOD2"
1.67193280643469e-56,0.805455968086887,0.673,0.274,6.11944126483159e-52,"1","GGT5"
2.19696374171788e-56,0.987443086669158,0.733,0.341,8.04110699106162e-52,"1","ANGPTL4"
2.64154054919104e-56,1.34891742077179,0.543,0.188,9.66830256409412e-52,"1","LINC02802"
1.79112259507835e-55,0.688557747393968,0.897,0.455,6.55568781024628e-51,"1","VKORC1"
2.08472943505515e-55,0.767256958386368,0.787,0.37,7.63031820524536e-51,"1","DAB2"
2.27306364611556e-55,0.547910900092707,0.877,0.431,8.31964025114756e-51,"1","SDC2"
2.5379135035847e-55,1.58104048433812,0.493,0.168,9.28901721447036e-51,"1","PANX1"
3.2604181625296e-55,0.803696668012276,0.785,0.352,1.19334565166746e-50,"1","CYGB"
3.3130331729975e-55,0.919444315029188,0.792,0.4,1.21260327164881e-50,"1","FGL2"
3.36495298458263e-55,0.660102582328937,0.857,0.397,1.23160644188709e-50,"1","FXYD1"
4.20765203266269e-55,0.755678647288072,0.901,0.501,1.54004272047487e-50,"1","KDELR2"
5.92996547954015e-55,1.24909983193108,0.569,0.212,2.17042666516649e-50,"1","COL15A1"
8.71878072515098e-55,0.783952648010473,0.814,0.373,3.19116093321251e-50,"1","FBLN5"
9.79720074738415e-55,0.614600252473485,0.996,0.863,3.58587344555007e-50,"1","PNRC1"
1.16872606329565e-54,0.777055954065078,0.708,0.296,4.27765426426842e-50,"1","NFIX"
1.50982321410283e-54,0.798533094506996,1,0.615,5.52610394593775e-50,"1","DCN"
1.56751880144305e-54,0.574302570787527,0.995,0.816,5.73727556516171e-50,"1","CD99"
2.03671007860394e-54,0.545654716713011,0.868,0.415,7.4545625586983e-50,"1","CYBRD1"
2.39605533649624e-54,0.777958946652594,0.834,0.402,8.76980213710988e-50,"1","NFIA"
2.80680037655515e-54,1.05162352793908,0.552,0.202,1.02731700582295e-49,"1","AGTR1"
1.25027839244366e-53,1.40372129882324,0.498,0.168,4.57614394418305e-49,"1","ANGPTL1"
1.28772752367027e-53,0.748768870506897,1,0.927,4.71321150938555e-49,"1","MT2A"
1.61711271816626e-53,0.676087060022124,0.971,0.667,5.91879425976033e-49,"1","RABAC1"
1.81624458285753e-53,0.452018969654135,0.991,0.527,6.64763679771685e-49,"1","APOD"
2.39668145932599e-53,0.741115761100973,0.913,0.543,8.77209380927905e-49,"1","TUBB"
2.51429048694002e-53,0.679647595426785,0.892,0.511,9.20255461124916e-49,"1","KDELR1"
2.58295814098612e-53,0.981088824300181,0.628,0.254,9.4538850918233e-49,"1","COL14A1"
2.83607888248804e-53,0.662157235700353,0.787,0.391,1.03803323177945e-48,"1","CDK2AP1"
3.47987684611311e-53,0.63032597460556,0.966,0.639,1.27366972444586e-48,"1","ARL6IP5"
5.95107177573753e-53,0.572012485647933,0.807,0.357,2.17815178063769e-48,"1","ADH1B"
6.96605874908284e-53,1.14404251102457,0.574,0.222,2.54964716275181e-48,"1","ENPP2"
9.9682957836898e-53,1.07245973044015,0.513,0.181,3.6484959397883e-48,"1","FOSL1"
1.32612550363546e-52,1.19767267276056,0.478,0.159,4.85375195585616e-48,"1","ZDHHC9"
1.37484441758324e-52,0.603336961314682,0.986,0.708,5.03206805279642e-48,"1","RTN4"
1.44327652809342e-52,1.12729416480927,0.588,0.237,5.28253642047473e-48,"1","CLIC4"
1.58560535886802e-52,0.723798145372624,0.87,0.459,5.80347417399284e-48,"1","CD151"
2.79834862281781e-52,0.575863693058297,0.987,0.701,1.02422357943755e-47,"1","EID1"
4.38660876044987e-52,0.586393851846477,0.944,0.47,1.60554267241226e-47,"1","NUPR1"
6.57418993571454e-52,0.697380405647441,0.794,0.388,2.40621925837088e-47,"1","EVA1B"
7.16895607501758e-52,0.850665356128252,0.644,0.265,2.62390961301718e-47,"1","CTTN"
8.18803056006153e-52,0.690700436736295,0.782,0.357,2.99690106528812e-47,"1","NFIB"
8.38709949679886e-52,0.920956304909255,0.711,0.323,3.06976228682335e-47,"1","ABL2"
1.22389409353161e-51,0.852261251006329,0.693,0.312,4.47957477173505e-47,"1","MTURN"
1.25547462139805e-51,0.631250429436718,0.845,0.459,4.595162661779e-47,"1","CAPN2"
1.81969866574019e-51,0.59129635271208,0.989,0.657,6.66027908647566e-47,"1","KLF4"
2.26974463988589e-51,0.646193513127102,0.917,0.591,8.30749235644633e-47,"1","EIF5A"
3.07763813890756e-51,1.21186281786856,0.464,0.147,1.12644633522156e-46,"1","GPC1"
4.8439980333781e-51,0.550642922741688,0.986,0.773,1.77295172019672e-46,"1","NME2"
1.02125197028206e-50,0.620719526912436,0.879,0.492,3.73788433642936e-46,"1","PIM1"
3.66761014891817e-50,0.666434964441196,0.791,0.382,1.34238199060554e-45,"1","GNG11"
4.00730065336166e-50,1.10027108278269,0.549,0.212,1.4667121121369e-45,"1","BICC1"
7.65582486403919e-50,1.05927782925616,0.606,0.242,2.80210845848698e-45,"1","ST6GALNAC6"
1.21016444285156e-49,1.21642956251656,0.502,0.18,4.429322877281e-45,"1","DNM1"
1.21746876411503e-49,1.02949588060004,0.56,0.231,4.45605742353741e-45,"1","FEM1C"
2.19506906861496e-49,0.780965444894363,0.751,0.327,8.0341722980376e-45,"1","EFEMP2"
2.53404042222087e-49,0.848459763897128,0.664,0.276,9.27484134937059e-45,"1","GNG12"
3.11614713406153e-49,0.694812835396487,0.773,0.361,1.14054101253786e-44,"1","COPZ2"
3.1508713906474e-49,0.86291064831874,0.659,0.275,1.15325043769086e-44,"1","OSR2"
3.83019050081654e-49,0.662283871785922,0.931,0.573,1.40188802520386e-44,"1","REEP5"
7.02359124010405e-49,0.780746890126236,0.827,0.445,2.57070462979049e-44,"1","IL6ST"
7.87405317829101e-49,1.12945503190466,0.406,0.125,2.88198220378629e-44,"1","MYO1D"
8.4252347081986e-49,0.662976919149422,0.998,0.88,3.08372015554777e-44,"1","S100A4"
1.10713743704216e-48,1.30794138873542,0.554,0.223,4.052233733318e-44,"1","CAB39L"
1.35905951988744e-48,0.768538827402416,0.484,0.172,4.97429374874002e-44,"1","COL5A1"
1.46165129453654e-48,0.603879397987097,0.789,0.405,5.34978990313319e-44,"1","ANXA4"
2.71318112635746e-48,0.628020783516623,0.939,0.594,9.93051424058092e-44,"1","KLF9"
3.20143720211663e-48,0.840244251114197,0.664,0.286,1.17175803034671e-43,"1","GAS1"
3.67649927512615e-48,0.561721993531919,0.664,0.286,1.34563549968892e-43,"1","CPXM1"
4.78482404181137e-48,0.907009371848549,0.621,0.259,1.75129344754338e-43,"1","OAF"
6.17377611046657e-48,0.885045073168775,0.634,0.263,2.25966379419187e-43,"1","PPL"
8.34801035977452e-48,1.12015391853476,0.652,0.286,3.05545527178107e-43,"1","VASN"
1.01681436985259e-47,0.671863527258363,0.803,0.405,3.72164227509747e-43,"1","UBE2E3"
1.11687279788396e-47,0.828125142350441,0.695,0.334,4.08786612753507e-43,"1","MAN1A1"
1.32542250126127e-47,0.472797872273527,0.984,0.503,4.85117889686636e-43,"1","CALD1"
1.59200409990277e-47,0.64591701912806,0.877,0.516,5.82689420605411e-43,"1","SRI"
1.59302011930561e-47,0.530917484787028,0.986,0.651,5.83061293867045e-43,"1","YBX3"
2.52676828068629e-47,0.72371251850934,0.686,0.312,9.24822458413988e-43,"1","SMIM14"
3.01435324097833e-47,0.674692581451111,0.758,0.348,1.10328342973048e-42,"1","NDN"
4.58414457610206e-47,0.832887765737538,0.704,0.339,1.67784275629912e-42,"1","LAMP2"
4.65645986200398e-47,1.21217412802435,0.453,0.154,1.70431087409208e-42,"1","SSC5D"
5.06681965689278e-47,0.802313713393204,0.708,0.332,1.85450666261933e-42,"1","HCFC1R1"
6.85788190994746e-47,0.708234530334494,0.722,0.344,2.51005335785987e-42,"1","CAPG"
9.89247392029416e-47,0.515573689029053,0.998,0.678,3.62074437956687e-42,"1","MGP"
1.74669276141187e-46,0.676577899892498,0.735,0.345,6.39307017604358e-42,"1","HSPG2"
1.7980243899398e-46,1.33167923817229,0.415,0.131,6.58094906961866e-42,"1","FGF2"
3.541950743009e-46,0.657506845652622,0.875,0.451,1.29638939144872e-41,"1","NFIC"
5.77855894387016e-46,0.712563399396543,0.661,0.298,2.11501035904592e-41,"1","CDC42EP4"
5.83933616445524e-46,0.881378306545015,0.625,0.27,2.13725542955226e-41,"1","PKIG"
9.02569807315853e-46,0.682276429129181,0.944,0.651,3.30349575175675e-41,"1","PRDX6"
9.78534950378944e-46,0.835005182498054,0.643,0.278,3.58153577188197e-41,"1","CHRDL1"
1.18426976391167e-45,1.11705500044521,0.52,0.2,4.33454576289312e-41,"1","KHDRBS3"
1.23828160271739e-45,0.386288717549899,0.69,0.316,4.53223449410592e-41,"1","TPM1"
1.40275261922309e-45,1.22411099646686,0.504,0.188,5.13421486161845e-41,"1","MYOF"
2.35726533429309e-45,0.563581608301589,0.989,0.748,8.62782685004614e-41,"1","PPIB"
2.3674951556968e-45,1.32985650709962,0.395,0.121,8.66526901936586e-41,"1","SERPINA5"
2.57073308941956e-45,0.589677502413036,0.894,0.512,9.40914018058453e-41,"1","TMEM14C"
2.92886428508247e-45,1.10400360977762,0.323,0.087,1.07199361698304e-40,"1","PDPN"
3.76771456343437e-45,0.632079732370933,0.596,0.241,1.37902120736261e-40,"1","MSX1"
6.0860531878932e-45,0.457232348486092,0.996,0.83,2.22755632730079e-40,"1","LDHA"
7.17294132053276e-45,1.90176969548778,0.314,0.083,2.62536825272819e-40,"1","GLIS3"
7.76855511692639e-45,0.873665246516052,0.617,0.263,2.84336885834623e-40,"1","RHOBTB3"
1.48428784491751e-44,0.769966459867067,0.574,0.236,5.43264194118257e-40,"1","CRISPLD2"
2.10990391502673e-44,0.37288462305689,0.78,0.365,7.72245931938934e-40,"1","CRYAB"
2.20764947531656e-44,1.04094111757187,0.462,0.163,8.08021784460614e-40,"1","HAS2"
4.25002924332506e-44,0.912011092784304,0.594,0.25,1.5555532033494e-39,"1","OGN"
4.75278040457663e-44,0.905975092192691,0.653,0.303,1.73956515587909e-39,"1","EBF1"
5.91033541539692e-44,0.867179648237089,0.581,0.246,2.16324186538943e-39,"1","ANKRD36C"
7.04766327323295e-44,1.19113421749023,0.556,0.252,2.57951523463599e-39,"1","SERPINE1"
7.4840726003e-44,0.784270893189058,0.81,0.449,2.7392454124358e-39,"1","TMED9"
8.36749883995334e-44,0.500724833022147,0.993,0.69,3.06258825041132e-39,"1","TIMP1"
8.5055500136552e-44,0.722674243460422,0.758,0.393,3.11311636049794e-39,"1","APP"
9.19683158575755e-44,0.818617694892445,0.751,0.373,3.36613232870312e-39,"1","EEA1"
9.21438549335454e-44,0.253540287254293,1,0.716,3.3725572344227e-39,"1","CST3"
1.11453609881904e-43,1.15315750721762,0.509,0.2,4.07931357528755e-39,"1","FSTL3"
1.25428182196908e-43,0.900592523249993,0.621,0.273,4.59079689658905e-39,"1","F10"
1.35424389982192e-43,0.695657094424614,0.783,0.396,4.95666809773821e-39,"1","CPQ"
1.54827931794005e-43,0.566442194305649,0.866,0.424,5.66685713159236e-39,"1","LHFPL6"
1.5864884744621e-43,0.755972065531626,0.711,0.321,5.80670646537873e-39,"1","CNN3"
1.60676882687424e-43,0.896117923446875,0.585,0.241,5.88093458324239e-39,"1","MAP1A"
1.93532567970222e-43,1.2043119304342,0.673,0.344,7.08348552027809e-39,"1","PLA2G2A"
1.95696545023301e-43,1.07149763559744,0.522,0.206,7.16268924439785e-39,"1","IL11RA"
2.02404818472385e-43,0.699490278706741,0.755,0.381,7.40821876090777e-39,"1","GINM1"
2.0911949271717e-43,0.578722400163729,0.717,0.346,7.65398255294114e-39,"1","ASPH"
2.8312450406343e-43,0.439129338355635,0.755,0.355,1.03626399732256e-38,"1","TMEM176B"
3.27494447815914e-43,1.02538742527471,0.502,0.189,1.19866242845103e-38,"1","PLSCR4"
3.29283663013106e-43,0.727695553810197,0.628,0.281,1.20521113499427e-38,"1","LGMN"
4.24113471698133e-43,1.61173026906147,0.338,0.096,1.55229771776233e-38,"1","GHR"
4.41432933125833e-43,0.4869280265025,0.563,0.221,1.61568867853386e-38,"1","COL18A1"
4.72584467749683e-43,0.659170521883216,0.783,0.378,1.72970641041062e-38,"1","REXO2"
5.51454966266371e-43,0.723624871908291,0.67,0.305,2.01838032203154e-38,"1","TRIP10"
7.47808005456495e-43,0.999561297089451,0.534,0.213,2.73705208077132e-38,"1","GPX8"
7.53209988707672e-43,0.750053036164156,0.664,0.31,2.75682387966895e-38,"1","ARL1"
8.33246183097064e-43,0.391007072716261,0.96,0.511,3.04976435475357e-38,"1","SELENOP"
1.13174598225372e-42,0.853338186405259,0.661,0.314,4.14230346964684e-38,"1","SESTD1"
1.34041144580312e-42,0.722481389946486,0.588,0.244,4.90603993278398e-38,"1","CHL1"
1.85676446349373e-42,0.704797139819842,0.749,0.375,6.79594361283341e-38,"1","BASP1"
1.93002707756807e-42,1.436892966146,0.39,0.131,7.06409210660688e-38,"1","EDNRB"
1.96798072644363e-42,0.623948737663247,0.708,0.324,7.20300625685632e-38,"1","CTSF"
2.01463968957777e-42,0.843050950664178,0.466,0.17,7.37378272782359e-38,"1","KDELR3"
2.31567755727531e-42,0.567948881794323,0.829,0.446,8.47561142738335e-38,"1","STOM"
2.4662701382999e-42,0.674119463480672,0.677,0.308,9.02679533319146e-38,"1","CD34"
2.48188156109707e-42,0.727742721984746,0.765,0.408,9.08393470177139e-38,"1","CCL2"
2.61061109790024e-42,0.437368706770265,0.839,0.535,9.55509767942466e-38,"1","MT1X"
2.89440238696056e-42,0.786876257456297,0.587,0.251,1.05938021765144e-37,"1","PRELP"
2.91627493591274e-42,0.350401256066745,0.971,0.582,1.06738578929342e-37,"1","EGR1"
3.86650419766888e-42,0.894379837920976,0.565,0.243,1.41517920138879e-37,"1","MAGI2-AS3"
4.06783959256545e-42,1.02270189216356,0.464,0.177,1.48886996927488e-37,"1","ADAMTSL4"
4.24940068742037e-42,0.42252444106723,0.818,0.384,1.55532314560273e-37,"1","RARRES2"
4.74421850109298e-42,0.797446591565402,0.603,0.263,1.73643141358504e-37,"1","COX7A1"
8.40888262120662e-42,0.537791471755114,0.648,0.286,3.07773512818783e-37,"1","TMEM176A"
1.15803355254256e-41,0.606424485582827,0.895,0.568,4.23851860566102e-37,"1","NDFIP1"
1.22194923518169e-41,0.54270217407209,0.989,0.745,4.4724563956885e-37,"1","SOCS3"
1.27855099478613e-41,0.432547340174101,0.773,0.363,4.6796244960167e-37,"1","OLFML3"
1.4191064237414e-41,1.17801285516176,0.453,0.172,5.19407142153592e-37,"1","APOC1"
1.57822423234907e-41,0.486923138268477,0.946,0.617,5.77645851282082e-37,"1","PRDX5"
2.28062247614066e-41,1.057345569409,0.545,0.233,8.34730632492244e-37,"1","FST"
2.42643762083709e-41,0.896744315160031,0.554,0.237,8.88100433602582e-37,"1","PID1"
2.71057074323053e-41,0.810287125912614,0.643,0.296,9.92095997729807e-37,"1","ARHGAP21"
2.91069554860292e-41,0.64949534031435,0.682,0.303,1.06534367774415e-36,"1","ISLR"
4.28155104315902e-41,1.94456617850084,0.283,0.072,1.56709049730663e-36,"1","MSC"
4.5403425991058e-41,0.694870966021294,0.709,0.358,1.66181079469871e-36,"1","GNG10"
4.57393747732991e-41,0.772511659034421,0.554,0.234,1.67410685607752e-36,"1","MRC2"
6.75162333243382e-41,0.774968064532841,0.551,0.23,2.4711616559041e-36,"1","ATL3"
7.91989006335186e-41,1.00068641607245,0.491,0.197,2.89875896208741e-36,"1","NID1"
9.86041947790209e-41,0.941667759057421,0.625,0.306,3.60901213310694e-36,"1","MID1IP1"
1.24927661179964e-40,0.555296280027302,0.922,0.553,4.57247732684785e-36,"1","NENF"
1.45467719233394e-40,0.97490428844929,0.567,0.246,5.32426399166147e-36,"1","SLC39A7"
1.59290663844998e-40,1.20551126518475,0.386,0.131,5.83019758739076e-36,"1","MASP1"
1.78470211238455e-40,0.73595035000171,0.448,0.161,6.53218820153868e-36,"1","GJA1"
1.9270705120514e-40,0.660890952760448,0.767,0.403,7.05327078115935e-36,"1","TNFRSF1A"
2.46114970661244e-40,1.00705096758435,0.516,0.211,9.0080540411722e-36,"1","CD276"
3.31593417079987e-40,0.532706099119292,0.839,0.458,1.21366506585446e-35,"1","TCF4"
3.74097173084996e-40,0.481656717003577,0.901,0.554,1.36923306320839e-35,"1","TMBIM4"
7.68640021945584e-40,0.758700652481353,0.469,0.179,2.81329934432303e-35,"1","ABL1"
8.5407483677467e-40,0.444380424795454,0.978,0.66,3.12599931007897e-35,"1","PSAP"
8.65107980231659e-40,0.871172206252967,0.538,0.226,3.1663817184459e-35,"1","DBN1"
8.77742365651197e-40,0.679736827645202,0.52,0.211,3.21262483251995e-35,"1","FKBP10"
9.47787677012989e-40,0.997901680973855,0.587,0.261,3.46899767663524e-35,"1","PGRMC2"
1.59866764526213e-39,0.914049710014419,0.616,0.286,5.85128344842392e-35,"1","USP53"
1.80991502125851e-39,0.477954638089644,0.995,0.727,6.62446996930828e-35,"1","CEBPD"
1.82309438611787e-39,1.31598451700848,0.404,0.141,6.67270776263002e-35,"1","CYP7B1"
2.27917180900044e-39,0.609533558931661,0.859,0.518,8.34199673812252e-35,"1","LAMP1"
2.54220767751177e-39,0.859466481867158,0.558,0.237,9.30473432046083e-35,"1","A4GALT"
2.65387972233059e-39,0.992434610943368,0.513,0.206,9.71346517170219e-35,"1","RBFOX2"
4.30573920341947e-39,0.828471548981238,0.489,0.196,1.57594360584356e-34,"1","COL16A1"
4.30612690024969e-39,1.37833841461022,0.31,0.09,1.57608550676039e-34,"1","MME"
5.46950063905586e-39,0.499911537790206,0.957,0.682,2.00189192890084e-34,"1","TMEM59"
5.94215966890238e-39,0.59584171001577,0.69,0.32,2.17488986041496e-34,"1","TSHZ2"
6.99570464439779e-39,0.803909805399012,0.588,0.266,2.56049785689604e-34,"1","SNTB2"
7.37508430234833e-39,0.930293873480406,0.576,0.251,2.69935460550251e-34,"1","MPZL1"
7.49975814061653e-39,1.21976220585791,0.448,0.177,2.74498647704706e-34,"1","HILPDA"
1.08265623099854e-38,1.18632677738225,0.442,0.165,3.96263007107775e-34,"1","STEAP1"
1.20297434402509e-38,0.879049252856751,0.543,0.225,4.40300639656624e-34,"1","ANG"
1.29304569733672e-38,0.538256150583704,1,0.877,4.73267655682212e-34,"1","ANXA1"
1.36876658056991e-38,0.797883424398608,0.572,0.252,5.00982256154394e-34,"1","TGFB1I1"
1.54473639580627e-38,0.645790238446538,0.567,0.244,5.65388968229053e-34,"1","TWIST2"
1.99184354464195e-38,0.515333986110889,0.718,0.359,7.29034655774399e-34,"1","ADD3"
3.77257428535696e-38,0.881526124983133,0.668,0.357,1.3807999141835e-33,"1","TNFRSF12A"
4.42994319347407e-38,0.643994964747147,0.523,0.221,1.62140350824344e-33,"1","SH3D19"
4.77811334865014e-38,0.489547410729577,0.874,0.554,1.74883726673944e-33,"1","RHOB"
5.56774901854277e-38,0.51717084726919,0.847,0.476,2.03785181827684e-33,"1","PPP1R14B"
5.57421543026285e-38,0.599674332422568,0.711,0.376,2.0402185896305e-33,"1","PPP1CC"
5.67061791876514e-38,1.02185164888746,0.433,0.161,2.07550286444723e-33,"1","GCLM"
6.45632195142669e-38,0.537559534139594,0.567,0.246,2.36307839744168e-33,"1","TGFBR3"
8.23371947583206e-38,0.472180855896893,0.511,0.214,3.01362366534929e-33,"1","PCYOX1"
8.82167884867149e-38,1.24929204859524,0.372,0.126,3.22882267540225e-33,"1","STXBP6"
9.74888564797416e-38,0.763921870614718,0.612,0.273,3.56818963601502e-33,"1","LARP6"
9.98978933837856e-38,1.01135917198886,0.498,0.21,3.65636279573994e-33,"1","SH3GL1"
1.04063834453605e-37,0.650145608458863,0.735,0.37,3.80884040483641e-33,"1","PSMB5"
1.09202137906347e-37,1.36400949169659,0.305,0.09,3.9969074495102e-33,"1","NPR1"
1.19019936752786e-37,0.486017751717856,0.942,0.624,4.35624870508872e-33,"1","DAD1"
1.24061460885969e-37,0.807462292984041,0.572,0.252,4.54077352988734e-33,"1","GSTM3"
1.25991554884558e-37,0.571999814197905,0.673,0.316,4.61141690032972e-33,"1","TCEAL9"
1.39411261822119e-37,0.642315888720957,0.61,0.283,5.10259159395137e-33,"1","ACKR3"
1.52660640054328e-37,0.526394590474796,0.995,0.728,5.58753208662846e-33,"1","CEBPB"
1.67729529633189e-37,0.543685325386133,0.969,0.635,6.13906851410435e-33,"1","ARID5B"
1.90819897059419e-37,0.652651088886255,0.722,0.366,6.98419905227179e-33,"1","LMAN1"
2.00159468700878e-37,1.31916469014336,0.303,0.09,7.32603671392084e-33,"1","CCN3"
2.21755533663014e-37,1.14911995771926,0.496,0.204,8.11647428759998e-33,"1","PDLIM4"
3.21673441495399e-37,1.23090233419746,0.419,0.158,1.17735696321731e-32,"1","PROS1"
3.83786863699128e-37,0.571661399657427,0.684,0.329,1.40469829982518e-32,"1","AKR1C3"
3.89397526666696e-37,0.4276720763705,0.991,0.799,1.42523388735277e-32,"1","MYL12B"
3.92384526416525e-37,0.703462234761192,0.841,0.539,1.43616660513712e-32,"1","WTAP"
4.18005986590131e-37,0.795537539141812,0.561,0.254,1.52994371151854e-32,"1","AXL"
7.61685015903631e-37,0.685258358548699,0.787,0.439,2.78784332670888e-32,"1","HSBP1"
7.6675750643806e-37,0.632464818129173,0.679,0.348,2.80640914931394e-32,"1","DPYSL2"
8.863619229075e-37,0.768673971470357,0.594,0.287,3.24417327403374e-32,"1","RTL8C"
8.96340268949395e-37,1.20518181155718,0.365,0.127,3.28069501838168e-32,"1","MIR100HG"
1.01362131032196e-36,1.19873380326866,0.403,0.148,3.70995535790939e-32,"1","YAP1"
1.04705752466178e-36,0.678760614327258,0.655,0.312,3.83233524601458e-32,"1","C1orf21"
1.06608516107255e-36,0.883340919323494,0.466,0.186,3.90197829804164e-32,"1","SLC19A2"
1.13943209246513e-36,0.88386909278282,0.484,0.195,4.17043540163162e-32,"1","TXLNG"
1.14155350329953e-36,0.74119827049526,0.724,0.382,4.17819997742662e-32,"1","FUNDC2"
1.32336255725238e-36,0.611595975129206,0.498,0.201,4.84363929579945e-32,"1","DDX3Y"
2.21667722954812e-36,0.604474658329118,0.829,0.488,8.11326032786907e-32,"1","PHPT1"
2.42628020724356e-36,0.786370532341319,0.435,0.165,8.88042818653214e-32,"1","MAGEH1"
3.01223017861719e-36,0.87235473047078,0.592,0.277,1.10250636767568e-31,"1","COPS8"
3.06743855449301e-36,0.706722170906188,0.57,0.277,1.12271318532999e-31,"1","IL6"
3.29213818902733e-36,0.554298346048205,0.773,0.415,1.20495549856589e-31,"1","PDLIM2"
3.80801158554242e-36,0.866783312655709,0.529,0.225,1.39377032042438e-31,"1","PARVA"
4.3964275938435e-36,0.434355451141205,0.903,0.532,1.60913646362266e-31,"1","DDAH2"
5.45934354195826e-36,1.01636000679145,0.457,0.18,1.99817432979214e-31,"1","VIT"
8.12611010109404e-36,0.734583597456467,0.65,0.328,2.97423755810143e-31,"1","SLC25A33"
8.82557411319127e-36,0.612302462642057,0.87,0.571,3.23024838116914e-31,"1","DDX21"
9.03230141719906e-36,0.819864435352161,0.428,0.165,3.30591264170903e-31,"1","ITPKC"
1.16553622528886e-35,0.766873779855071,0.558,0.257,4.26597913817974e-31,"1","CAMK2D"
1.39938493427064e-35,0.681921985824498,0.558,0.24,5.12188879792396e-31,"1","CRNDE"
1.62105388938448e-35,0.511768598497933,0.8,0.43,5.93321934053614e-31,"1","TSPAN4"
1.64891492844998e-35,0.742088993665012,0.455,0.183,6.03519352961977e-31,"1","OLFML2B"
1.66099361734179e-35,0.498985273504082,0.702,0.359,6.07940273883269e-31,"1","REV3L"
1.83628901621661e-35,0.545649105269344,0.653,0.334,6.72100142825443e-31,"1","CCDC47"
1.88060850269621e-35,0.486226375682637,0.767,0.438,6.88321518071838e-31,"1","UGP2"
1.89071031141938e-35,0.798636749879029,0.572,0.263,6.92018881082609e-31,"1","FUCA2"
2.86576402447058e-35,0.598117690400727,0.729,0.383,1.04889829059648e-30,"1","JDP2"
4.33002571717479e-35,0.828243188002795,0.531,0.234,1.58483271274314e-30,"1","ECM2"
5.61184401101135e-35,0.728602700404879,0.513,0.227,2.05399102647026e-30,"1","ANPEP"
5.97106543035722e-35,0.872367920973901,0.428,0.166,2.18546965816505e-30,"1","SAMD4A"
6.23687612068958e-35,0.693672812856341,0.711,0.38,2.28275902893359e-30,"1","PLAAT3"
7.93831072843691e-35,0.506506321115184,0.958,0.689,2.90550110971519e-30,"1","ZFP36L1"
8.09870693100917e-35,0.643427839437735,0.704,0.377,2.96420772381867e-30,"1","TAX1BP3"
8.50742855642513e-35,0.51510744560854,0.875,0.541,3.11380392593716e-30,"1","ARF4"
1.21673305968589e-34,1.43278821355346,0.361,0.13,4.45336467175631e-30,"1","GALNT15"
1.22152090849367e-34,1.18721388504671,0.39,0.147,4.47088867717768e-30,"1","CRAT"
1.3206520686673e-34,0.700680116708665,0.597,0.28,4.83371863652918e-30,"1","CHIC2"
1.41965485370196e-34,1.29394303729799,0.348,0.125,5.19607873003454e-30,"1","SERPINA3"
1.53213520106083e-34,1.00582169264106,0.347,0.118,5.60776804940275e-30,"1","SLC66A1L"
1.53425605117655e-34,0.544450554463428,0.666,0.347,5.6155305729113e-30,"1","HDLBP"
1.60305935575883e-34,0.67048789792737,0.493,0.203,5.86735754801291e-30,"1","EMILIN1"
2.19049953488001e-34,0.905858002534538,0.572,0.273,8.01744734761431e-30,"1","NME1"
2.33446089131977e-34,0.431483699868116,0.96,0.662,8.54436030831948e-30,"1","NUCKS1"
2.64033076423902e-34,0.709895755686153,0.457,0.183,9.66387463019125e-30,"1","RECK"
3.20625082428175e-34,0.642034510628698,0.74,0.415,1.17351986419536e-29,"1","PDK4"
3.97873896937029e-34,0.595172832460778,0.621,0.284,1.45625825017922e-29,"1","XG"
4.06184124244817e-34,0.707834181362078,0.576,0.263,1.48667451314845e-29,"1","VAT1"
4.54970971639939e-34,0.588438515226744,0.534,0.232,1.66523925329934e-29,"1","THBS2"
4.76243940408854e-34,0.700540314530735,0.625,0.31,1.74310044629045e-29,"1","EPS8"
5.00402875084675e-34,0.802289615045878,0.578,0.278,1.83152456309742e-29,"1","RUNX1"
5.01765217197894e-34,1.16656305805789,0.388,0.143,1.83651087146601e-29,"1","LPAR1"
5.61205697211802e-34,0.782375046608245,0.572,0.272,2.05406897236492e-29,"1","PITPNB"
5.91182039942864e-34,1.09057271946213,0.421,0.164,2.16378538439488e-29,"1","TPST1"
9.16671771048962e-34,0.681196309581077,0.72,0.366,3.3551103492163e-29,"1","MAGED2"
9.87218543587956e-34,1.06134589891222,0.439,0.177,3.61331859138628e-29,"1","OMD"
1.01002709748709e-33,0.560272259630668,0.758,0.414,3.6968001795125e-29,"1","ADH5"
1.15818372260765e-33,0.415099309086782,0.836,0.489,4.23906824311627e-29,"1","CYSTM1"
1.24488454826627e-33,0.723758036532861,0.529,0.233,4.55640193510937e-29,"1","TCF7L2"
1.3856373731867e-33,0.99105923398005,0.283,0.083,5.07157134960063e-29,"1","CYP4B1"
1.39241744152086e-33,0.526908679830048,0.681,0.352,5.09638707771051e-29,"1","CZIB"
1.44266577356503e-33,0.685160146654191,0.569,0.258,5.28030099782536e-29,"1","TMEM98"
1.80079476630941e-33,0.78436284747095,0.401,0.156,6.59108892416906e-29,"1","SPRED1"
1.85840505804425e-33,1.28638525220082,0.336,0.113,6.80194835294777e-29,"1","FMOD"
2.32943083417142e-33,0.324681709525337,0.838,0.494,8.52594979615081e-29,"1","TYMP"
2.329971850821e-33,0.716789890416499,0.561,0.256,8.52792997118995e-29,"1","TUSC1"
2.39963593362121e-33,0.52333964423413,0.606,0.296,8.782907480647e-29,"1","BAG3"
3.24799545496311e-33,0.572575661782813,0.809,0.471,1.18879881647105e-28,"1","MORF4L2"
3.74072151113975e-33,0.481801579894303,0.717,0.371,1.36914148029226e-28,"1","TMEM109"
4.96598576741364e-33,0.825081207728957,0.477,0.203,1.81760045073107e-28,"1","SNX21"
5.75178915016623e-33,1.26648068558347,0.321,0.106,2.10521234685234e-28,"1","SNED1"
5.80916063738904e-33,0.403266377459793,0.96,0.677,2.12621088489076e-28,"1","NDUFS5"
6.15631340938846e-33,0.854380091384869,0.534,0.247,2.25327227097027e-28,"1","LINC00342"
6.95449216904537e-33,0.414720018995123,0.984,0.744,2.54541367879229e-28,"1","GSTP1"
7.44480264919515e-33,0.599028993324438,0.809,0.493,2.72487221763192e-28,"1","SEPTIN2"
9.53845457667416e-33,0.318022133031431,0.693,0.347,3.49116975960851e-28,"1","MFGE8"
1.11961503738246e-32,0.963975488760271,0.399,0.157,4.09790299832356e-28,"1","SMARCA1"
1.1604920089762e-32,0.91120843911538,0.415,0.159,4.24751680205378e-28,"1","EPN2"
1.39902805763992e-32,1.27423585990265,0.361,0.131,5.12058259376789e-28,"1","EMX2OS"
1.46899661628092e-32,1.00617647643007,0.426,0.17,5.37667451524981e-28,"1","CMBL"
1.55650440746126e-32,0.959536848379098,0.426,0.176,5.69696178174895e-28,"1","PKDCC"
1.64346821959897e-32,0.352961541332254,0.475,0.195,6.01525803055419e-28,"1","PIP4P2"
2.16277271522363e-32,0.910680828235041,0.498,0.222,7.91596441498999e-28,"1","FOXO3"
2.22836505211163e-32,0.514111305393516,0.628,0.301,8.15603892723378e-28,"1","ELN"
2.35330276883537e-32,0.256575332676838,0.693,0.315,8.61332346421433e-28,"1","RPS4Y1"
2.61862947873644e-32,0.485906850911782,0.884,0.545,9.58444575512324e-28,"1","H2AFJ"
2.77992462554513e-32,1.44466362137843,0.298,0.095,1.01748021219577e-27,"1","S1PR3"
2.83828773984118e-32,0.564982639922291,0.552,0.261,1.03884169565927e-27,"1","MAP3K20"
2.87195374560258e-32,0.52259015399307,0.453,0.186,1.051163790428e-27,"1","NOP16"
2.90699764198998e-32,0.570537519694764,0.505,0.235,1.06399020694475e-27,"1","ITGA5"
3.10530543095529e-32,0.806328983695459,0.565,0.272,1.13657284078395e-27,"1","NAA50"
3.81294354715815e-32,0.4995783445114,0.857,0.51,1.39557546769535e-27,"1","RHEB"
5.3124668454112e-32,0.676510099431146,0.46,0.194,1.94441599008895e-27,"1","EHD2"
8.92600360323327e-32,0.964249802459254,0.336,0.118,3.26700657881941e-27,"1","LINC00702"
1.205960676156e-31,0.371469117111129,0.998,0.871,4.41393667079858e-27,"1","ITM2B"
1.23140089484697e-31,0.791385117751061,0.608,0.311,4.50705041522938e-27,"1","CNIH4"
1.26659954499234e-31,0.730240011949547,0.579,0.288,4.63588099462647e-27,"1","DBNDD2"
2.06449333395059e-31,0.657524008662982,0.597,0.298,7.55625205159254e-27,"1","YIF1A"
2.17842768473352e-31,0.808769151728831,0.419,0.17,7.97326316889315e-27,"1","PALM"
2.26312261654894e-31,0.6723835764318,0.856,0.546,8.28325508883076e-27,"1","EIF1B"
2.38359891879149e-31,0.7572623224614,0.643,0.331,8.72421040266875e-27,"1","ADI1"
2.83206677454518e-31,0.473093844963572,0.442,0.183,1.03656476015128e-26,"1","NT5E"
2.84470233006826e-31,0.875667995316251,0.522,0.24,1.04118949982828e-26,"1","PRRX2"
4.07456124099135e-31,1.3084586885463,0.361,0.137,1.49133015981524e-26,"1","RASL11A"
4.24977569593002e-31,0.626005762216235,0.507,0.221,1.55546040246734e-26,"1","ABLIM1"
5.5920667677006e-31,0.474843998660636,0.616,0.32,2.0467523576461e-26,"1","SLC39A1"
5.82367944818696e-31,0.844766426231933,0.525,0.253,2.13152491483091e-26,"1","SMIM3"
6.08887017086044e-31,0.609740828695481,0.547,0.258,2.22858737123663e-26,"1","TPPP3"
6.51311260717751e-31,0.695846678691034,0.579,0.284,2.38386434535304e-26,"1","TMED3"
6.84605278334929e-31,0.612085911962957,0.569,0.285,2.50572377923368e-26,"1","CD36"
6.94085119669599e-31,0.529500553758439,0.605,0.289,2.5404209465027e-26,"1","LTBP4"
7.90975483153341e-31,0.888759616390141,0.386,0.156,2.89504936588954e-26,"1","C2"
9.85321677112261e-31,0.491521393364625,0.819,0.485,3.60637587039859e-26,"1","ITGB1BP1"
1.2423307337431e-30,0.77635069572282,0.518,0.244,4.54705471857313e-26,"1","BOD1"
1.53692747406646e-30,0.732950682808031,0.46,0.207,5.62530824783064e-26,"1","PALM2-AKAP2"
1.59905220572782e-30,0.61962157866511,0.569,0.283,5.85269097818441e-26,"1","LRRC59"
1.93254661640542e-30,0.453495375862986,0.908,0.585,7.07331387070549e-26,"1","ITGB1"
2.16441091871479e-30,0.866033429257634,0.307,0.105,7.92196040358802e-26,"1","AOX1"
2.37923580081158e-30,1.1019194809724,0.341,0.125,8.70824095455048e-26,"1","GNPNAT1"
2.46571255903814e-30,0.371451257189611,0.643,0.337,9.0247545373355e-26,"1","CAMTA1"
2.74554920171529e-30,0.989275642082287,0.401,0.16,1.00489846331981e-25,"1","CDC42EP5"
2.8307647788979e-30,1.34583819621165,0.334,0.123,1.03608821672442e-25,"1","ALDH1A3"
3.3352221548857e-30,0.496795795551465,0.94,0.709,1.22072466090972e-25,"1","RAN"
3.39231823708117e-30,0.658236067947313,0.5,0.218,1.24162239795408e-25,"1","CAV2"
3.43434299093576e-30,0.499697555360654,0.948,0.619,1.2570038781124e-25,"1","RNH1"
3.47625967847931e-30,0.701036434455518,0.422,0.173,1.27234580492021e-25,"1","ARHGAP24"
4.56462588913172e-30,1.38361381311631,0.339,0.129,1.6706987216811e-25,"1","ARC"
4.5981757719103e-30,0.387300254633602,0.978,0.67,1.68297831427689e-25,"1","PRDX1"
5.09415743243197e-30,0.965912684983383,0.386,0.157,1.86451256184443e-25,"1","TMEM47"
5.84674020265979e-30,0.477115867216678,0.861,0.558,2.13996538157551e-25,"1","PLP2"
6.06794060600493e-30,0.551554582192073,0.702,0.402,2.22092694120386e-25,"1","DEGS1"
6.29500755499946e-30,0.467486260338421,0.733,0.403,2.30403571520535e-25,"1","NUCB2"
7.5854046827008e-30,0.510281484224801,0.774,0.456,2.77633396791532e-25,"1","SELENOS"
8.02433744091668e-30,0.324644451409449,0.588,0.285,2.93698774674992e-25,"1","MLF1"
8.09980455987988e-30,0.933357295158654,0.412,0.169,2.96460946696163e-25,"1","COBLL1"
1.09265284364954e-29,0.589282959418555,0.735,0.436,3.99921867304167e-25,"1","SNX9"
1.09927905553376e-29,1.13024311419908,0.341,0.128,4.02347127115912e-25,"1","FAT1"
1.13821487273342e-29,0.513284424077815,0.39,0.151,4.16598025569158e-25,"1","LMOD1"
1.25599745731942e-29,0.791020119517226,0.419,0.175,4.5970762935348e-25,"1","TCF7L1"
1.30956890865921e-29,0.713933289427859,0.28,0.092,4.79315316258359e-25,"1","SLC9B2"
1.31749274696988e-29,0.701561145767414,0.417,0.174,4.82215520318444e-25,"1","ADAM9"
1.37640656774844e-29,0.566032883573863,0.588,0.3,5.03778567861607e-25,"1","PLIN3"
1.42812133111631e-29,1.19338253228561,0.305,0.103,5.2270668840188e-25,"1","BACE1"
1.45766347784543e-29,1.01470174988632,0.379,0.15,5.33519409526207e-25,"1","OSMR"
1.54591697002799e-29,0.606231761520214,0.554,0.278,5.65821070199946e-25,"1","NFATC2"
1.66346767720142e-29,0.816743545538487,0.475,0.214,6.08845804532491e-25,"1","PHLDA3"
1.772567195896e-29,0.921309405416186,0.404,0.166,6.48777319369897e-25,"1","TMEM119"
2.30683568847021e-29,1.06106287158698,0.329,0.119,8.44324930336982e-25,"1","LINC01116"
2.66970477195774e-29,0.403455082099517,0.958,0.721,9.77138643584251e-25,"1","RHOA"
3.02992468668454e-29,0.464479889309429,0.874,0.569,1.10898273457341e-24,"1","TMEM50A"
3.78368683417602e-29,0.407160664557168,0.875,0.54,1.38486721817676e-24,"1","BSG"
3.80394973642829e-29,0.644229577297445,0.625,0.333,1.39228364303012e-24,"1","ADM"
3.87199641858987e-29,0.741657489464968,0.489,0.231,1.41718940916808e-24,"1","TRIB1"
3.92114067874159e-29,0.635348608017812,0.628,0.332,1.43517669982621e-24,"1","SEC31A"
4.97492232596818e-29,0.518237998844121,0.603,0.31,1.82087132052761e-24,"1","TMED5"
5.23646745412458e-29,0.563587471120686,0.679,0.369,1.91659945288414e-24,"1","PTTG1IP"
5.44860350065842e-29,0.67757729838964,0.412,0.175,1.99424336727599e-24,"1","OLFML1"
5.52390600606051e-29,0.771388776650627,0.345,0.13,2.02180483727821e-24,"1","TMEM54"
7.43696361733994e-29,0.383536242078003,0.536,0.254,2.72200305358259e-24,"1","HSPB2"
7.95518206901809e-29,0.751312730780602,0.41,0.171,2.91167618908131e-24,"1","PPFIBP1"
1.1463720633756e-28,0.552828424025572,0.444,0.199,4.19583638916102e-24,"1","CUTC"
1.32365033970431e-28,0.737488415530961,0.529,0.274,4.84469260835176e-24,"1","RRAGC"
1.43054305054974e-28,0.501001355991778,0.677,0.359,5.23593061931709e-24,"1","CNPY2"
1.46888479382998e-28,0.551354488199365,0.643,0.334,5.37626523389709e-24,"1","ZBTB20"
1.6836605022294e-28,0.801436850181915,0.523,0.256,6.16236580420983e-24,"1","PLBD1"
2.11451544683451e-28,0.622803875129153,0.596,0.308,7.739337986959e-24,"1","SRM"
2.22305536917165e-28,0.508121626380367,0.81,0.492,8.13660495670515e-24,"1","PDIA6"
2.35631531012491e-28,0.556272101833168,0.468,0.213,8.62434966658818e-24,"1","ITGAV"
2.87451599919343e-28,0.310232405526903,0.767,0.444,1.05210160086479e-23,"1","TOMM5"
3.05604957123532e-28,0.801172324287732,0.634,0.348,1.11854470356784e-23,"1","TENT5A"
3.08471481063977e-28,1.05362714041813,0.356,0.139,1.12903646784226e-23,"1","CLEC3B"
3.09806777414427e-28,0.767232416376555,0.408,0.174,1.13392378601455e-23,"1","CLMP"
3.14161057967212e-28,0.893533577208317,0.464,0.216,1.14986088826579e-23,"1","TMED7"
3.42025871022547e-28,0.533432851666442,0.599,0.309,1.25184889052962e-23,"1","IFNGR2"
3.456999216847e-28,1.34913524802675,0.314,0.117,1.26529628335817e-23,"1","PTPRG"
3.5128770890228e-28,0.777575528976861,0.495,0.231,1.28574814335324e-23,"1","AK3"
3.66969527197062e-28,0.275177788614468,0.819,0.483,1.34314516649397e-23,"1","VEGFB"
3.85696890816089e-28,1.06251759000548,0.276,0.093,1.41168919007597e-23,"1","FMO1"
3.96971694146577e-28,0.807053554389772,0.401,0.167,1.45295609774589e-23,"1","IPO5"
4.02019275628004e-28,0.441996999658417,0.791,0.459,1.47143075072606e-23,"1","ESD"
4.07418156311137e-28,0.596659969309397,0.547,0.275,1.49119119391439e-23,"1","DYNC1I2"
4.46454681030025e-28,0.746578386587988,0.31,0.113,1.63406877803799e-23,"1","TSPAN15"
4.91736750437407e-28,0.657968824578938,0.536,0.265,1.79980568027595e-23,"1","TXNDC15"
5.3467941163796e-28,0.996518554681195,0.374,0.15,1.9569801145361e-23,"1","P4HA2"
6.09345749995253e-28,1.00174729409034,0.356,0.14,2.23026637955762e-23,"1","GBE1"
6.48391877586519e-28,1.1855049286976,0.273,0.092,2.37317911115442e-23,"1","PTGER3"
6.57296498627677e-28,0.970148985569192,0.455,0.216,2.40577091462716e-23,"1","MIR222HG"
6.66787317967149e-28,0.404979421895556,0.662,0.339,2.44050826249156e-23,"1","PIGT"
7.97121247697018e-28,0.622813547088612,0.561,0.283,2.91754347869586e-23,"1","CHMP2B"
8.43069670843466e-28,0.355414131974714,0.975,0.708,3.08571930225417e-23,"1","RAC1"
8.97763668568903e-28,0.377116728541277,0.834,0.485,3.28590480332904e-23,"1","PPA1"
1.05152149520768e-27,0.558715788219358,0.605,0.321,3.84867382460963e-23,"1","MAFB"
1.06116726926479e-27,0.810029185359885,0.415,0.177,3.88397832223608e-23,"1","KIFAP3"
1.13659019052766e-27,0.53206314800228,0.549,0.271,4.16003375635029e-23,"1","SPART"
1.14855521792801e-27,0.443854041176192,0.879,0.533,4.2038269531383e-23,"1","MYDGF"
1.22791111644642e-27,0.770716412404707,0.408,0.177,4.49427747730556e-23,"1","RNF146"
1.27665382472628e-27,1.02481552810114,0.338,0.13,4.67268066388064e-23,"1","TUSC3"
1.30431443914445e-27,0.883231148593941,0.435,0.195,4.77392127871261e-23,"1","HOMER3"
1.42468728302266e-27,1.11016445012322,0.345,0.135,5.21449792459125e-23,"1","CHST7"
1.47921275732587e-27,0.329508723578562,0.635,0.322,5.41406661308842e-23,"1","BDH2"
1.62682915239009e-27,0.600031426963639,0.7,0.386,5.95435738066298e-23,"1","RTN3"
1.72769118387832e-27,0.509235025505102,0.532,0.254,6.32352250211304e-23,"1","PERP"
1.73620315114188e-27,0.746166893829803,0.507,0.246,6.35467715349441e-23,"1","ROCK2"
1.75357098370087e-27,0.439459065087097,0.854,0.523,6.41824515744355e-23,"1","OSTC"
1.76590825801591e-27,0.345759161627128,1,0.933,6.46340081516402e-23,"1","MT-ND3"
1.9969120979481e-27,0.681589401145329,0.437,0.189,7.30889796969986e-23,"1","SGCB"
2.07039402475556e-27,0.568118962157778,0.688,0.383,7.57784917000783e-23,"1","RAB34"
2.07053829609689e-27,1.15960535826237,0.262,0.084,7.57837721754421e-23,"1","LIFR"
2.099547070937e-27,0.504051734965751,0.561,0.284,7.68455223433651e-23,"1","PTPRA"
2.10635850655734e-27,0.70108488578131,0.484,0.229,7.70948276985052e-23,"1","CDK4"
2.14186517005751e-27,0.898743921091745,0.374,0.154,7.83944070892749e-23,"1","POGLUT3"
2.16094832476544e-27,0.602266869871934,0.552,0.278,7.90928696347398e-23,"1","PLAGL1"
2.23507844736485e-27,1.4028384732203,0.258,0.083,8.1806106252001e-23,"1","KCTD3"
2.37519853456959e-27,0.328110788675923,0.625,0.323,8.69346415637816e-23,"1","BEX3"
2.69051276119375e-27,0.904215498718925,0.37,0.149,9.84754575724523e-23,"1","CNRIP1"
3.10998779893523e-27,0.535097283263509,0.422,0.185,1.13828663428828e-22,"1","ZNF358"
3.27255788556989e-27,0.339776645966895,0.834,0.523,1.19778891169744e-22,"1","PKM"
3.63159249127901e-27,0.756337574386645,0.379,0.158,1.32919916773303e-22,"1","NCKAP1"
3.64162387871107e-27,0.631786538616699,0.253,0.08,1.33287075584704e-22,"1","BMPER"
3.84392253185089e-27,0.835051496939101,0.395,0.165,1.40691408588274e-22,"1","CISD1"
3.91278808178463e-27,0.896275188614564,0.449,0.207,1.43211956581399e-22,"1","C5orf15"
3.93663041337066e-27,0.552785244024112,0.551,0.269,1.4408460975978e-22,"1","TMBIM1"
4.20951212141534e-27,0.295610027817351,0.588,0.286,1.54072353155923e-22,"1","CKS1B"
4.32334462356296e-27,0.598134788326193,0.469,0.213,1.58238736567028e-22,"1","PLEKHH2"
4.70849276838454e-27,0.451967025601913,0.791,0.47,1.72335543815642e-22,"1","HNRNPR"
4.82758009327052e-27,0.745392927904557,0.556,0.298,1.76694258993794e-22,"1","PTEN"
4.90500284024438e-27,0.456687022679888,0.468,0.217,1.79528008955785e-22,"1","IMP4"
4.93763559558098e-27,0.471985458963547,0.814,0.496,1.80722400433859e-22,"1","CLTB"
5.05535187026283e-27,0.423292496458513,0.67,0.371,1.8503093380349e-22,"1","ABHD5"
5.21010454042781e-27,0.685627541452118,0.671,0.374,1.90695036284198e-22,"1","NDUFAF3"
5.63915200189059e-27,0.617040592244923,0.621,0.331,2.06398602421197e-22,"1","IFT57"
5.78184979971103e-27,0.359040741337492,0.5,0.243,2.11621484519224e-22,"1","NIFK"
6.04529577656515e-27,0.801680742947193,0.422,0.186,2.21263870718061e-22,"1","DDR2"
6.62787230703514e-27,0.597678089948315,0.446,0.206,2.42586754309793e-22,"1","LTBR"
6.90048341985673e-27,0.560208680255298,0.303,0.107,2.52564593650176e-22,"1","DKK3"
8.08541270722981e-27,0.377432955326316,0.722,0.398,2.95934190497318e-22,"1","SYPL1"
8.62072743155265e-27,1.18024291808116,0.287,0.102,3.15527244722258e-22,"1","VGLL3"
9.23003098451961e-27,0.497898863798144,0.621,0.323,3.37828364064402e-22,"1","ILK"
9.28733935785991e-27,0.81705241833769,0.379,0.16,3.39925907837031e-22,"1","SFRP2"
9.35733722318979e-27,0.291359578809365,0.493,0.225,3.42487899705969e-22,"1","SASH1"
1.00891404202152e-26,0.991327228840413,0.345,0.137,3.69272628520297e-22,"1","IRX2"
1.01797904831216e-26,0.549981826488076,0.671,0.375,3.72590511472735e-22,"1","AKR1A1"
1.04500313869659e-26,0.929417232339563,0.39,0.168,3.82481598794341e-22,"1","SETD7"
1.11418204280924e-26,0.500018817484682,0.861,0.571,4.0780176948861e-22,"1","POLR2L"
1.21474412889209e-26,0.591150171940892,0.431,0.195,4.44608498615793e-22,"1","METRN"
1.37473969893943e-26,0.481648335310012,0.67,0.361,5.03168477208819e-22,"1","TMEM35B"
1.67160993982498e-26,0.733924630727677,0.468,0.216,6.11825954075339e-22,"1","SPTLC1"
1.80169372664397e-26,0.434696082302459,0.944,0.698,6.59437920888959e-22,"1","SDCBP"
1.94641208765638e-26,0.379495545696995,0.89,0.553,7.12406288203112e-22,"1","YWHAE"
2.06971212883277e-26,0.750342458835773,0.442,0.201,7.5753533627408e-22,"1","MAPK3"
2.16571952346723e-26,0.333860320284448,0.543,0.275,7.9267500278424e-22,"1","IFI27"
2.465391278784e-26,0.394182630611403,0.839,0.531,9.0235786194773e-22,"1","P4HB"
2.64195878523336e-26,0.621709057050087,0.72,0.413,9.66983334983263e-22,"1","MRPS24"
2.6426832006744e-26,0.551876175628455,0.592,0.309,9.67248478278837e-22,"1","TMEM43"
2.78387322492138e-26,0.381366021591394,0.928,0.621,1.01892543905348e-21,"1","SNX3"
3.35085940771512e-26,0.626497493535503,0.487,0.226,1.22644805181781e-21,"1","GLT8D1"
3.63258948059648e-26,0.485737794864326,0.477,0.22,1.32956407579312e-21,"1","RASSF8"
4.44836213167028e-26,0.386434742393246,0.755,0.448,1.62814502381264e-21,"1","TMED2"
5.16104559919296e-26,0.65195712020737,0.493,0.234,1.88899429976062e-21,"1","TMEM159"
5.23530583566553e-26,0.808896168014742,0.462,0.221,1.91617428891194e-21,"1","NDUFAF2"
5.76542012893458e-26,0.356696247919794,0.657,0.362,2.11020142139135e-21,"1","TSC22D1"
6.04278149322146e-26,0.652527732930771,0.453,0.216,2.21171845433399e-21,"1","TP53I3"
6.17566201277578e-26,0.498615456284972,0.525,0.27,2.26035405329606e-21,"1","YWHAG"
6.69193074775578e-26,0.438697413768698,0.634,0.33,2.44931357298609e-21,"1","TCEAL4"
6.71012217822441e-26,0.597469199237776,0.46,0.212,2.45597181845192e-21,"1","TNNT3"
6.72338316798296e-26,1.15540817841474,0.283,0.101,2.46082547331344e-21,"1","TEAD1"
6.825679751605e-26,0.424066644350551,0.325,0.124,2.49826704588495e-21,"1","SEMA3C"
8.22473962176504e-26,0.424398486009541,0.711,0.395,3.01033694896222e-21,"1","ATP5MC1"
8.52887692247946e-26,0.44241566404991,0.686,0.382,3.12165424239671e-21,"1","HM13"
8.72178139379946e-26,0.555056771023153,0.623,0.327,3.19225920794454e-21,"1","BAD"
9.04895745822091e-26,0.944778571696673,0.37,0.158,3.31200891928343e-21,"1","YIPF2"
9.36819761405257e-26,0.569204735033373,0.653,0.357,3.42885400871938e-21,"1","YWHAH"
9.67301235951259e-26,0.477540961915683,0.529,0.266,3.5404192537052e-21,"1","TSPAN3"
1.03387347194475e-25,0.873779228896617,0.366,0.15,3.78408029466498e-21,"1","LINC02762"
1.15121901302973e-25,0.499747166400696,0.543,0.273,4.2135767095901e-21,"1","PALLD"
1.16207954745712e-25,1.44089810291086,0.256,0.087,4.25332735164782e-21,"1","TBX3"
1.16681147503605e-25,0.561662116430788,0.579,0.304,4.27064667977944e-21,"1","CREG1"
1.27595287382143e-25,0.430927313218193,0.771,0.468,4.67011511347381e-21,"1","TRAM1"
1.40682034866407e-25,0.784633230222592,0.383,0.165,5.14910315814536e-21,"1","AHCTF1"
1.43235701275657e-25,0.800232044011643,0.365,0.152,5.24256990239033e-21,"1","MEST"
1.60838230373661e-25,0.531170183043115,0.628,0.329,5.88684006990635e-21,"1","HEBP1"
1.62561033713497e-25,0.489611792904742,0.697,0.386,5.94989639494772e-21,"1","PCMT1"
1.62899848803361e-25,0.397557163139516,0.482,0.228,5.96229736605181e-21,"1","FNDC3B"
1.67557050401412e-25,0.76710204453468,0.395,0.171,6.13275560174209e-21,"1","PLXDC1"
2.00254693494173e-25,0.454550570559024,0.917,0.599,7.32952203658023e-21,"1","SPCS2"
2.12663622795769e-25,0.381606225529731,0.852,0.546,7.78370125794796e-21,"1","SEC61G"
2.52447300775027e-25,0.670621211106268,0.366,0.153,9.23982365566677e-21,"1","PTGFR"
2.74120638846969e-25,0.503634196742928,0.5,0.244,1.00330895024379e-20,"1","C15orf61"
3.03309657328306e-25,1.04219569472905,0.294,0.107,1.11014367678733e-20,"1","AR"
3.13931720975371e-25,0.804534659644522,0.343,0.139,1.14902149194196e-20,"1","ADAM33"
3.16748517794669e-25,0.492487801308059,0.704,0.398,1.15933124998027e-20,"1","COPS6"
3.24045656632076e-25,0.325630569286948,0.643,0.335,1.18603950783906e-20,"1","TGFBR2"
3.64818352406372e-25,0.330790145818806,0.522,0.254,1.33527165164256e-20,"1","DLC1"
3.71818759094427e-25,0.843116145564889,0.484,0.24,1.36089384016151e-20,"1","GNA11"
3.97880484547433e-25,0.379310240024965,0.854,0.59,1.45628236149206e-20,"1","CTSD"
4.06555825807738e-25,0.678503314268816,0.495,0.243,1.4880349780389e-20,"1","CDIPT"
4.14109734862018e-25,1.32848369412757,0.323,0.135,1.51568304056847e-20,"1","PTX3"
4.35862525865568e-25,0.328969378714219,0.8,0.481,1.59530043092057e-20,"1","PFDN2"
4.42255322098181e-25,0.252147513183306,0.931,0.634,1.61869870441155e-20,"1","NAMPT"
4.49781993107421e-25,0.473081259842774,0.518,0.257,1.64624707297247e-20,"1","PAIP1"
4.73552569716291e-25,0.870006704696763,0.312,0.118,1.7332497604186e-20,"1","EXT2"
4.766473669502e-25,0.404700211197209,0.857,0.542,1.74457702777443e-20,"1","SELENOF"
5.33304633309994e-25,0.650310575837826,0.623,0.345,1.95194828837791e-20,"1","IMPDH2"
5.43340075038597e-25,0.593005166301332,0.464,0.217,1.98867900864877e-20,"1","SEPTIN10"
5.932610136189e-25,0.463470575860707,0.648,0.366,2.17139463594654e-20,"1","SAR1A"
6.17522297815845e-25,0.383444056521416,0.464,0.216,2.26019336223578e-20,"1","WASL"
7.17858338090469e-25,0.521083389147,0.708,0.419,2.62743330324493e-20,"1","MDH1"
7.3616104496704e-25,0.900658963391051,0.343,0.137,2.69442304068386e-20,"1","FAM92A"
7.51863544706433e-25,0.346368173194542,0.798,0.485,2.75189575998002e-20,"1","TMEM230"
8.43804974778802e-25,0.689097977012888,0.446,0.214,3.08841058818789e-20,"1","NRIP1"
8.47920881642622e-25,0.360069310856135,0.457,0.208,3.10347521890016e-20,"1","FAM126A"
1.03595898898533e-24,0.861475516311179,0.307,0.116,3.7917134955852e-20,"1","C19orf12"
1.04918837226599e-24,0.695708670715587,0.298,0.114,3.84013436133075e-20,"1","ACO1"
1.07454630774857e-24,0.825827577629056,0.33,0.13,3.93294694099055e-20,"1","ZFHX4"
1.16710843900731e-24,0.946561509532399,0.399,0.177,4.27173359761067e-20,"1","MANBAL"
1.1714496310812e-24,0.402525911343226,0.818,0.513,4.28762279472032e-20,"1","APLP2"
1.22166092018543e-24,1.33692793214902,0.255,0.089,4.4714011339707e-20,"1","IGF2BP2"
1.22239637474985e-24,0.471618781661966,0.695,0.397,4.47409297122194e-20,"1","TUBB2A"
1.34120597706314e-24,0.972136626262091,0.321,0.129,4.90894799664882e-20,"1","S1PR2"
1.35274828582659e-24,0.499470883603624,0.617,0.328,4.95119400095389e-20,"1","KDSR"
1.35871016616922e-24,0.573828866234006,0.338,0.14,4.97301507919596e-20,"1","SETBP1"
1.3829719259594e-24,0.721400315648181,0.298,0.112,5.06181554620399e-20,"1","B4GALT2"
1.40377036727852e-24,0.590428304941722,0.552,0.292,5.13793992127611e-20,"1","ACBD3"
1.43978842167136e-24,0.619623685942623,0.626,0.338,5.26976960215934e-20,"1","TFG"
1.46282969266981e-24,0.52036976030011,0.738,0.433,5.35410295814078e-20,"1","AP3S1"
1.49822014558884e-24,1.21065174417463,0.26,0.09,5.48363555486971e-20,"1","MARCH3"
1.74405196668575e-24,0.489782085589429,0.63,0.336,6.38340460326653e-20,"1","TMEM87A"
2.01154029985439e-24,0.520147854918675,0.639,0.351,7.36243865149707e-20,"1","IER3IP1"
2.0947086123789e-24,0.373791136451318,0.686,0.389,7.66684299216802e-20,"1","POLR2E"
2.13820033587802e-24,0.784610033864395,0.39,0.176,7.82602704934714e-20,"1","MMP14"
2.24809869673236e-24,0.507600173934008,0.812,0.519,8.22826603991011e-20,"1","RAB2A"
2.29290946000811e-24,0.609002138007299,0.516,0.266,8.39227791457568e-20,"1","AHCYL1"
2.3939542476006e-24,0.463458005715494,0.596,0.31,8.76211194164297e-20,"1","AC245297.3"
2.47742649101127e-24,0.318357701917941,0.753,0.447,9.06762869975034e-20,"1","RAB1A"
2.74799791082767e-24,0.410838554233265,0.839,0.533,1.00579471534203e-19,"1","SSB"
2.74905100971627e-24,0.458043327500295,0.527,0.271,1.00618016006625e-19,"1","WDR13"
3.09696791324024e-24,0.674379116219599,0.482,0.232,1.13352122592506e-19,"1","NEGR1"
3.35439579932458e-24,0.726113290917443,0.318,0.122,1.22774240651079e-19,"1","SNTA1"
3.38986686349642e-24,0.450547387332131,0.592,0.314,1.24072517070833e-19,"1","TMEM179B"
3.50675078358168e-24,0.375151317315214,0.745,0.445,1.28350585429873e-19,"1","ATP1A1"
4.17495158553388e-24,0.681348039776267,0.368,0.158,1.52807402982126e-19,"1","ST3GAL4"
4.51112132002933e-24,1.13784033680385,0.274,0.1,1.65111551434393e-19,"1","DSEL"
4.6710414751128e-24,0.952024148443878,0.43,0.201,1.70964789030604e-19,"1","TPBG"
4.93501734710144e-24,0.447861394175438,0.729,0.439,1.8062656992126e-19,"1","NDUFS4"
5.0553024629285e-24,0.530832173861283,0.525,0.268,1.85029125445646e-19,"1","PPP2R1A"
5.16624967628897e-24,0.7318487499019,0.439,0.205,1.89089904401853e-19,"1","BRIX1"
7.05126259170592e-24,0.635628427640528,0.594,0.324,2.58083262119029e-19,"1","TMEM167A"
7.31497103899915e-24,0.766989706777525,0.395,0.177,2.67735254998408e-19,"1","SEC23A"
7.37563692772846e-24,0.449381798675408,0.435,0.203,2.69955687191789e-19,"1","NOLC1"
8.53388409578983e-24,0.619775600001329,0.493,0.249,3.12348691790003e-19,"1","JAGN1"
8.88374112828876e-24,0.5967835989999,0.46,0.224,3.25153809036497e-19,"1","COA3"
9.12896657619087e-24,0.417745272555002,0.742,0.424,3.34129305655162e-19,"1","TUBA1C"
9.19555416870632e-24,0.645518040104219,0.46,0.217,3.3656647812882e-19,"1","ZNF593"
1.14392940738088e-23,0.49560254591298,0.643,0.359,4.18689602395477e-19,"1","PUF60"
1.25011833677906e-23,0.256399699694087,0.984,0.738,4.57555812444504e-19,"1","EMP3"
1.33602661115384e-23,0.424476944653981,0.431,0.205,4.88999099948416e-19,"1","HDGFL3"
1.33990764732498e-23,0.37111647667576,0.949,0.706,4.90419597997418e-19,"1","TMBIM6"
1.39477127393083e-23,0.406138978106747,0.709,0.412,5.10500233971425e-19,"1","ANXA7"
1.46142802079545e-23,0.486214199953864,0.563,0.296,5.34897269891342e-19,"1","WDR45"
1.58878484299473e-23,0.556473927228743,0.468,0.226,5.815111403845e-19,"1","BNIP3"
1.60069979271318e-23,0.466396531636638,0.614,0.325,5.85872131130952e-19,"1","SYNE1"
1.69640015030952e-23,0.639340777242954,0.552,0.286,6.20899419014788e-19,"1","FGF7"
1.8121580495088e-23,0.336487482431119,0.59,0.303,6.63267967700717e-19,"1","MRPL32"
1.86746864384328e-23,0.283135790245362,0.993,0.777,6.8351219833308e-19,"1","CD44"
2.11918207153162e-23,0.620647931267753,0.422,0.197,7.75641830001288e-19,"1","DPYSL3"
2.60743382039154e-23,0.638612058498374,0.446,0.214,9.54346852601507e-19,"1","MYO1C"
2.75092478600227e-23,0.7344713597872,0.428,0.203,1.00686598092469e-18,"1","TMEM30A"
2.79194096162369e-23,0.445185261145298,0.563,0.295,1.02187831136389e-18,"1","NDUFAF8"
2.92394854228274e-23,0.380632935903892,0.65,0.373,1.0701944059609e-18,"1","SDHD"
2.97291504769209e-23,0.584662242553468,0.556,0.299,1.08811663660578e-18,"1","NXT1"
3.11904930915436e-23,0.534167162793542,0.397,0.183,1.14160323764359e-18,"1","HSD17B4"
3.21638637356427e-23,0.472402322568294,0.448,0.215,1.17722957658826e-18,"1","RFNG"
3.28235290178419e-23,0.859841802990107,0.343,0.142,1.20137398558203e-18,"1","CNPY4"
3.55289390672898e-23,0.506034239398435,0.531,0.274,1.30039469880187e-18,"1","PRDX3"
3.64033606332788e-23,0.434457428969674,0.514,0.255,1.33239940253864e-18,"1","TMEM263"
4.00996689813291e-23,1.35724371302821,0.296,0.119,1.46768798438563e-18,"1","CFB"
4.87099900490555e-23,0.906740315299629,0.307,0.125,1.78283434578548e-18,"1","MSANTD3"
5.30175078392311e-23,0.548984540533039,0.599,0.338,1.9404938044237e-18,"1","C1orf122"
5.52708655686127e-23,0.566604757339584,0.449,0.217,2.02296895067679e-18,"1","SPTSSA"
5.70279614927736e-23,0.443772957356491,0.561,0.31,2.08728041859701e-18,"1","RASD1"
6.3976332266608e-23,0.362981643304766,0.606,0.327,2.34159773729012e-18,"1","COPRS"
6.63145242875131e-23,0.339312322931056,0.7,0.391,2.42717790344727e-18,"1","VAMP5"
6.8300893333075e-23,0.648762891395726,0.469,0.227,2.49988099688388e-18,"1","SAV1"
6.96647934042158e-23,0.467409112180627,0.448,0.218,2.5498011033877e-18,"1","EI24"
6.99153684237681e-23,0.362046426850052,0.442,0.207,2.55897239967834e-18,"1","CLEC11A"
6.99800307896606e-23,0.449925228616794,0.785,0.475,2.56133910693237e-18,"1","OCIAD1"
7.27785241630143e-23,0.272787849869174,0.76,0.424,2.66376676289049e-18,"1","GRN"
7.5159028990105e-23,1.07781793779666,0.292,0.118,2.75089562006683e-18,"1","C3orf14"
7.51656526014117e-23,0.718217897053472,0.419,0.201,2.75113805086427e-18,"1","AIDA"
7.83811206263315e-23,0.414641371678453,0.653,0.366,2.86882739604436e-18,"1","SURF4"
8.12400268747595e-23,0.35360214457221,0.464,0.232,2.97346622364307e-18,"1","VEGFA"
8.28970824040995e-23,0.448496021820297,0.529,0.268,3.03411611307245e-18,"1","AAMDC"
9.62785229957944e-23,0.779048922918297,0.401,0.186,3.52389022016907e-18,"1","POLD2"
9.91999667089207e-23,0.288795529609371,0.628,0.334,3.63081798151321e-18,"1","OPTN"
9.95156106288158e-23,0.70962136261497,0.437,0.209,3.64237086462529e-18,"1","DTWD1"
1.02026888514434e-22,1.05356933489407,0.318,0.13,3.73428614651681e-18,"1","LINC01140"
1.05945046323062e-22,0.771859981658094,0.327,0.137,3.87769464047039e-18,"1","IRX1"
1.13748747076141e-22,0.390439115977242,0.8,0.506,4.16331789173385e-18,"1","TMEM258"
1.1864664510605e-22,0.57870085238112,0.309,0.124,4.34258585752654e-18,"1","FARP1"
1.20902266106818e-22,0.297232221711536,0.839,0.519,4.42514384177563e-18,"1","MTCH1"
1.21133285732582e-22,0.429739062575469,0.727,0.427,4.43359939109824e-18,"1","PDAP1"
1.22719127892597e-22,0.383789258463454,0.85,0.551,4.49164279999694e-18,"1","UBXN4"
1.32311281515772e-22,0.709396207269402,0.343,0.146,4.84272521475878e-18,"1","MRGPRF"
1.55785295240674e-22,0.495538172576801,0.688,0.403,5.70189759110392e-18,"1","PYURF"
1.61401132605814e-22,0.579153746153597,0.408,0.196,5.90744285450541e-18,"1","KIAA0930"
1.61488131559178e-22,0.438621838444166,0.791,0.521,5.91062710319746e-18,"1","GLUL"
1.69988810602488e-22,0.302867503730842,0.643,0.361,6.22176045686166e-18,"1","DCTN2"
2.0340749778523e-22,0.285370835991468,0.819,0.52,7.4449178264372e-18,"1","TACC1"
2.10388507128266e-22,0.478184045742762,0.504,0.252,7.70042974940165e-18,"1","AK6"
2.20826440942168e-22,0.38885413567407,0.742,0.456,8.08246856492431e-18,"1","BLOC1S1"
2.30722268463509e-22,0.364395100011958,0.305,0.126,8.4446657480329e-18,"1","ADAMTS4"
2.31701848028885e-22,0.757257366632882,0.26,0.097,8.48051933970521e-18,"1","ACE"
2.49278262146363e-22,0.648126032977074,0.435,0.212,9.12383367281904e-18,"1","RUFY3"
2.58395742506942e-22,0.516089103795025,0.688,0.403,9.45754257149658e-18,"1","MRPL51"
2.74653645858662e-22,0.646718441964577,0.426,0.203,1.00525980920729e-17,"1","TRIM47"
2.79065845772218e-22,0.616761347266237,0.565,0.313,1.02140890211089e-17,"1","CNIH1"
2.95108697269207e-22,0.293739518047343,0.821,0.503,1.08012734287502e-17,"1","ZNF706"
2.99271018975973e-22,0.496993212849217,0.473,0.239,1.09536185655396e-17,"1","PHF14"
3.04943887720697e-22,0.905116835620483,0.251,0.093,1.11612512344652e-17,"1","STEAP4"
3.07115581569154e-22,0.57074379124119,0.484,0.247,1.12407374010126e-17,"1","PER2"
3.67029300768533e-22,0.519774804431633,0.639,0.371,1.34336394374291e-17,"1","TIMM13"
3.69702673370618e-22,0.272114530690438,0.451,0.226,1.3531487548038e-17,"1","IMPAD1"
3.73072092087198e-22,0.93582769798672,0.267,0.101,1.36548116424835e-17,"1","APPL2"
3.92009524012715e-22,0.507883639849477,0.375,0.172,1.43479405883894e-17,"1","NAV1"
3.94175874457095e-22,0.270263101182519,0.527,0.256,1.44272311810041e-17,"1","WNT11"
3.99163441073739e-22,0.932341736415341,0.386,0.18,1.46097811067399e-17,"1","PTGR1"
3.99333281092481e-22,0.931070581187967,0.282,0.11,1.46159974212659e-17,"1","FIBIN"
4.25089155226382e-22,0.596285228966771,0.446,0.218,1.55586881704408e-17,"1","OSBPL1A"
4.29627626732692e-22,0.378222290077157,0.588,0.319,1.57248007660433e-17,"1","ERGIC3"
4.70860748943306e-22,0.467394010251368,0.475,0.239,1.7233974272074e-17,"1","ADAM17"
4.72546153893042e-22,0.369977345557895,0.856,0.54,1.72956617786392e-17,"1","ATP6AP2"
5.08181789662525e-22,0.911024780678445,0.372,0.169,1.85999616834381e-17,"1","SRGAP1"
5.50150249583182e-22,0.551813084918623,0.72,0.438,2.0136049284994e-17,"1","UBE2N"
5.97555337110386e-22,0.438635881259211,0.823,0.544,2.18711228935772e-17,"1","IFI16"
6.50262499525712e-22,0.888527958989603,0.354,0.156,2.38002577451406e-17,"1","RRAS2"
6.64885708898902e-22,0.324257278685357,0.78,0.473,2.43354818314087e-17,"1","NUCB1"
7.76576340114567e-22,0.421650230157735,0.744,0.439,2.84234706245333e-17,"1","HNRNPAB"
7.85418246833971e-22,0.498828445660452,0.751,0.47,2.87470932523702e-17,"1","COMT"
8.44483987093414e-22,0.659762757067579,0.426,0.207,3.09089584116061e-17,"1","SPRY2"
8.64022847612837e-22,0.654741677833148,0.558,0.315,3.16241002454774e-17,"1","CMTM3"
8.74485588575459e-22,1.05895148018252,0.278,0.109,3.20070470274504e-17,"1","THBS3"
9.539367926496e-22,0.35761708446972,0.655,0.39,3.4915040547768e-17,"1","SNHG16"
9.58320177342248e-22,0.915402185850453,0.334,0.147,3.50754768109036e-17,"1","SGMS2"
9.64042578602349e-22,0.399274450497114,0.57,0.307,3.52849224194246e-17,"1","SMIM7"
9.73477717820898e-22,0.574782402519215,0.453,0.221,3.56302579499627e-17,"1","TRIP6"
9.87319334657344e-22,0.547430097083951,0.343,0.148,3.61368749677935e-17,"1","RAI2"
1.15670681248363e-21,0.968106650454305,0.312,0.129,4.23366260437133e-17,"1","CBY1"
1.38358463634325e-21,0.827298032901388,0.35,0.159,5.06405812747992e-17,"1","AC010642.2"
1.40744856388291e-21,1.04289403514935,0.3,0.123,5.15140248866785e-17,"1","PCDH9"
1.4551060631966e-21,0.549588476020121,0.444,0.218,5.32583370190587e-17,"1","PLEKHA5"
1.45753662287774e-21,0.37289917168638,0.592,0.329,5.33472979339483e-17,"1","CPNE3"
1.49387041825335e-21,0.398459974603521,0.552,0.293,5.46771511784908e-17,"1","CRTAP"
1.54178802843041e-21,0.511603289930529,0.505,0.257,5.64309836285815e-17,"1","SCARB2"
1.55199073192503e-21,0.302197206159935,0.829,0.483,5.6804412779188e-17,"1","ITM2A"
1.55868243582224e-21,0.347575371664162,0.594,0.317,5.70493358335299e-17,"1","HIPK3"
1.67264054899856e-21,0.421805811285593,0.475,0.241,6.12203167338965e-17,"1","CTDSP2"
1.77763770838946e-21,0.723055624403577,0.341,0.146,6.50633177647625e-17,"1","LOXL1"
1.83913988219421e-21,0.425499778517766,0.543,0.287,6.73143588281903e-17,"1","UPF3A"
1.90764577942285e-21,0.408206241585754,0.343,0.148,6.98217431726557e-17,"1","KANK2"
2.00799411192119e-21,0.292881608081349,0.939,0.619,7.34945924904275e-17,"1","BRI3"
2.07117611372338e-21,0.322786594504933,0.958,0.692,7.58071169383895e-17,"1","NDUFA13"
2.33783226291591e-21,0.337471334950395,0.733,0.427,8.55669986549851e-17,"1","RBMS1"
2.33806376500021e-21,0.316406180763357,0.8,0.498,8.55754718627729e-17,"1","CHMP2A"
2.38706336383219e-21,0.310560986118531,0.735,0.428,8.7368906179622e-17,"1","SAMHD1"
2.40905939212011e-21,0.485765327266643,0.498,0.264,8.81739828109883e-17,"1","SLC66A3"
2.51418056034272e-21,0.374225159495262,0.641,0.37,9.2021522689104e-17,"1","SYNCRIP"
2.69302590886314e-21,0.558010974929303,0.451,0.232,9.85674412902996e-17,"1","GCSH"
3.05390381549986e-21,0.300574889134926,0.545,0.287,1.1177593355111e-16,"1","CTNNA1"
3.12748810489821e-21,0.651665408879836,0.341,0.15,1.14469192127379e-16,"1","DIAPH2"
3.15279671655444e-21,0.808553252613559,0.44,0.222,1.15395512622609e-16,"1","WDR43"
3.23193200820583e-21,0.329450589929013,0.897,0.593,1.18291943432341e-16,"1","VAPA"
3.6938331854958e-21,0.318631228102576,0.404,0.192,1.35197988422332e-16,"1","CCNG1"
4.05681567168753e-21,0.462774076591795,0.505,0.266,1.48483510399435e-16,"1","TM2D1"
4.19061954139739e-21,0.361434950137032,0.621,0.357,1.53380865834686e-16,"1","YIPF3"
4.25431694799347e-21,0.64741503970505,0.365,0.163,1.55712254613509e-16,"1","RRP15"
4.31179798838486e-21,0.684613499992354,0.401,0.194,1.57816118172874e-16,"1","NIP7"
4.44684756531994e-21,0.56693674648042,0.585,0.332,1.62759067738275e-16,"1","BTG3"
4.4615820850838e-21,0.68437681313424,0.321,0.136,1.63298365896152e-16,"1","ADAMTS2"
4.69585593305507e-21,0.46616192104677,0.379,0.17,1.71873023005749e-16,"1","GSTM5"
4.79028403843204e-21,0.71523477628689,0.403,0.194,1.75329186090651e-16,"1","ANO6"
4.97728122561935e-21,0.605441677084074,0.504,0.283,1.82173470138894e-16,"1","RGS16"
5.03785579571704e-21,0.371457716406572,0.868,0.628,1.84390559979039e-16,"1","CAST"
5.07200648511703e-21,0.458936705508693,0.684,0.403,1.85640509361768e-16,"1","PRXL2C"
5.35838049932068e-21,0.74100542923764,0.39,0.185,1.96122084655636e-16,"1","CDH11"
6.04641394607036e-21,0.503129399482203,0.489,0.254,2.21304796840121e-16,"1","NPTN"
6.05865290942005e-21,0.474276874178961,0.522,0.278,2.21752755137683e-16,"1","ERLEC1"
6.07483757998225e-21,0.380489726238538,0.482,0.248,2.2234513026493e-16,"1","EBPL"
6.24382958352543e-21,0.935043895974178,0.316,0.137,2.28530406586614e-16,"1","GNS"
6.39175481517954e-21,0.537138426717122,0.509,0.264,2.33944617990386e-16,"1","ETFA"
6.91374428317835e-21,0.44174085734829,0.399,0.19,2.53049954508611e-16,"1","CRYL1"
7.18685888605823e-21,0.728918171451712,0.31,0.13,2.63046222088617e-16,"1","FBXO17"
7.24050081746871e-21,0.377659464405865,0.874,0.602,2.65009570420172e-16,"1","EIF1AX"
7.55611602046252e-21,0.711483595677428,0.359,0.163,2.76561402464949e-16,"1","PPARG"
7.69601938013869e-21,0.293290400313378,0.733,0.426,2.81682005332456e-16,"1","LIMS1"
7.82930709802607e-21,0.437146189914015,0.561,0.314,2.86560469094852e-16,"1","DST"
8.38541608954303e-21,0.544981307382308,0.596,0.374,3.06914614293364e-16,"1","ICAM1"
9.64698894853629e-21,0.462276433359095,0.431,0.207,3.53089442505377e-16,"1","RBPMS"
1.04772226711424e-20,0.628651575671553,0.487,0.254,3.83476826986482e-16,"1","CUEDC2"
1.06313444470909e-20,0.521613886694064,0.46,0.23,3.89117838107974e-16,"1","ECI2"
1.25844409128491e-20,0.534171113612431,0.433,0.21,4.60603121851191e-16,"1","KLHDC2"
1.27311398392367e-20,0.433209541579515,0.397,0.19,4.65972449255903e-16,"1","TIMM9"
1.2891800736528e-20,0.363598575662482,0.675,0.413,4.71852798757661e-16,"1","FOXN3"
1.29452017057194e-20,0.575078188704087,0.542,0.297,4.73807327631036e-16,"1","STX12"
1.29894336740679e-20,0.61532679148738,0.455,0.234,4.7542626190456e-16,"1","ARL3"
1.37843876501412e-20,0.32415146517554,0.392,0.18,5.04522372382819e-16,"1","PTGER2"
1.40916599670614e-20,0.373833800726607,0.597,0.334,5.15768846454415e-16,"1","UBE2H"
1.49309134410552e-20,0.620617412118551,0.372,0.171,5.4648636285606e-16,"1","CYB5D2"
1.55736078625976e-20,0.496468583821527,0.504,0.271,5.70009621378936e-16,"1","PRCP"
1.79702635642747e-20,0.949814112594213,0.251,0.095,6.57729616716018e-16,"1","EXTL2"
1.89424842533321e-20,0.357220427998078,0.818,0.505,6.93313866156208e-16,"1","ATRAID"
1.95065247265598e-20,0.4338986216248,0.527,0.277,7.13958311516816e-16,"1","CDC5L"
1.95645703827184e-20,0.284093270036974,0.462,0.228,7.16082840577877e-16,"1","ABHD14A"
1.95670639103143e-20,0.795326887597356,0.368,0.172,7.16174106181415e-16,"1","TMEM106B"
1.97782045676999e-20,0.730119051002007,0.321,0.137,7.23902065382384e-16,"1","LMO3"
1.98778285284171e-20,0.313975280867424,0.574,0.317,7.27548401968594e-16,"1","LRP10"
2.01149648401811e-20,0.436151710605977,0.738,0.445,7.36227828115468e-16,"1","BANF1"
2.32320541066787e-20,0.698413045480281,0.397,0.195,8.50316412358547e-16,"1","WEE1"
2.34678714961336e-20,0.328815443272492,0.668,0.388,8.58947564629985e-16,"1","TM9SF3"
2.44291904267024e-20,0.542538419003891,0.493,0.254,8.94132798807733e-16,"1","FKBP3"
2.49390933416626e-20,0.844657111920041,0.325,0.143,9.12795755398191e-16,"1","FKBP7"
2.52258696198364e-20,0.521090593613373,0.404,0.195,9.23292053955632e-16,"1","SNX29"
2.54316144852936e-20,0.605074388655451,0.581,0.325,9.3082252177623e-16,"1","TMEM208"
2.61185616940492e-20,0.448965613363716,0.682,0.411,9.55965476563896e-16,"1","AKIRIN1"
2.76092388490557e-20,0.867325038024208,0.345,0.16,1.01052575111429e-15,"1","AP1S1"
2.9813089866241e-20,0.450521441005379,0.561,0.305,1.09118890219429e-15,"1","CDC26"
3.23652324983979e-20,0.333076082465735,0.504,0.273,1.18459987467386e-15,"1","TRIOBP"
3.47171618628215e-20,0.372296735438107,0.724,0.434,1.27068284134113e-15,"1","PDCD5"
3.64938428849839e-20,0.345534985012699,0.522,0.28,1.33571114343329e-15,"1","BCAP29"
3.97429446240646e-20,0.65218749429026,0.274,0.112,1.45463151618539e-15,"1","IL17D"
4.09157123336349e-20,0.436373948173147,0.327,0.147,1.49755598712337e-15,"1","MARVELD1"
4.35852218483543e-20,0.881353116927929,0.634,0.429,1.59526270487161e-15,"1","CXCL2"
5.00681121222854e-20,0.532549948771316,0.323,0.143,1.83254297178777e-15,"1","IFT22"
5.29078776641189e-20,0.476475634425804,0.406,0.195,1.93648123038442e-15,"1","MBTPS1"
5.55997798503036e-20,0.808313293599811,0.289,0.119,2.03500754230096e-15,"1","FHL2"
5.82278636602608e-20,0.577248827085213,0.446,0.23,2.13119803782921e-15,"1","PLS3"
5.83764086323195e-20,0.761897087226701,0.365,0.17,2.13663493235152e-15,"1","HDAC7"
6.09538336371792e-20,0.703247753382911,0.394,0.189,2.2309712649544e-15,"1","MIR99AHG"
6.1080518406112e-20,0.712889481064096,0.301,0.13,2.2356080541821e-15,"1","GOLM1"
6.61202845757076e-20,0.907284011080561,0.305,0.131,2.42006853575548e-15,"1","PHYHD1"
6.63069997797637e-20,0.945068691949993,0.26,0.102,2.42690249893913e-15,"1","GULP1"
7.10479318160463e-20,0.261700079170208,0.922,0.669,2.60042535239911e-15,"1","YWHAQ"
7.20792566981896e-20,0.265177069299147,0.525,0.28,2.63817287441044e-15,"1","LTBP3"
7.95192634753009e-20,0.411358939990841,0.592,0.334,2.91048456245949e-15,"1","PLD3"
8.52484851052042e-20,0.30548663910042,0.375,0.172,3.12017980333558e-15,"1","RBMS3"
8.98354721340682e-20,0.659095827557886,0.397,0.191,3.28806811557903e-15,"1","PHLDB1"
9.00227346551682e-20,0.597577139315285,0.359,0.164,3.29492211111381e-15,"1","MSRB3"
9.11325857547728e-20,0.254277247734695,0.863,0.597,3.33554377121044e-15,"1","CDKN1A"
9.90839537968989e-20,0.603001191918881,0.457,0.243,3.6265717929203e-15,"1","UBE2L6"
1.09261096284639e-19,0.364928880624812,0.59,0.323,3.99906538511405e-15,"1","ERCC1"
1.14507817750719e-19,0.286046599157602,0.933,0.668,4.19110063749407e-15,"1","ENO1"
1.14704040213239e-19,0.580050160438805,0.471,0.244,4.19828257584476e-15,"1","RNF187"
1.18629995318897e-19,0.50131310934374,0.43,0.216,4.34197645866695e-15,"1","SLC31A2"
1.22284205288692e-19,0.273801954645647,0.886,0.589,4.47572419777142e-15,"1","NDUFA11"
1.28455481255472e-19,0.4425969729268,0.282,0.117,4.70159906943152e-15,"1","LINC02511"
1.2886724925832e-19,0.285932691536751,0.917,0.636,4.71667019010377e-15,"1","SEC11A"
1.3299164271476e-19,0.333173811558127,0.863,0.556,4.86762711500294e-15,"1","MRFAP1"
1.37908767434314e-19,0.645353402666019,0.363,0.171,5.04759879686334e-15,"1","DEXI"
1.4340154334104e-19,0.317543067380918,0.383,0.183,5.24863988782541e-15,"1","STRN3"
1.45328311520632e-19,0.386737650507929,0.751,0.464,5.31916152996664e-15,"1","RER1"
1.45340270447018e-19,0.415083676019494,0.48,0.249,5.3195992386313e-15,"1","YIPF5"
1.51692629971095e-19,0.273495683614393,0.922,0.675,5.55210194957205e-15,"1","HNRNPK"
1.63128354793834e-19,0.465205929648024,0.397,0.192,5.97066091380913e-15,"1","ATXN7"
1.664621595276e-19,0.548279382847903,0.339,0.152,6.09268150086969e-15,"1","RAB3IL1"
1.73615582288074e-19,0.74385745064749,0.336,0.153,6.35450392732579e-15,"1","RASSF8-AS1"
1.75542006843609e-19,0.434963257241248,0.617,0.365,6.42501299248292e-15,"1","HDGF"
1.78390330702474e-19,0.366176467619687,0.621,0.364,6.52926449404124e-15,"1","SERINC3"
1.79704562568327e-19,0.393751165559881,0.379,0.181,6.57736669456333e-15,"1","TFAM"
1.87558422118786e-19,0.590030202477132,0.415,0.204,6.86482580796968e-15,"1","SWI5"
2.01392897327104e-19,0.290576746923917,0.94,0.685,7.37118143506933e-15,"1","PEBP1"
2.08653506235438e-19,0.298984446112574,0.733,0.444,7.63692698172328e-15,"1","CAPNS1"
2.08711758333577e-19,0.309816516161651,0.596,0.326,7.63905906676725e-15,"1","CCPG1"
2.10988514681121e-19,0.593733585817178,0.31,0.133,7.72239062584372e-15,"1","DYNC2LI1"
2.15201363742401e-19,0.40755549699507,0.316,0.139,7.8765851143356e-15,"1","EXT1"
2.36866651544259e-19,0.374919617828235,0.482,0.258,8.66955631317141e-15,"1","AAMP"
2.43548664597312e-19,0.774658493066382,0.319,0.143,8.9141246729262e-15,"1","HOXC9"
2.51690529255751e-19,0.452438580628584,0.341,0.154,9.21212506128974e-15,"1","NDUFAF4"
2.58048726451863e-19,0.290286127936879,0.854,0.561,9.44484143686465e-15,"1","FIS1"
2.60236628125768e-19,0.259365507200258,0.762,0.465,9.52492082603124e-15,"1","GDI2"
2.67354890858467e-19,0.521819274410256,0.394,0.196,9.78545636031076e-15,"1","GTPBP4"
2.82276403266107e-19,0.356377992952946,0.836,0.539,1.03315986359428e-14,"1","LY6E"
3.00038688948914e-19,0.581919397477573,0.44,0.228,1.09817160542192e-14,"1","ACOT9"
3.04914761785659e-19,0.724717027230417,0.561,0.336,1.11601851961169e-14,"1","TNFAIP2"
3.16606152885066e-19,0.358162991033857,0.693,0.399,1.15881018017463e-14,"1","PHB"
3.17945166369776e-19,0.337632230715283,0.449,0.231,1.16371110343002e-14,"1","HIGD1A"
3.20469312492252e-19,0.427257266543981,0.496,0.263,1.17294973065289e-14,"1","TP53I13"
3.46946997621423e-19,0.407072601417385,0.632,0.364,1.26986070599417e-14,"1","STMP1"
3.7671824586568e-19,0.636676345476271,0.395,0.197,1.37882645169298e-14,"1","GOLPH3"
3.80102304649549e-19,0.392479357112817,0.462,0.245,1.39121244524781e-14,"1","VAMP3"
4.63185834176006e-19,0.413009552145037,0.446,0.228,1.6953064716676e-14,"1","ARHGAP10"
4.77059260120954e-19,0.268775689235252,0.523,0.284,1.7460845979687e-14,"1","NBL1"
4.81872358494449e-19,0.2657710934045,0.875,0.565,1.76370101932553e-14,"1","BRK1"
5.0963044027029e-19,0.878942022096693,0.296,0.129,1.86529837443329e-14,"1","IL15RA"
5.43781600976446e-19,0.697216767378593,0.296,0.129,1.99029503773389e-14,"1","ALDH7A1"
5.48686946781121e-19,0.446216963441012,0.437,0.229,2.00824909391358e-14,"1","JOSD2"
5.77216585701411e-19,0.324757005290323,0.57,0.323,2.11267042532573e-14,"1","NDUFC1"
5.82155302760493e-19,0.46251007480252,0.399,0.198,2.13074662363368e-14,"1","HPF1"
5.99550673725276e-19,0.433758205870068,0.579,0.327,2.19441542090188e-14,"1","CTSA"
6.03303859355826e-19,0.875632136209232,0.251,0.099,2.20815245562826e-14,"1","BACE2"
6.08822074670382e-19,0.630571267742202,0.357,0.169,2.22834967550107e-14,"1","LAPTM4B"
6.14843655586866e-19,0.394590768881424,0.628,0.361,2.25038926381349e-14,"1","OAT"
6.14995805758754e-19,0.803422498695443,0.294,0.128,2.25094614865761e-14,"1","ZCCHC24"
6.25776392581826e-19,0.319674169596801,0.473,0.241,2.29040417448874e-14,"1","HNMT"
6.2897332533908e-19,0.564164524818449,0.329,0.151,2.30210526807357e-14,"1","SNX1"
6.70029146652297e-19,0.272082433732514,0.977,0.826,2.45237367966207e-14,"1","SH3BGRL3"
7.29434616811706e-19,0.767489642908095,0.33,0.152,2.66980364099253e-14,"1","PEMT"
7.83368356409838e-19,0.298742187158138,0.56,0.317,2.86720652129565e-14,"1","MAP4"
8.13856091237259e-19,0.60197333595198,0.41,0.2,2.97879467953749e-14,"1","SCOC"
8.14269035019673e-19,0.421802109602375,0.285,0.122,2.98030609507551e-14,"1","ELL"
8.74232159632427e-19,0.273325916022085,0.787,0.519,3.19977712747064e-14,"1","PLIN2"
8.76210368872323e-19,0.54298484114118,0.482,0.262,3.20701757110959e-14,"1","PHC2"
9.63297522465843e-19,0.347563411105091,0.569,0.335,3.52576526197723e-14,"1","TTC3"
9.90452259647269e-19,0.675535959395696,0.399,0.202,3.62515431553497e-14,"1","ODF3B"
9.99615244855922e-19,0.254714898848548,0.843,0.548,3.65869175769716e-14,"1","RPS27L"
1.00550578413633e-18,0.296647417017739,0.819,0.519,3.68025172051738e-14,"1","ERH"
1.14996059239257e-18,0.399816475435863,0.507,0.268,4.20897076421604e-14,"1","RAB11B"
1.24134577908502e-18,0.25994395950806,0.935,0.677,4.54344968602909e-14,"1","MT-ND4L"
1.24907086257073e-18,0.332840841120845,0.744,0.452,4.57172426409514e-14,"1","ETFB"
1.39463139246536e-18,0.34087758801681,0.549,0.301,5.10449035956246e-14,"1","CCNDBP1"
1.40087858702003e-18,0.309826251882004,0.671,0.4,5.12735571635203e-14,"1","MPG"
1.43704749690445e-18,0.342558296524923,0.63,0.365,5.25973754341998e-14,"1","METTL26"
1.58617250714775e-18,0.729454392515694,0.289,0.124,5.80554999341147e-14,"1","AASS"
1.59359182440713e-18,0.483958838292884,0.439,0.232,5.83270543651252e-14,"1","GOLIM4"
1.63230524978603e-18,0.316501571055598,0.52,0.288,5.97440044474186e-14,"1","BLOC1S6"
1.65032090322006e-18,0.413294976916843,0.551,0.311,6.04033953787574e-14,"1","HIF1A"
1.69929119922899e-18,0.306027090589866,0.59,0.344,6.21957571829803e-14,"1","TGOLN2"
1.70052877778299e-18,0.887641358851152,0.276,0.119,6.22410537956351e-14,"1","PGM3"
1.83661056427798e-18,0.383800332057031,0.491,0.267,6.72217832631383e-14,"1","LDLR"
1.87836295996171e-18,0.279897695190928,0.782,0.503,6.87499626975586e-14,"1","XBP1"
1.88665905699145e-18,0.593655980732443,0.287,0.126,6.9053608144944e-14,"1","CDC42BPA"
1.95166031258547e-18,0.323565849912527,0.897,0.6,7.14327191009407e-14,"1","ATP5PF"
1.96607949298721e-18,0.526128456032824,0.386,0.193,7.1960475522825e-14,"1","SVIL"
2.13295666341991e-18,0.629860008500002,0.408,0.208,7.80683468378322e-14,"1","BFAR"
2.16662755957112e-18,0.404911267101354,0.448,0.232,7.93007353078625e-14,"1","HYI"
2.16832385200583e-18,0.314901912690757,0.507,0.278,7.93628213072655e-14,"1","CCDC50"
2.2338258014508e-18,0.271045792549626,0.549,0.306,8.17602581589007e-14,"1","EIF4E2"
2.28326480119222e-18,0.296746631537227,0.426,0.218,8.35697749884366e-14,"1","AKAP12"
2.35204735903661e-18,0.327236918620828,0.634,0.382,8.6087285388099e-14,"1","RNASEH2C"
2.41982975292542e-18,0.413549420120208,0.688,0.417,8.85681887868234e-14,"1","TMEM14B"
2.57340552883292e-18,0.309759800505085,0.388,0.186,9.41892157608139e-14,"1","MAP7D3"
3.06848469317287e-18,0.633651029393441,0.265,0.111,1.1230960825482e-13,"1","INSIG2"
3.09210957291803e-18,0.417892717088515,0.563,0.317,1.13174302478373e-13,"1","RRAGA"
3.23300894793619e-18,0.368551311738589,0.673,0.401,1.18331360503413e-13,"1","TMCO1"
3.4226335547742e-18,0.48774795708862,0.289,0.126,1.2527181073829e-13,"1","FAP"
3.52828049665223e-18,0.845059270548175,0.28,0.125,1.29138594457968e-13,"1","KDM7A-DT"
3.90188139224919e-18,0.945917730672341,0.296,0.135,1.42812760837713e-13,"1","EIF2B3"
4.04933448626326e-18,0.739790066551777,0.417,0.22,1.48209691531721e-13,"1","CHID1"
4.40272019574099e-18,0.551362799080191,0.365,0.179,1.61143961884316e-13,"1","ANKRD35"
4.79005222092814e-18,0.272375085098958,0.814,0.526,1.75320701338191e-13,"1","REX1BD"
4.80435470755395e-18,0.50298470305591,0.529,0.307,1.75844186651182e-13,"1","MVP"
4.99989199363202e-18,0.371976514846126,0.767,0.499,1.83001046858926e-13,"1","TMED10"
5.2976024920382e-18,0.3105467023085,0.502,0.272,1.9389754881109e-13,"1","UGCG"
5.32677026282175e-18,0.400842896944298,0.56,0.312,1.94965118389539e-13,"1","COX16"
5.48351100188319e-18,0.739236684458221,0.301,0.134,2.00701986179927e-13,"1","IFI27L1"
6.0047225798124e-18,0.384185911039852,0.684,0.417,2.19778851143714e-13,"1","EIF2S2"
6.24136268073339e-18,0.415137139227412,0.289,0.126,2.28440115477523e-13,"1","H6PD"
6.4115029498513e-18,0.754281328997094,0.307,0.138,2.34667419467508e-13,"1","PKD2"
7.43430311269557e-18,0.527940878264134,0.332,0.158,2.7210292822777e-13,"1","SLC44A1"
7.69659172352524e-18,0.404153153639153,0.366,0.181,2.81702953672747e-13,"1","UBXN6"
7.69989335457877e-18,0.466932514366683,0.431,0.224,2.81823796670938e-13,"1","RIF1"
8.13055003439783e-18,0.792385733032843,0.3,0.134,2.97586261808995e-13,"1","STK3"
8.83644603203188e-18,0.8300134214672,0.26,0.108,3.23422761218399e-13,"1","CP"
8.95734825025916e-18,0.654001896450501,0.289,0.129,3.27847903307736e-13,"1","DCUN1D3"
9.1469556168323e-18,0.366822804474885,0.859,0.593,3.34787722531679e-13,"1","HNRNPA0"
9.60651840259447e-18,0.703626223114532,0.357,0.172,3.5160818005336e-13,"1","C1GALT1C1"
9.60744722661351e-18,0.333372830713232,0.563,0.325,3.51642175941281e-13,"1","CENPX"
9.80311955880074e-18,0.304181238735827,0.731,0.472,3.58803978971666e-13,"1","PNRC2"
1.00207667457718e-17,0.334549475957768,0.641,0.38,3.66770083661993e-13,"1","ECHS1"
1.02254222033954e-17,0.299015083218539,0.776,0.498,3.74260678066473e-13,"1","LRPAP1"
1.03363463450873e-17,0.53262792351326,0.325,0.153,3.78320612576541e-13,"1","AC092683.1"
1.05106874745477e-17,0.566369278609021,0.26,0.109,3.84701672255922e-13,"1","SLC35F6"
1.06623111194397e-17,0.349680563059756,0.379,0.187,3.90251249282611e-13,"1","SLC4A7"
1.06742135288451e-17,0.289546657675156,0.717,0.439,3.90686889369261e-13,"1","MCRIP1"
1.09259099670106e-17,0.275970483065907,0.771,0.499,3.99899230702553e-13,"1","PRNP"
1.12427586287034e-17,0.870597476420602,0.296,0.136,4.11496208569174e-13,"1","MOSMO"
1.14099554032693e-17,0.572637246825984,0.424,0.22,4.17615777715058e-13,"1","UNC50"
1.40899231218858e-17,0.399889062061701,0.422,0.219,5.15705276184144e-13,"1","PDE4DIP"
1.53998364492127e-17,0.416513931606417,0.578,0.332,5.63649413877633e-13,"1","MT-ATP8"
1.57257565457238e-17,0.339135288834516,0.787,0.505,5.75578415330035e-13,"1","DYNLRB1"
1.66927692704237e-17,0.38358484746285,0.455,0.243,6.1097204806678e-13,"1","GRPEL1"
1.71861643788318e-17,0.443069873190018,0.449,0.237,6.29030802429623e-13,"1","GOLGA2"
1.73618302291419e-17,0.393811885526238,0.43,0.222,6.35460348216822e-13,"1","MED21"
1.84832391832739e-17,0.263722514886947,0.581,0.33,6.76505037347008e-13,"1","RALA"
1.86510829712776e-17,0.757936316412603,0.359,0.178,6.8264828783173e-13,"1","VPS25"
1.89223963194616e-17,0.395790990471517,0.677,0.419,6.92578627688613e-13,"1","SNRPD1"
1.91148988210002e-17,0.74424087027187,0.327,0.163,6.99624411747428e-13,"1","PLAU"
1.95460517588419e-17,0.377432482826431,0.744,0.467,7.15405040425373e-13,"1","PSMA4"
1.96841998716512e-17,0.45616538325179,0.495,0.275,7.20461399502305e-13,"1","GPAA1"
1.98775949426748e-17,0.269249286515069,0.597,0.349,7.27539852496841e-13,"1","ROMO1"
2.0808819767215e-17,0.293692561653924,1,0.856,7.61623612299838e-13,"1","LMNA"
2.11404535925489e-17,0.369241430618175,0.643,0.376,7.73761741940883e-13,"1","SMIM19"
2.11762368029778e-17,0.257507312870651,0.605,0.352,7.75071443225791e-13,"1","IAH1"
2.15725914694845e-17,0.272843992102563,0.444,0.236,7.89578420374602e-13,"1","LACTB"
2.15794314912683e-17,0.634864288920039,0.273,0.12,7.8982877201191e-13,"1","COL5A3"
2.17924937009787e-17,0.842140213034983,0.269,0.116,7.97627061949521e-13,"1","TP53RK"
2.22715874396581e-17,0.72537273992998,0.265,0.114,8.15162371878926e-13,"1","MEIS2"
2.23741897785486e-17,0.623447824448006,0.39,0.197,8.18917720084658e-13,"1","DERA"
2.36803788300672e-17,0.657542754066062,0.525,0.324,8.66725545559291e-13,"1","GEM"
2.43498014840648e-17,0.545872885527371,0.345,0.171,8.91227084118255e-13,"1","CD109"
2.44657479450836e-17,0.48043996678572,0.392,0.195,8.95470840538006e-13,"1","CHCHD3"
2.48911589597885e-17,0.367100086093676,0.567,0.332,9.1104130908722e-13,"1","WASHC3"
2.70836277343914e-17,0.572768738371123,0.348,0.167,9.9128785870646e-13,"1","CLN5"
2.83736014764608e-17,0.45319266854905,0.401,0.205,1.03850218763994e-12,"1","MFAP2"
2.96733371600813e-17,0.483247261577783,0.431,0.228,1.08607381339613e-12,"1","IKBIP"
3.06455314763285e-17,0.290171327799998,0.735,0.451,1.1216570975651e-12,"1","PSMB7"
3.0708091728707e-17,0.389310808270682,0.731,0.457,1.1239468653624e-12,"1","SAT2"
3.17565145495579e-17,0.552583253951255,0.424,0.223,1.16232018902837e-12,"1","TMED1"
3.19778340299879e-17,0.396463853128163,0.637,0.387,1.17042070333159e-12,"1","QKI"
3.20177648292111e-17,0.467849766975191,0.332,0.159,1.17188221051396e-12,"1","ITFG1"
3.23352422578884e-17,0.304102722794653,0.709,0.439,1.18350220188097e-12,"1","COPS9"
3.32012654429698e-17,0.609572849166154,0.377,0.19,1.21519951647814e-12,"1","CISD3"
3.39594061682699e-17,0.288339835319199,0.917,0.647,1.24294822516485e-12,"1","PDIA3"
3.9988090146844e-17,0.306259658561348,0.256,0.109,1.46360408746464e-12,"1","CRYBG3"
4.52843244825247e-17,0.270089990066176,0.621,0.373,1.65745156038489e-12,"1","PDCD6"
4.76312232236943e-17,0.298483792844534,0.457,0.245,1.74335040121044e-12,"1","RFX2"
4.83829723091527e-17,0.663107307266488,0.377,0.19,1.7708651694873e-12,"1","CAPRIN1"
5.09810786370768e-17,0.382011338405359,0.397,0.207,1.86595845919565e-12,"1","REEP3"
5.13525435089303e-17,0.313046208970742,0.505,0.277,1.87955444497036e-12,"1","RBM7"
5.50708949054814e-17,0.420059424671525,0.717,0.448,2.01564982443553e-12,"1","PSMD7"
5.64271570029573e-17,0.454067729501142,0.552,0.322,2.06529037346524e-12,"1","PCBD1"
5.73009778680132e-17,0.620314202320286,0.361,0.182,2.09727309094715e-12,"1","JMJD8"
5.73503574419949e-17,0.33553789984645,0.616,0.367,2.09908043273446e-12,"1","EMC4"
5.80099198223366e-17,0.455915843393577,0.44,0.229,2.12322107541734e-12,"1","ACBD6"
6.2133293796092e-17,0.267612965145757,0.477,0.262,2.27414068623076e-12,"1","LMF2"
6.41122682743916e-17,0.265632977565678,0.437,0.228,2.34657313111101e-12,"1","SELENBP1"
6.49480523184051e-17,0.5222968277883,0.365,0.181,2.37716366290595e-12,"1","ARL13B"
6.62954829271733e-17,0.500286222622513,0.419,0.223,2.42648097061747e-12,"1","DAP"
6.71278105111567e-17,0.438950922879552,0.368,0.183,2.45694499251885e-12,"1","PMM1"
6.85150715536409e-17,0.257421484605039,0.343,0.163,2.50772013393481e-12,"1","YES1"
7.04116783547455e-17,0.466644642184368,0.377,0.191,2.57713783946204e-12,"1","IL10RB"
7.15831131174559e-17,0.290990451960906,0.538,0.307,2.620013523212e-12,"1","CERS2"
7.28765270397055e-17,0.486410889338055,0.518,0.299,2.66735376618026e-12,"1","CHPT1"
7.82714889565103e-17,0.285783668097594,0.565,0.321,2.86481476729723e-12,"1","TMOD3"
8.4905461252418e-17,0.582489475471915,0.352,0.176,3.10762478729975e-12,"1","CKAP4"
8.83045571179043e-17,0.564307691227446,0.35,0.173,3.23203509507242e-12,"1","ARMCX1"
9.17164051774724e-17,0.739512983750383,0.329,0.159,3.35691214590067e-12,"1","CTDSPL"
9.31097650623761e-17,0.759985663822032,0.33,0.16,3.40791051104803e-12,"1","HIBADH"
9.65480463767789e-17,0.759186225576436,0.283,0.13,3.53375504543648e-12,"1","GFPT1"
1.05560010331854e-16,0.651024118302498,0.273,0.123,3.86360193815618e-12,"1","CYP26B1"
1.13962508512851e-16,0.314868696494885,0.745,0.466,4.17114177407887e-12,"1","NDUFB9"
1.16463190293888e-16,0.679747387157238,0.285,0.128,4.26266922794659e-12,"1","NECTIN3"
1.18274874925173e-16,0.282678151792379,0.572,0.324,4.32897869713625e-12,"1","PIH1D1"
1.22187254328968e-16,0.421101078350835,0.265,0.117,4.47217569569455e-12,"1","GLMP"
1.24382553321635e-16,0.8119171934422,0.269,0.12,4.55252583412516e-12,"1","NUDT9"
1.25559764564719e-16,0.504698872183209,0.341,0.166,4.59561294283329e-12,"1","SYNE3"
1.27894366463347e-16,0.448257502041489,0.554,0.325,4.68106170692497e-12,"1","FAM50A"
1.29152857124139e-16,0.645880697141743,0.321,0.154,4.72712372360061e-12,"1","DIMT1"
1.32195113887212e-16,0.409062321939014,0.307,0.145,4.83847336338586e-12,"1","NUMBL"
1.33960427406203e-16,0.848239367422676,0.258,0.113,4.90308560349443e-12,"1","EVI5"
1.38088514607285e-16,0.719399501942846,0.312,0.148,5.05417772314125e-12,"1","BTD"
1.42578961181968e-16,0.38242701394865,0.493,0.273,5.21853255822121e-12,"1","ACTR10"
1.45867384722916e-16,0.327131815430042,0.46,0.244,5.33889214824345e-12,"1","CAPN1"
1.54925767544959e-16,0.729166218989663,0.256,0.109,5.67043801791305e-12,"1","CYS1"
1.60314080902284e-16,0.354680712950372,0.507,0.288,5.86765567510451e-12,"1","PEA15"
1.62214936975679e-16,0.336607913175626,0.339,0.164,5.93722890824684e-12,"1","UTP3"
1.66621058181182e-16,0.590892965718002,0.345,0.169,6.09849735048944e-12,"1","AP2A1"
1.71273305956341e-16,0.338505573349826,0.466,0.265,6.26877427130803e-12,"1","RAD23B"
1.8340799189612e-16,0.802119129649522,0.296,0.138,6.7129159113899e-12,"1","ELOA"
1.93816456102811e-16,0.645945009735938,0.329,0.16,7.093876109819e-12,"1","BOC"
1.95872825909186e-16,0.56670038862461,0.287,0.132,7.16914130110213e-12,"1","MTFR1L"
1.95885946805229e-16,0.408945376227975,0.496,0.275,7.1696215390182e-12,"1","MRPL40"
2.00834944367185e-16,0.446115652974455,0.448,0.247,7.35075979878334e-12,"1","EBNA1BP2"
2.1865545492048e-16,0.641689506445595,0.296,0.139,8.0030083055445e-12,"1","SLC39A6"
2.1895736015917e-16,0.251495095264365,0.473,0.262,8.01405833918576e-12,"1","APPL1"
2.26096972940883e-16,0.30063992047893,0.827,0.555,8.27537530660925e-12,"1","EIF3I"
2.29535001900829e-16,0.406076506610726,0.276,0.124,8.40121060457226e-12,"1","VKORC1L1"
2.29829390567595e-16,0.454758506799375,0.386,0.194,8.41198552416456e-12,"1","FNDC3A"
2.37441306130364e-16,0.396398309125166,0.381,0.197,8.69058924567745e-12,"1","NAGLU"
2.41540913614167e-16,0.567361968181642,0.319,0.15,8.84063897919212e-12,"1","CIZ1"
2.51817829863481e-16,0.346641500535803,0.677,0.401,9.21678439083328e-12,"1","EMC7"
2.6521563856389e-16,0.327433071651632,0.623,0.379,9.70715758707693e-12,"1","SRP72"
2.72764951392312e-16,0.340726477211383,0.406,0.214,9.98346998591001e-12,"1","SMIM20"
2.8013223943617e-16,0.577865746950026,0.325,0.157,1.02531200956033e-11,"1","ARHGAP29"
2.84027696043329e-16,0.467358331677442,0.466,0.257,1.03956977028819e-11,"1","HMG20B"
2.97313320608141e-16,0.528668739788111,0.305,0.145,1.08819648475786e-11,"1","RARS2"
2.99785311889618e-16,0.320849810067109,0.303,0.139,1.09724422004719e-11,"1","GNAI1"
3.07668564222089e-16,0.824739024495593,0.26,0.117,1.12609771190927e-11,"1","LGALSL"
3.10542292557369e-16,0.399268551516217,0.583,0.339,1.13661584498923e-11,"1","MGMT"
3.23465172153323e-16,0.495470641414027,0.329,0.157,1.18391487659838e-11,"1","CFL2"
3.56022196178033e-16,0.291896394873152,0.769,0.493,1.30307684023122e-11,"1","RSL1D1"
3.74944096033249e-16,0.289176532507077,0.412,0.22,1.3723328858913e-11,"1","ID4"
3.82807574705308e-16,0.439977621209041,0.403,0.208,1.4011140041789e-11,"1","DHX29"
3.86305375226022e-16,0.442529799596232,0.442,0.244,1.41391630386476e-11,"1","EIF2S1"
3.87878948452364e-16,0.733301852169232,0.319,0.157,1.4196757392305e-11,"1","PAK1IP1"
3.95424261853718e-16,0.383290908865073,0.554,0.33,1.44729234081079e-11,"1","YTHDF2"
4.24961129361361e-16,0.716457118436217,0.282,0.129,1.55540022957552e-11,"1","CTSO"
4.33386117665855e-16,0.748241366374436,0.274,0.124,1.58623652926879e-11,"1","TWSG1"
4.53313699572668e-16,0.39270646495351,0.511,0.29,1.65917347180592e-11,"1","HIKESHI"
4.86688618823968e-16,0.516839844724289,0.44,0.242,1.7813290137576e-11,"1","DNAJC2"
5.04837233157324e-16,0.790494239960282,0.314,0.152,1.84775475707912e-11,"1","TM7SF3"
5.08599338769019e-16,0.766173603770025,0.26,0.114,1.86152443982849e-11,"1","PIGK"
5.24777655738175e-16,0.414485166171551,0.529,0.301,1.92073869776729e-11,"1","DNAJC3"
5.28432509153535e-16,0.50447213337948,0.325,0.159,1.93411582675285e-11,"1","PPP3CB"
5.38011489909529e-16,0.314823571345703,0.478,0.261,1.96917585421787e-11,"1","GTPBP6"
5.47658892524745e-16,0.675302141067989,0.269,0.121,2.00448631252982e-11,"1","AGL"
5.76674278423619e-16,0.592010079309364,0.291,0.132,2.11068552645829e-11,"1","MINDY2"
5.99265924414008e-16,0.438359997647592,0.408,0.213,2.19337320994771e-11,"1","PWP1"
6.09817781545584e-16,0.57601525736564,0.301,0.143,2.23199406223499e-11,"1","HK1"
6.13602644020003e-16,0.442755566790358,0.625,0.382,2.24584703737761e-11,"1","RPN2"
6.16510660884887e-16,0.518652386442195,0.504,0.296,2.25649066990477e-11,"1","LRRFIP2"
6.31845227558606e-16,0.346660716765942,0.448,0.247,2.31261671738726e-11,"1","SNRPD3"
6.5963508726863e-16,0.560564061611431,0.439,0.243,2.41433038291191e-11,"1","CCNY"
7.02434655510161e-16,0.419587855975697,0.394,0.206,2.57098108263274e-11,"1","NRP1"
7.20276551516387e-16,0.385352587454856,0.258,0.111,2.63628420620513e-11,"1","FAIM"
7.33634475242172e-16,0.385297610286408,0.426,0.232,2.68517554283387e-11,"1","TM9SF2"
7.79974256487219e-16,0.377192780715707,0.375,0.196,2.85478377616887e-11,"1","LMBRD1"
8.08795704833023e-16,0.476279024717513,0.379,0.196,2.96027315925935e-11,"1","KIF1B"
8.27771280517901e-16,0.729117065484445,0.28,0.131,3.02972566382357e-11,"1","CEBPZOS"
8.31740258156785e-16,0.735212971398141,0.309,0.151,3.04425251887965e-11,"1","CETN2"
8.52337289045331e-16,0.278334962766119,0.715,0.448,3.11963971163482e-11,"1","GNB2"
9.10462827921347e-16,0.276573838346974,0.359,0.176,3.33238499647492e-11,"1","NRN1"
9.11833175292716e-16,0.486233830964343,0.43,0.234,3.33740060488887e-11,"1","DSE"
9.25218235102556e-16,0.389188054324642,0.388,0.202,3.38639126229887e-11,"1","SRSF1"
9.59511607281281e-16,0.353156576211441,0.484,0.274,3.51190843381022e-11,"1","MRPL14"
1.02487623987687e-15,0.523671590447636,0.33,0.16,3.75114952557335e-11,"1","ZNF32"
1.0882656916267e-15,0.386000428197179,0.511,0.296,3.98316125792288e-11,"1","CCDC124"
1.09762682782846e-15,0.254452373525753,0.357,0.178,4.01742395253494e-11,"1","CD40"
1.11135127085455e-15,0.273180235252513,0.534,0.307,4.06765678645474e-11,"1","GET3"
1.12682582602651e-15,0.486557120270227,0.348,0.176,4.12429520583963e-11,"1","SLC29A1"
1.22148626302634e-15,0.495308339989694,0.329,0.16,4.47076187130269e-11,"1","PBX1"
1.27428342498933e-15,0.549291845453548,0.386,0.202,4.66400476380346e-11,"1","TMEM9"
1.29180819672047e-15,0.481458359309745,0.379,0.198,4.72814718081659e-11,"1","MRPL16"
1.33045607807889e-15,0.38971884515567,0.397,0.21,4.86960229137654e-11,"1","IFNAR1"
1.40911957953777e-15,0.282986779787755,0.659,0.412,5.1575185730662e-11,"1","BNIP3L"
1.41992327053341e-15,0.341679643406201,0.538,0.31,5.19706116247935e-11,"1","GTF2H5"
1.6299049233019e-15,0.38751806235813,0.419,0.223,5.96561500977727e-11,"1","NUDCD2"
1.80330679602837e-15,0.285949156018902,0.78,0.514,6.60028320414343e-11,"1","AP2M1"
1.8240422720663e-15,0.343445314854474,0.455,0.252,6.67617711998988e-11,"1","EIF3B"
1.88451987756174e-15,0.577252623175464,0.318,0.157,6.89753120386374e-11,"1","MDP1"
2.06907167756785e-15,0.628056680888111,0.251,0.111,7.57300924706607e-11,"1","TSR1"
2.07121969869788e-15,0.306370580219968,0.866,0.605,7.5808712192041e-11,"1","UBL5"
2.17684221341158e-15,0.306319440171634,0.5,0.293,7.96746018530773e-11,"1","RAB10"
2.20004154114715e-15,0.612873605802485,0.287,0.136,8.0523720447527e-11,"1","GALNT2"
2.97573931425277e-15,0.281686418918051,0.505,0.292,1.08915034640966e-10,"1","GNL3"
2.98318886113593e-15,0.414790206650889,0.31,0.152,1.09187695506436e-10,"1","FAM3A"
3.01018667370841e-15,0.39770646663692,0.307,0.15,1.10175842444401e-10,"1","WDR41"
3.15879613343631e-15,0.582544419529276,0.323,0.164,1.15615097279902e-10,"1","P4HA1"
3.48419664371339e-15,0.423706088250237,0.426,0.233,1.27525081356554e-10,"1","FGD5-AS1"
3.69599821444676e-15,0.744481324913654,0.278,0.131,1.35277230646966e-10,"1","CAMKK2"
3.76205606916862e-15,0.52034242922108,0.394,0.207,1.37695014187641e-10,"1","CALHM2"
3.84872472792502e-15,0.468089324532531,0.341,0.169,1.40867173766784e-10,"1","C6orf89"
3.85872542927854e-15,0.47634097831945,0.37,0.196,1.41233209437024e-10,"1","GORASP2"
3.87994152779579e-15,0.360581973257394,0.48,0.268,1.42009739858854e-10,"1","OGFRL1"
4.81931258137631e-15,0.409086057429217,0.35,0.179,1.76391659790955e-10,"1","FBXL3"
4.8276361592585e-15,0.378573103987078,0.522,0.31,1.7669631106502e-10,"1","RPL7L1"
5.03818661291546e-15,0.454032431783334,0.413,0.228,1.84402668219319e-10,"1","CREB5"
5.26539943986058e-15,0.555616308222776,0.321,0.164,1.92718884898337e-10,"1","SERTAD2"
5.45987774924713e-15,0.496850244126257,0.448,0.248,1.99836985500194e-10,"1","PBDC1"
5.56815328598212e-15,0.255671657887732,0.316,0.155,2.03799978420232e-10,"1","YPEL2"
5.69042048269921e-15,0.435877774449889,0.442,0.249,2.08275080087274e-10,"1","SKAP2"
5.70122644008479e-15,0.338262764004522,0.319,0.158,2.08670588933543e-10,"1","ATN1"
5.76401198579253e-15,0.367133251192579,0.523,0.307,2.10968602691992e-10,"1","TPGS1"
5.76471236544029e-15,0.354316127170055,0.383,0.199,2.1099423728748e-10,"1","EIF2AK2"
6.03052363666426e-15,0.253304284551558,0.372,0.192,2.20723195625549e-10,"1","RFTN1"
6.22437871969308e-15,0.454886936900724,0.453,0.256,2.27818485519487e-10,"1","MSRB2"
6.25886945052641e-15,0.449022560586417,0.282,0.131,2.29080880758717e-10,"1","LMCD1"
6.39205469423573e-15,0.340454264472032,0.56,0.329,2.33955593863722e-10,"1","MGAT1"
6.56497200112154e-15,0.272819569418067,0.594,0.348,2.4028454021305e-10,"1","MPC1"
6.82469249191146e-15,0.356308841182374,0.357,0.185,2.49790569896452e-10,"1","FAM13A"
6.94398771238514e-15,0.579317084243351,0.343,0.175,2.54156894261009e-10,"1","TMX2"
7.25313134454216e-15,0.465403851710824,0.394,0.212,2.65471860341588e-10,"1","PRKRA"
7.35030526158988e-15,0.726149868013705,0.265,0.123,2.69028522879451e-10,"1","PEAK1"
7.77789926573302e-15,0.887164177421401,0.262,0.123,2.84678891025094e-10,"1","PGM1"
8.0312831218709e-15,0.591924904370976,0.408,0.23,2.93952993543597e-10,"1","URM1"
8.09598022698993e-15,0.487022461590692,0.312,0.151,2.96320972288059e-10,"1","UXS1"
8.12482983840617e-15,0.498658270035288,0.424,0.233,2.97376896915504e-10,"1","SEC13"
8.55589952161995e-15,0.751066480216479,0.255,0.116,3.13154478390812e-10,"1","C5orf38"
8.67131458863864e-15,0.629713949883331,0.318,0.162,3.17378785258763e-10,"1","MRTO4"
9.07874533851748e-15,0.368123447765276,0.522,0.313,3.32291158135078e-10,"1","METAP2"
9.51229876467193e-15,0.63660538989955,0.276,0.132,3.48159647085757e-10,"1","TNKS1BP1"
9.82810953992973e-15,0.313298695321213,0.33,0.163,3.59718637270968e-10,"1","ECE1"
9.89324428678504e-15,0.300341075333197,0.534,0.323,3.62102634140619e-10,"1","IFI27L2"
1.04382128237652e-14,0.301565824462047,0.753,0.489,3.82049027562629e-10,"1","ANXA11"
1.06335251707387e-14,0.363321243279621,0.462,0.262,3.89197654774207e-10,"1","DYNC1LI1"
1.07270076178785e-14,0.384150191813288,0.408,0.225,3.92619205821971e-10,"1","CKB"
1.10582725352335e-14,0.334516235032584,0.561,0.327,4.04743833062081e-10,"1","PSMC4"
1.10751504442329e-14,0.331784033190721,0.534,0.319,4.05361581409368e-10,"1","MLEC"
1.1104770704139e-14,0.47275654429126,0.265,0.125,4.06445712542191e-10,"1","PLOD3"
1.13499525634115e-14,0.540538185636782,0.388,0.21,4.15419613773424e-10,"1","GOLT1B"
1.14782332269795e-14,0.308615994176114,0.525,0.307,4.20114814340675e-10,"1","SARS"
1.15061404377486e-14,0.414555969348188,0.336,0.172,4.21136246162036e-10,"1","UROD"
1.17237493992076e-14,0.463088866746993,0.366,0.196,4.29100951760398e-10,"1","IPO7"
1.20714304531334e-14,0.311636454342843,0.829,0.566,4.41826426015135e-10,"1","WASF2"
1.20917030083014e-14,0.548045903977585,0.325,0.166,4.42568421806839e-10,"1","GANAB"
1.29418225905737e-14,0.640969482053862,0.343,0.179,4.73683648637586e-10,"1","UBE2E2"
1.56181632710025e-14,0.560020411113161,0.316,0.159,5.71640393881963e-10,"1","BMERB1"
1.65055904114318e-14,0.577965158318978,0.395,0.215,6.04121114648817e-10,"1","ISOC2"
1.87920412439233e-14,0.25274156853069,0.569,0.341,6.87807501568838e-10,"1","ANAPC5"
1.90477435887998e-14,0.259699032090261,0.439,0.245,6.97166463093661e-10,"1","PPP3CA"
1.9084307348728e-14,0.322701554824554,0.339,0.17,6.98504733270795e-10,"1","NAA15"
1.93376576467287e-14,0.308285058923431,0.33,0.169,7.07777607527915e-10,"1","RABGEF1"
1.96083997261657e-14,0.355888522049542,0.341,0.172,7.17687038377391e-10,"1","GLT8D2"
2.04814899748092e-14,0.414406247372044,0.258,0.121,7.49643014567991e-10,"1","PYGL"
2.05607275868711e-14,0.534256023671478,0.347,0.179,7.52543190407069e-10,"1","SCCPDH"
2.29943930455745e-14,0.680795452838711,0.26,0.122,8.41617779861071e-10,"1","RXYLT1"
2.36867298123663e-14,0.628278837121708,0.278,0.132,8.66957997862419e-10,"1","NFYB"
2.39178431876036e-14,0.735499551625344,0.255,0.117,8.7541697850948e-10,"1","C1RL"
2.45717808497458e-14,0.47758323211533,0.379,0.201,8.99351750881546e-10,"1","CBR1"
2.51759647688966e-14,0.319403717842325,0.612,0.38,9.21465486506386e-10,"1","COQ10B"
2.61029014861769e-14,0.252235823733987,0.451,0.252,9.55392297295562e-10,"1","VGLL4"
2.87838536363048e-14,0.617645746415943,0.283,0.137,1.05351782694239e-09,"1","PRAF2"
2.90651556691753e-14,0.313324124445808,0.7,0.447,1.06381376264749e-09,"1","GADD45GIP1"
2.92829823630756e-14,0.335538124901579,0.439,0.248,1.07178643747093e-09,"1","ATP13A3"
2.99016402995466e-14,0.250044737491643,0.368,0.189,1.0944299366037e-09,"1","PTOV1"
3.16350775575501e-14,0.419664485825996,0.31,0.152,1.15787547368389e-09,"1","PTPN11"
3.16604556440355e-14,0.353674354507056,0.269,0.127,1.15880433702734e-09,"1","GMFB"
3.22500876864308e-14,0.363696186865278,0.46,0.262,1.18038545941105e-09,"1","AKR1B1"
3.34459002841392e-14,0.637416816867518,0.283,0.136,1.22415339629978e-09,"1","FAF2"
3.35299248838279e-14,0.283258451819551,0.681,0.429,1.22722878067299e-09,"1","SSR3"
3.39011622727016e-14,0.589366977711765,0.296,0.146,1.24081644034315e-09,"1","CYB5R1"
3.49516429594242e-14,0.465045861031188,0.282,0.136,1.27926508395789e-09,"1","COQ4"
3.56680379308964e-14,0.568136774375312,0.35,0.183,1.30548585630874e-09,"1","RDH11"
3.61394557102746e-14,0.541427409473703,0.375,0.204,1.32274021845176e-09,"1","MPST"
3.62916454311101e-14,0.356763887805303,0.464,0.256,1.32831051442406e-09,"1","RPP21"
3.86252713232454e-14,0.488514363794678,0.426,0.238,1.4137235557021e-09,"1","VPS35"
3.86302054636399e-14,0.374046614921233,0.688,0.452,1.41390415017468e-09,"1","HEBP2"
3.88464099300702e-14,0.46436539704051,0.412,0.224,1.4218174498505e-09,"1","CAMK2N1"
4.16464921013145e-14,0.253331814465024,0.482,0.276,1.52430325740021e-09,"1","ATXN10"
4.18462298196149e-14,0.465073819082401,0.316,0.16,1.53161385762772e-09,"1","PCID2"
4.33543776136565e-14,0.422498021653451,0.307,0.156,1.58681357503744e-09,"1","TOR1A"
4.36756319662325e-14,0.588992988780767,0.332,0.175,1.59857180559607e-09,"1","SIL1"
4.37032646282833e-14,0.580166425800771,0.339,0.178,1.5995831886598e-09,"1","MRPS28"
4.45623007581038e-14,0.488735992006353,0.289,0.137,1.63102477004736e-09,"1","CNTFR"
4.55218674867567e-14,0.270019690153478,0.404,0.22,1.66614587188278e-09,"1","HIC1"
4.64663423737489e-14,0.471043365892743,0.278,0.132,1.70071459722158e-09,"1","UBA5"
5.37058971711852e-14,0.338658549877207,0.523,0.306,1.96568954236255e-09,"1","BTF3L4"
5.59938893957346e-14,0.286795604126861,0.536,0.312,2.04943234577328e-09,"1","DNAJA2"
5.67134423535703e-14,0.29905128862067,0.312,0.155,2.07576870358303e-09,"1","PEX2"
5.73084545304354e-14,0.256111026644422,0.464,0.263,2.09754674426847e-09,"1","DCTN6"
6.22757216413694e-14,0.578089792000514,0.318,0.163,2.27935368779576e-09,"1","GARS"
6.3127991836637e-14,0.535275800412134,0.363,0.197,2.31054762921275e-09,"1","PSMD1"
6.49721589465338e-14,0.428031420854153,0.44,0.254,2.37804598960208e-09,"1","KCMF1"
7.68752614416115e-14,0.316738501779202,0.588,0.366,2.81371144402442e-09,"1","PSMB2"
7.78579008228677e-14,0.268595462313222,0.579,0.356,2.84967702801778e-09,"1","CCT4"
8.173699794344e-14,0.269427628853972,0.671,0.432,2.99165586172785e-09,"1","KHDRBS1"
8.19690613448645e-14,0.460611658604855,0.327,0.167,3.00014961428338e-09,"1","CLPTM1"
8.32268806696321e-14,0.389839580534261,0.433,0.247,3.04618705938921e-09,"1","DESI2"
8.77636470261033e-14,0.546583879604039,0.325,0.169,3.21223724480241e-09,"1","ARFRP1"
8.89810300398816e-14,0.700716206730054,0.282,0.139,3.25679468048971e-09,"1","TMEM14A"
8.95023388807091e-14,0.322872570493386,0.439,0.247,3.27587510537283e-09,"1","SPATS2L"
9.28387326021439e-14,0.253155464521605,0.3,0.146,3.39799045197107e-09,"1","RDH14"
9.39902977777033e-14,0.333827491857982,0.406,0.224,3.44013888896172e-09,"1","TOMM40"
1.0023119919948e-13,0.274021982246745,0.384,0.205,3.66856212190018e-09,"1","NT5C3B"
1.10654008394965e-13,0.410330875677381,0.403,0.224,4.05004736126412e-09,"1","TRMT10C"
1.1110661904338e-13,0.303404603583656,0.404,0.221,4.06661336360674e-09,"1","NDUFA8"
1.11856347691648e-13,0.530480440448787,0.274,0.133,4.09405418186202e-09,"1","UTP6"
1.14618028749247e-13,0.286204954766889,0.271,0.13,4.19513447025118e-09,"1","IBTK"
1.16935572171715e-13,0.336917427287608,0.69,0.444,4.27995887705692e-09,"1","ZC3H15"
1.23725805534008e-13,0.255388324639153,0.39,0.216,4.52848820835023e-09,"1","SEC22B"
1.25868842110216e-13,0.311606237376746,0.59,0.362,4.60692549007603e-09,"1","GSPT1"
1.28314819071952e-13,0.291349178420983,0.375,0.202,4.6964506928525e-09,"1","MCFD2"
1.31050671648446e-13,0.324423783225638,0.375,0.2,4.79658563300477e-09,"1","ARHGAP18"
1.31527693952191e-13,0.789523073612346,0.253,0.123,4.81404512634413e-09,"1","MORC4"
1.32381575777175e-13,0.256546892717507,0.619,0.39,4.84529805502037e-09,"1","SDF4"
1.33389110737448e-13,0.299523874492863,0.404,0.231,4.88217484210133e-09,"1","PPP2CB"
1.40048336187337e-13,0.665151004714202,0.271,0.128,5.12590915279271e-09,"1","EHBP1"
1.56296114721113e-13,0.251756481439278,1,0.938,5.72059409490747e-09,"1","MT-ND4"
1.58365218549422e-13,0.313076047721785,0.565,0.353,5.79632536412741e-09,"1","SEPTIN11"
1.653389844129e-13,0.27173667818145,0.444,0.255,6.05157216849656e-09,"1","ERGIC1"
1.7318219003478e-13,0.515129598489973,0.368,0.206,6.338641337463e-09,"1","ZC2HC1A"
1.81169593005953e-13,0.414093303096709,0.321,0.164,6.63098827361087e-09,"1","CDC37L1"
1.81254229131422e-13,0.421731500828991,0.338,0.178,6.63408604043918e-09,"1","LRRN4CL"
1.90344090807441e-13,0.607892081116039,0.325,0.176,6.96678406764313e-09,"1","HMOX1"
1.91788577802894e-13,0.259636388710816,0.395,0.215,7.01965373616373e-09,"1","MRPL36"
2.04926376791523e-13,0.651505505533137,0.258,0.123,7.50051031694652e-09,"1","CNP"
2.12589888625239e-13,0.325468150984259,0.325,0.171,7.78100251357236e-09,"1","QTRT1"
2.17966100330995e-13,0.371218495914155,0.433,0.253,7.97777723821476e-09,"1","SLK"
2.19735723358807e-13,0.458917245823831,0.267,0.13,8.04254721065571e-09,"1","EIF4EBP3"
2.23659455955086e-13,0.56724435518856,0.291,0.147,8.1861597474121e-09,"1","TMA16"
2.35217547312696e-13,0.284887115739042,0.601,0.374,8.60919744919198e-09,"1","TMEM165"
2.35470639332615e-13,0.529913141517161,0.347,0.186,8.61846087021303e-09,"1","DMAC1"
2.3639571009199e-13,0.370102276726093,0.309,0.157,8.65231938507692e-09,"1","UBAP1"
2.40585571545588e-13,0.440619557790403,0.336,0.178,8.80567250414006e-09,"1","CCDC144A"
2.42548546696947e-13,0.374686940720388,0.341,0.179,8.87751935765496e-09,"1","NPEPPS"
2.5775463043703e-13,0.380857890064119,0.325,0.168,9.43407722862574e-09,"1","C8orf82"
3.0988265146226e-13,0.575795447884043,0.292,0.149,1.13420149261702e-08,"1","H1F0"
3.59001243609434e-13,0.437322451011046,0.356,0.193,1.31398045173489e-08,"1","PDIA4"
3.61616121147964e-13,0.365899275330809,0.336,0.178,1.32355116501366e-08,"1","NOB1"
3.93985521203668e-13,0.37542647429828,0.323,0.171,1.44202640615755e-08,"1","CLPTM1L"
4.01235006226616e-13,0.392532103943665,0.366,0.201,1.46856024629004e-08,"1","TADA3"
4.28918303160402e-13,0.487913995220438,0.323,0.17,1.56988388139739e-08,"1","LZIC"
4.5193112182489e-13,0.369124545056943,0.321,0.166,1.65411309899128e-08,"1","BLOC1S4"
4.54545751705788e-13,0.348072248890669,0.473,0.282,1.66368290581835e-08,"1","GLO1"
4.5676494735125e-13,0.266347213882799,0.507,0.303,1.67180538380031e-08,"1","CALCOCO2"
4.62466678823776e-13,0.495485689941517,0.406,0.233,1.6926742911629e-08,"1","VBP1"
4.77726313359196e-13,0.261191209568528,0.632,0.387,1.74852607952599e-08,"1","EIF6"
4.82766016199259e-13,0.351419891118949,0.356,0.19,1.76697189589091e-08,"1","LETMD1"
4.91116427637483e-13,0.396739843596426,0.377,0.211,1.79753523679595e-08,"1","ANTXR2"
5.44640614247669e-13,0.336803504292655,0.475,0.277,1.99343911220789e-08,"1","ACTN1"
5.50753501279755e-13,0.623559707488264,0.273,0.135,2.01581289003403e-08,"1","MORN2"
5.51278525428554e-13,0.299076256122052,0.282,0.141,2.01773453092105e-08,"1","H19"
5.54506858517154e-13,0.273766380735025,0.285,0.141,2.02955055285863e-08,"1","SPATA6"
5.70307554901846e-13,0.268443232255373,0.569,0.344,2.08738268169625e-08,"1","CHMP5"
5.88408634863216e-13,0.296259914623089,0.31,0.165,2.15363444446286e-08,"1","DNAJC10"
6.00853667624306e-13,0.526539689714904,0.26,0.128,2.19918450887172e-08,"1","LRRC41"
6.32061299524524e-13,0.520862621671693,0.292,0.15,2.31340756238971e-08,"1","UQCC2"
6.42125726950644e-13,0.268982880080622,0.574,0.355,2.35024437321205e-08,"1","SNX6"
6.49029592470821e-13,0.519551267850945,0.287,0.144,2.37551321140245e-08,"1","FAM76A"
6.66489685612331e-13,0.622111569408796,0.285,0.145,2.43941889830969e-08,"1","CRLS1"
6.71029721119077e-13,0.513860008184633,0.3,0.152,2.45603588226793e-08,"1","HACD3"
6.77713801366278e-13,0.446587088242541,0.314,0.166,2.48050028438071e-08,"1","MAP4K5"
6.85409405575084e-13,0.773047438395422,0.274,0.14,2.50866696534537e-08,"1","OTUD4"
6.899696735177e-13,0.37048955264501,0.395,0.224,2.52535800204213e-08,"1","CCND1"
7.02826093772643e-13,0.289599232488233,0.334,0.178,2.57241378581725e-08,"1","CSNK2A2"
7.28421207009708e-13,0.291336174082241,0.314,0.165,2.66609445977623e-08,"1","ZNF330"
7.62174260345819e-13,0.257573408589509,0.338,0.176,2.78963401029173e-08,"1","AP2B1"
8.40403682749447e-13,0.3554939646937,0.386,0.219,3.07596151923125e-08,"1","ELOF1"
8.72021779720539e-13,0.255856191706286,0.294,0.153,3.19168691595514e-08,"1","MPV17"
8.88782560188285e-13,0.486821038991601,0.431,0.258,3.25303304854514e-08,"1","PNKD"
9.7920066282494e-13,0.341973704424348,0.338,0.182,3.58397234600556e-08,"1","GALNT11"
9.88786093952342e-13,0.316739645598559,0.46,0.271,3.61905598247497e-08,"1","LMO4"
1.01535464158362e-12,0.495593680528076,0.271,0.135,3.71629952366021e-08,"1","IFT52"
1.11473780924508e-12,0.450101341913058,0.386,0.218,4.08005185561791e-08,"1","YIPF4"
1.20012196960061e-12,0.403934815288608,0.347,0.188,4.3925664209352e-08,"1","USO1"
1.21693141102702e-12,0.289006680834447,0.388,0.22,4.45409065749999e-08,"1","CCNL2"
1.22782853077761e-12,0.69192571391736,0.274,0.14,4.49397520549913e-08,"1","CDC42EP1"
1.33467877686449e-12,0.479604923229988,0.319,0.169,4.8850577912017e-08,"1","PNO1"
1.4462499654956e-12,0.265181179035408,0.495,0.303,5.29341949871044e-08,"1","CCS"
1.45004648643352e-12,0.59298430461064,0.307,0.162,5.30731514499531e-08,"1","ACOT13"
1.51281060042571e-12,0.423498542545437,0.325,0.17,5.53703807861815e-08,"1","AMOTL2"
1.52108689421735e-12,0.355303090902717,0.379,0.21,5.56733014152493e-08,"1","MITF"
1.52460118764588e-12,0.320713062259512,0.31,0.164,5.58019280690268e-08,"1","THYN1"
1.53321627082457e-12,0.428566683480263,0.412,0.238,5.61172487284502e-08,"1","DNPH1"
1.54941530591557e-12,0.281004157352947,0.412,0.234,5.67101496118156e-08,"1","TIMMDC1"
1.61390730074374e-12,0.498640883435139,0.408,0.237,5.90706211145217e-08,"1","CASC4"
1.64738858458579e-12,0.26456658687017,0.253,0.124,6.02960695844243e-08,"1","NMD3"
1.65181942783961e-12,0.555051014969864,0.316,0.168,6.04582428783574e-08,"1","MRPS35"
1.65946182420086e-12,0.296195607659171,0.464,0.272,6.07379622275758e-08,"1","CYTH2"
1.67996021508692e-12,0.618026172237619,0.303,0.162,6.14882238323962e-08,"1","HDAC2"
1.69597280454865e-12,0.501434232634548,0.294,0.153,6.2074300619285e-08,"1","YBEY"
1.7751300677345e-12,0.314477676123265,0.329,0.178,6.49715356091506e-08,"1","UCHL3"
1.78248274350417e-12,0.327725837543031,0.289,0.148,6.52406508949961e-08,"1","ZNRF1"
1.8159387516024e-12,0.278000466532736,0.35,0.19,6.64651742473995e-08,"1","CYHR1"
1.82823123184945e-12,0.639574785325229,0.282,0.147,6.69150913169217e-08,"1","ITPRIPL2"
1.93055927816555e-12,0.564378305475573,0.267,0.132,7.06604001401375e-08,"1","LZTS2"
1.95269200570253e-12,0.340419554194761,0.303,0.155,7.14704801007182e-08,"1","DHRS7B"
2.12900177124149e-12,0.265447678257206,0.556,0.339,7.79235938292098e-08,"1","RAB14"
2.13035547411048e-12,0.278244130423642,0.292,0.152,7.79731407079178e-08,"1","SMARCD2"
2.13396148467537e-12,0.346187290497386,0.399,0.23,7.81051243006031e-08,"1","MRPL4"
2.17087768642983e-12,0.331914232855471,0.282,0.146,7.94562942010184e-08,"1","NUDT16"
2.34852335932107e-12,0.285249307708638,0.625,0.388,8.59583034745104e-08,"1","NOP10"
2.36264736542003e-12,0.381473323100916,0.368,0.203,8.64752562217386e-08,"1","CCNB1IP1"
2.38752640126682e-12,0.282346315202618,0.334,0.177,8.73858538127669e-08,"1","RYK"
2.45280915424754e-12,0.429471672776437,0.361,0.199,8.97752678546143e-08,"1","MRPL42"
2.63183145342991e-12,0.340291498630379,0.437,0.249,9.63276630269882e-08,"1","COMMD3"
2.86405144294266e-12,0.439775930188934,0.289,0.147,1.04827146863144e-07,"1","TTC37"
2.91891000627145e-12,0.47242871254513,0.282,0.145,1.06835025139541e-07,"1","TBC1D9B"
3.06953186409249e-12,0.280431992929598,0.455,0.267,1.12347935757649e-07,"1","PPHLN1"
3.16841159814409e-12,0.478142021567356,0.303,0.162,1.15967032903672e-07,"1","LATS2"
3.2841715653659e-12,0.252297342000947,0.699,0.449,1.20203963463957e-07,"1","NDUFAB1"
3.45379111105466e-12,0.659077090371287,0.271,0.139,1.26412208455712e-07,"1","MTLN"
3.46186242447276e-12,0.437977582657766,0.366,0.203,1.26707626598127e-07,"1","TNS2"
3.54647983583698e-12,0.383113496387193,0.386,0.218,1.29804708471469e-07,"1","AGTRAP"
3.72032382605078e-12,0.425532297826452,0.361,0.202,1.36167572357285e-07,"1","TRIP11"
3.75685766905658e-12,0.542038488463399,0.291,0.151,1.3750474754514e-07,"1","TMEM115"
3.78980033856646e-12,0.272074936561403,0.702,0.459,1.38710482191871e-07,"1","PA2G4"
3.85763685294915e-12,0.383798965639756,0.271,0.14,1.41193366454792e-07,"1","GNB4"
3.93159485206361e-12,0.651174584841752,0.329,0.18,1.4390030318038e-07,"1","SIAH1"
3.96929970929888e-12,0.394815440439763,0.339,0.186,1.45280338660048e-07,"1","RECQL"
4.05177797254849e-12,0.351684660669344,0.289,0.147,1.48299125573247e-07,"1","LYRM1"
4.14524474223046e-12,0.297451891048573,0.426,0.251,1.51720102810377e-07,"1","PSMD3"
4.21266778219363e-12,0.605325455882666,0.291,0.157,1.54187853496069e-07,"1","ACSL4"
4.23633041322919e-12,0.345938912763343,0.368,0.204,1.55053929454602e-07,"1","RTL8A"
4.44682762951968e-12,0.254154248093403,0.292,0.151,1.6275833806805e-07,"1","EEF1E1"
4.57402920752583e-12,0.269855329577279,0.498,0.294,1.67414043024653e-07,"1","NAA10"
4.6047259864006e-12,0.292544891826498,0.473,0.286,1.68537575828248e-07,"1","KPNB1"
4.63488985537801e-12,0.49957865099652,0.258,0.128,1.6964160359669e-07,"1","LNPK"
4.69695595671562e-12,0.297184047800328,0.327,0.174,1.71913284971748e-07,"1","ATF7"
4.88484640480163e-12,0.391771186324433,0.255,0.125,1.78790263262144e-07,"1","GPX7"
5.08813906439563e-12,0.396226223244484,0.395,0.225,1.86230977895945e-07,"1","RSU1"
5.14412677994518e-12,0.251860724109146,0.439,0.256,1.88280184272774e-07,"1","SMAP1"
5.15270415318325e-12,0.313407256898428,0.419,0.243,1.8859412471066e-07,"1","MRPL3"
5.37440477705837e-12,0.31845632309464,0.412,0.231,1.96708589245113e-07,"1","GOPC"
5.47665352907103e-12,0.274150887038013,0.291,0.148,2.00450995817529e-07,"1","BBIP1"
5.68718031197605e-12,0.332048965355573,0.43,0.25,2.08156486598635e-07,"1","CFAP298"
5.73392448711615e-12,0.276180266702798,0.375,0.21,2.09867370152938e-07,"1","STK25"
5.8515779606521e-12,0.618100556784416,0.256,0.13,2.14173604937828e-07,"1","SLC39A13"
6.37422920231874e-12,0.25443364042791,0.505,0.311,2.33303163034068e-07,"1","CLINT1"
6.3958439156114e-12,0.411439978133125,0.345,0.19,2.34094283155293e-07,"1","SNAP23"
6.40373756256806e-12,0.262658916500171,0.269,0.138,2.34383198527553e-07,"1","EIF2D"
6.89836835821584e-12,0.522500464727493,0.269,0.135,2.52487180279058e-07,"1","CDKN2C"
7.02798987353971e-12,0.427523916805993,0.291,0.151,2.57231457361427e-07,"1","CBX1"
7.11069286003033e-12,0.509930589691094,0.35,0.198,2.6025846936997e-07,"1","MAPK6"
7.24321124041297e-12,0.272554321153631,0.496,0.304,2.65108774610355e-07,"1","POLR2G"
7.78477704894525e-12,0.392607935181328,0.267,0.138,2.84930624768445e-07,"1","AMFR"
7.82440800613622e-12,0.501892297893751,0.278,0.145,2.86381157432592e-07,"1","ANKH"
8.06733355907452e-12,0.383858002715546,0.437,0.258,2.95272475595687e-07,"1","IFI6"
8.44834155165602e-12,0.287075785618374,0.386,0.219,3.09217749132162e-07,"1","POLR2H"
8.91017998169136e-12,0.283998076751159,0.318,0.167,3.26121497509886e-07,"1","PLEKHA1"
9.93962289413096e-12,0.263145415655281,0.428,0.253,3.63800137548087e-07,"1","FNTA"
1.06071833822985e-11,0.369378235738422,0.363,0.209,3.88233518975509e-07,"1","PLXDC2"
1.10690056254194e-11,0.363070003464488,0.287,0.151,4.05136674895977e-07,"1","CTBP2"
1.11849598538792e-11,0.421779788287356,0.303,0.162,4.09380715611834e-07,"1","ATAD1"
1.18148403621198e-11,0.408702233115355,0.39,0.233,4.32434972093947e-07,"1","PDLIM5"
1.19468606289447e-11,0.441050646471348,0.256,0.13,4.37267045880005e-07,"1","KDM7A"
1.2345546359127e-11,0.295090806706239,0.46,0.279,4.51859342290406e-07,"1","NQO2"
1.34971366403332e-11,0.581116618435062,0.327,0.183,4.94008698172834e-07,"1","RAD50"
1.4442898015613e-11,0.289950979128845,0.504,0.312,5.2862451026945e-07,"1","STOML2"
1.58178759484021e-11,0.363946558628287,0.354,0.198,5.78950077587464e-07,"1","ETFRF1"
1.5944944819935e-11,0.46473505069138,0.301,0.163,5.83600925354439e-07,"1","TYW3"
1.67118167559221e-11,0.398393153043157,0.338,0.187,6.11669205083505e-07,"1","UFL1"
1.84969886477866e-11,0.425528634223881,0.383,0.218,6.77008281497638e-07,"1","ARF3"
1.86128532515119e-11,0.458619719793065,0.338,0.185,6.81249041858587e-07,"1","DCTD"
1.87930852567505e-11,0.424052406604905,0.319,0.177,6.87845713482326e-07,"1","BSCL2"
1.92334212736628e-11,0.253967007219462,0.632,0.403,7.03962452037332e-07,"1","ALKBH7"
1.94636611545945e-11,0.268232892202238,0.365,0.204,7.12389461919312e-07,"1","ATXN7L3B"
2.10466405370769e-11,0.305945189320934,0.383,0.223,7.70328090297553e-07,"1","ARL8A"
2.36996684618871e-11,0.488803554740462,0.291,0.156,8.67431565373528e-07,"1","EMG1"
2.45760687723327e-11,0.580361620572551,0.251,0.128,8.99508693136147e-07,"1","CARS2"
2.51075003348606e-11,0.304668218100841,0.291,0.155,9.18959619756232e-07,"1","TWF1"
2.56826779824685e-11,0.272815600897219,0.388,0.228,9.4001169683633e-07,"1","NIT2"
2.57178175017412e-11,0.539670327088206,0.274,0.142,9.41297838381228e-07,"1","TXLNA"
2.57961328502016e-11,0.533394037646411,0.265,0.136,9.44164258450228e-07,"1","SCAMP1"
2.73530380523772e-11,0.273423968115497,0.265,0.135,1.00114854575506e-06,"1","RPIA"
2.74894081974788e-11,0.261299939506807,0.444,0.265,1.00613982943592e-06,"1","SSR1"
3.07017240729044e-11,0.265397508305826,0.372,0.211,1.12371380279237e-06,"1","DAAM1"
3.12176395463454e-11,0.397790028901856,0.361,0.208,1.14259682503579e-06,"1","SUPT16H"
3.12566716481132e-11,0.37893450722094,0.386,0.224,1.14402543899259e-06,"1","IL13RA1"
3.17781289971919e-11,0.623668651826445,0.276,0.15,1.16311129942622e-06,"1","LTV1"
3.62412150790185e-11,0.404008899994402,0.319,0.175,1.32646471310716e-06,"1","HDAC3"
3.76758124291128e-11,0.390146257931946,0.321,0.176,1.37897241071796e-06,"1","EPRS"
3.89750100339226e-11,0.398290715019863,0.307,0.168,1.4265243422516e-06,"1","QSOX1"
3.96962736774483e-11,0.329660415247039,0.361,0.206,1.45292331286829e-06,"1","ATP6V1E1"
4.30204115208604e-11,0.466296719639784,0.285,0.155,1.57459008207501e-06,"1","DLST"
4.7919094431847e-11,0.292320810084225,0.462,0.281,1.75388677530003e-06,"1","PMVK"
4.96641996256993e-11,0.459407280620286,0.312,0.175,1.81775937050022e-06,"1","MAGT1"
5.35952085883573e-11,0.361485696323203,0.292,0.157,1.96163822954247e-06,"1","MPDU1"
5.72657106526359e-11,0.255698256159554,0.469,0.288,2.09598227559713e-06,"1","BUD23"
5.74152141050938e-11,0.406957610806703,0.253,0.129,2.10145425146054e-06,"1","SESN3"
5.82080145526418e-11,0.402633511239602,0.426,0.261,2.13047154064124e-06,"1","COMMD4"
5.86788914591727e-11,0.315921003582515,0.37,0.214,2.14770610629718e-06,"1","SLC43A3"
6.18363910980093e-11,0.281304739923466,0.403,0.24,2.26327375057824e-06,"1","UBE2D1"
6.22711294303671e-11,0.476684855094238,0.35,0.205,2.27918560828087e-06,"1","TMEM242"
6.70610148945907e-11,0.449144747950109,0.319,0.177,2.45450020615691e-06,"1","RPF2"
6.89543063397195e-11,0.409292161354509,0.251,0.129,2.52379656634007e-06,"1","BMPR2"
7.09801397277838e-11,0.426748501667769,0.368,0.215,2.59794409417661e-06,"1","BZW2"
7.23372579157579e-11,0.526379170848024,0.262,0.136,2.64761597697466e-06,"1","FAM210B"
7.24842971926217e-11,0.345406983967474,0.482,0.303,2.65299776154715e-06,"1","COMMD1"
7.57549926171412e-11,0.290706128704576,0.63,0.426,2.77270848477998e-06,"1","PSMA3"
7.86688988360824e-11,0.25333669902178,0.31,0.17,2.87936036629945e-06,"1","OXR1"
8.6006050020047e-11,0.25673644846515,0.52,0.33,3.14790743678374e-06,"1","ETF1"
8.64282187902338e-11,0.257455477711165,0.466,0.285,3.16335923594135e-06,"1","SUCLG1"
9.09401033621657e-11,0.325284480192874,0.529,0.341,3.32849872315863e-06,"1","TXN2"
9.30421714188935e-11,0.515439568592029,0.253,0.13,3.40543651610292e-06,"1","TULP3"
9.46667902913799e-11,0.506698260478003,0.274,0.147,3.46489919145479e-06,"1","TM2D2"
9.82943940440861e-11,0.438076913214585,0.33,0.188,3.59767311640759e-06,"1","COMMD2"
1.04841559730231e-10,0.270618405206515,0.336,0.192,3.83730592768619e-06,"1","SMIM15"
1.05346730647427e-10,0.254703410293039,0.509,0.326,3.85579568842648e-06,"1","NAA20"
1.06632264352157e-10,0.296411678982251,0.403,0.243,3.90284750755329e-06,"1","SAMD4B"
1.08413257881872e-10,0.363829909006132,0.354,0.203,3.96803365173441e-06,"1","ARL16"
1.16478115880781e-10,0.269988210719993,0.255,0.133,4.26321551935245e-06,"1","NCALD"
1.22767198855532e-10,0.426293560070564,0.332,0.189,4.49340224531132e-06,"1","ERI3"
1.28163204766719e-10,0.310120716886378,0.486,0.3,4.69090145766667e-06,"1","AKR7A2"
1.31249134855723e-10,0.369797100489699,0.404,0.251,4.8038495848543e-06,"1","USP12"
1.321732949031e-10,0.259838711527746,0.3,0.165,4.83767476674838e-06,"1","ARHGAP5"
1.33712594385992e-10,0.262555729643417,0.256,0.134,4.89401466712169e-06,"1","PRPSAP1"
1.35437791115678e-10,0.267966953187171,0.52,0.324,4.95715859262494e-06,"1","RNF13"
1.40641152088567e-10,0.302729132266806,0.292,0.156,5.14760680759364e-06,"1","RBMX2"
1.48911912690682e-10,0.270113245238999,0.343,0.198,5.45032491639166e-06,"1","C1orf52"
1.59039711294916e-10,0.54875681985747,0.274,0.147,5.82101247310523e-06,"1","ANAPC13"
1.63909228013471e-10,0.389288233926266,0.3,0.164,5.99924165452105e-06,"1","RABEP1"
1.66485789474464e-10,0.379884841079462,0.316,0.176,6.09354638055487e-06,"1","B3GAT3"
1.7220198505186e-10,0.549102270156564,0.255,0.135,6.30276485488312e-06,"1","BCCIP"
1.73796384126189e-10,0.496120126126076,0.289,0.157,6.36112145540263e-06,"1","PDZD11"
1.7397399140828e-10,0.524361003917665,0.271,0.145,6.36762205953445e-06,"1","SMIM30"
1.7561787768834e-10,0.588956309380921,0.258,0.139,6.42778994127093e-06,"1","TNFRSF10B"
1.89372495712196e-10,0.32459656342819,0.366,0.214,6.9312227155621e-06,"1","CCDC115"
1.91808057163932e-10,0.383523353946345,0.37,0.218,7.02036670025707e-06,"1","PTS"
1.96065209029864e-10,0.35875930450766,0.377,0.225,7.17618271570206e-06,"1","SCFD1"
2.14276302650194e-10,0.36477043560362,0.269,0.143,7.84272695329974e-06,"1","JADE1"
2.14994015477537e-10,0.384360369810953,0.274,0.146,7.86899596049332e-06,"1","DENND10"
2.16944324754739e-10,0.325844737884926,0.386,0.227,7.9403792303482e-06,"1","SHARPIN"
2.21526122187696e-10,0.365872258200659,0.327,0.188,8.10807759819187e-06,"1","SND1"
2.42656294178536e-10,0.391895781127092,0.283,0.151,8.8814630232286e-06,"1","P4HTM"
2.43001972852183e-10,0.266622232020774,0.352,0.198,8.89411520836274e-06,"1","TSNAX"
2.67039893239815e-10,0.438884589913578,0.267,0.145,9.77392713247046e-06,"1","UTP11"
2.97163361913253e-10,0.560673867727674,0.255,0.137,1.0876476209387e-05,"1","SLC39A3"
3.24996847771748e-10,0.313308283280126,0.399,0.246,1.18952096252938e-05,"1","RAB32"
3.28058166906975e-10,0.296487773855757,0.285,0.156,1.20072569669622e-05,"1","SEL1L"
3.31783033875227e-10,0.366105483464712,0.282,0.151,1.21435908228672e-05,"1","ALDH3A2"
3.37693601411869e-10,0.319161351042506,0.264,0.139,1.23599235052758e-05,"1","ASCC3"
3.67966726202774e-10,0.271670414021562,0.442,0.272,1.34679501457477e-05,"1","MFF"
4.06399738080339e-10,0.369246215613521,0.256,0.136,1.48746368134785e-05,"1","SLC35A3"
4.28498386793687e-10,0.29370129335141,0.262,0.139,1.56834694550357e-05,"1","HGS"
4.40424970267983e-10,0.360152744635755,0.258,0.135,1.61199943367784e-05,"1","DALRD3"
4.52644671379033e-10,0.268277144168102,0.419,0.257,1.6567247617144e-05,"1","CEBPG"
4.69659385538298e-10,0.418382014428738,0.256,0.138,1.71900031700872e-05,"1","MGAT2"
4.79157341988651e-10,0.498707021776462,0.352,0.21,1.75376378741266e-05,"1","CXXC5"
5.27475210830032e-10,0.289064899614883,0.303,0.168,1.930612019159e-05,"1","ZMYND11"
6.08810245300897e-10,0.398540207609751,0.291,0.163,2.22830637882581e-05,"1","CMC4"
7.21722369229623e-10,0.284042426816311,0.278,0.156,2.64157604361734e-05,"1","RETREG2"
7.25418900359253e-10,0.360545862753946,0.37,0.228,2.6551057172049e-05,"1","MRPS16"
7.27904568213757e-10,0.445209777285381,0.256,0.139,2.66420351011917e-05,"1","MRPS2"
7.33679518086005e-10,0.542877977161176,0.269,0.147,2.68534040414659e-05,"1","SIGMAR1"
7.88377569631565e-10,0.330961635476262,0.285,0.158,2.88554074260849e-05,"1","MACO1"
9.62432656573699e-10,0.540707141978708,0.258,0.142,3.5225997663254e-05,"1","LRRC58"
9.77809227121882e-10,0.354061750705701,0.258,0.139,3.5788795521888e-05,"1","DDB1"
9.78260705954768e-10,0.496261220951373,0.291,0.165,3.58053200986505e-05,"1","C17orf58"
1.05551213969751e-09,0.273011605003234,0.273,0.148,3.86327998250684e-05,"1","FH"
1.1841673566723e-09,0.428146886291733,0.274,0.152,4.33417094215628e-05,"1","NDUFS1"
1.3792990467275e-09,0.288731742707833,0.495,0.315,5.04837244092731e-05,"1","ACAA2"
1.44710966102702e-09,0.350632260495659,0.31,0.176,5.29656607032498e-05,"1","DPM2"
1.47150432217253e-09,0.353775062973434,0.332,0.195,5.38585296958367e-05,"1","TIMM10"
2.02702044632276e-09,0.307664267049008,0.312,0.182,7.41909753558595e-05,"1","SS18"
2.04036012123724e-09,0.409288487606427,0.301,0.176,7.46792207974042e-05,"1","ACAT1"
2.09893058491299e-09,0.43234677752689,0.298,0.172,7.68229583384003e-05,"1","CAMK1"
2.17343288544878e-09,0.358185851166863,0.348,0.207,7.95498170403108e-05,"1","FLYWCH2"
2.90794953650535e-09,0.34229056230006,0.419,0.261,0.000106433860985632,"1","PSENEN"
2.98391976206159e-09,0.253519516452333,0.31,0.181,0.000109214447211216,"1","GNPTG"
3.14908266762857e-09,0.338381098272866,0.289,0.167,0.000115259574717873,"1","TSPAN31"
3.28042792357562e-09,0.471154852676086,0.265,0.147,0.000120066942430791,"1","QDPR"
3.39536517425036e-09,0.27062348009775,0.339,0.2,0.000124273760742737,"1","PRKDC"
3.42975153575709e-09,0.336066042792304,0.323,0.189,0.000125532335960245,"1","MED19"
3.54217510694943e-09,0.301166647578858,0.329,0.196,0.000129647151089456,"1","CERT1"
5.31300695999286e-09,0.285886407665725,0.374,0.226,0.000194461367742699,"1","PSMD14"
6.34817615454909e-09,0.453753258862514,0.26,0.145,0.000232349595432651,"1","PER3"
7.91777338678602e-09,0.302991998178183,0.298,0.172,0.000289798423729755,"1","GIPC1"
7.93442247786747e-09,0.366159027442307,0.312,0.186,0.000290407797112427,"1","DEF8"
7.94272041196221e-09,0.266350161050623,0.296,0.174,0.000290711509798229,"1","MALSU1"
8.15857313379746e-09,0.359272041326307,0.35,0.213,0.000298611935270121,"1","MRPL13"
9.34757973839077e-09,0.472906162574825,0.253,0.143,0.000342130766004841,"1","SPPL3"
9.56589289811803e-09,0.404584947356527,0.262,0.149,0.000350121245964018,"1","MICU1"
9.68450847495747e-09,0.302045195070247,0.296,0.174,0.000354462694691918,"1","MRPL24"
9.75552566028116e-09,0.313340116235925,0.274,0.158,0.000357061994691951,"1","ZMPSTE24"
1.14026138928038e-08,0.318808676064607,0.258,0.143,0.000417347071090513,"1","CLN3"
1.1826771013818e-08,0.433432650105613,0.256,0.144,0.000432871645876754,"1","RNF24"
1.28185880758693e-08,0.263765084534538,0.343,0.206,0.000469173142164891,"1","EPS15"
1.81842403608409e-08,0.461680056923605,0.265,0.154,0.000665561381447137,"1","CTNNAL1"
1.86137873440812e-08,0.282322151963128,0.3,0.179,0.000681283230580716,"1","MRPS10"
2.2801024083438e-08,0.307623212263902,0.314,0.187,0.000834540282477914,"1","CDC27"
2.65729393602947e-08,0.316857728676023,0.251,0.14,0.000972596153526147,"1","PRPF18"
2.69360474156663e-08,0.282040723894956,0.399,0.251,0.000985886271460802,"1","MRPS34"
2.88619015398007e-08,0.263104081721713,0.276,0.165,0.00105637445825825,"1","DDX54"
3.32686462117106e-08,0.295906654917045,0.35,0.218,0.00121766571999482,"1","NARS"
3.58118768501935e-08,0.388393088481123,0.271,0.161,0.00131075050459393,"1","SCYL1"
3.62603189569965e-08,0.361508974181024,0.276,0.162,0.00132716393414503,"1","WDR46"
3.98844753043446e-08,0.426843746815365,0.283,0.17,0.00145981168061432,"1","RPL26L1"
4.00537827903146e-08,0.354541286656842,0.267,0.156,0.00146600850390831,"1","SPECC1"
4.99249767702997e-08,0.333251238051545,0.292,0.174,0.00182730407476974,"1","EIF2B1"
5.12789090739722e-08,0.441241294996125,0.26,0.153,0.00187685935101645,"1","INAFM1"
5.28522386540469e-08,0.266145110562927,0.33,0.205,0.00193444478697677,"1","ATP6V1B2"
5.36501129345193e-08,0.258140118692192,0.273,0.161,0.00196364778351634,"1","KATNA1"
6.33029371968185e-08,0.299134907947635,0.325,0.201,0.00231695080434075,"1","MEA1"
6.45458964192421e-08,0.548022551245656,0.285,0.175,0.00236244435484068,"1","ZNF503"
9.58619609576028e-08,0.441860384262787,0.271,0.161,0.00350864363300922,"1","MRPL15"
1.25573525875422e-07,0.289894444451399,0.265,0.159,0.00459611662056633,"1","NFE2L1"
1.28737441232327e-07,0.297504058557812,0.298,0.185,0.00471191908654439,"1","PHAX"
1.95970132492474e-07,0.265580276174709,0.298,0.182,0.00717270281935705,"1","PRKAG1"
3.11386941701271e-07,0.318957993779394,0.267,0.161,0.0113970734532082,"1","CLSTN1"
4.87375918278679e-07,0.316378241548467,0.26,0.157,0.0178384459849179,"1","ARMC10"
5.8542016756567e-07,0.309566361958401,0.264,0.161,0.0214269635530711,"1","NOTCH2"
9.26165757069574e-07,0.317871922652933,0.3,0.188,0.0338985928745035,"1","C14orf119"
1.07662163015513e-06,0.26016064054161,0.262,0.162,0.039405428285308,"1","ADSL"
1.72297095798356e-06,0.311281850126284,0.253,0.157,0.0630624600331563,"1","TAOK1"
3.91948934073219e-06,0.409099600570601,0.269,0.176,0.143457229360139,"1","PLK2"
4.05063360689669e-06,0.266938490770777,0.273,0.174,0.148257240646026,"1","TRIP12"
3.67904641925764e-05,0.471890977722018,0.531,0.426,1,"1","IER3"
0.00012877729630454,0.275666441096178,0.262,0.181,1,"1","GALK1"
0.000410979858731604,0.456874608158507,0.329,0.247,1,"1","CXCL8"
3.06318349052034e-288,5.74540848346726,0.678,0.02,1.12115578936535e-283,"2","CD3E"
1.21137221847796e-256,4.55637998606679,0.798,0.069,4.43374345685119e-252,"2","IL7R"
6.37833426421135e-255,5.1476860861884,0.59,0.014,2.334534124044e-250,"2","CD3D"
4.12298713636291e-250,5.78152039100818,0.668,0.034,1.50905452178019e-245,"2","LTB"
4.7802352786506e-189,3.3858593673945,0.827,0.133,1.74961391433891e-184,"2","CD52"
2.46328498824185e-183,4.10513547497466,0.547,0.032,9.01586938546398e-179,"2","SPOCK2"
7.19357758460875e-175,4.66314371789597,0.423,0.011,2.63292133174265e-170,"2","CD3G"
4.71516788258607e-170,4.47567118327783,0.547,0.041,1.72579859670533e-165,"2","TRBC2"
8.43560419195881e-162,4.00057497461727,0.521,0.038,3.08751549029885e-157,"2","CD2"
3.72178414532002e-158,2.99091427676843,0.808,0.15,1.36221021502858e-153,"2","CD69"
9.4251045436246e-153,2.47409221186373,0.915,0.223,3.44968251401204e-148,"2","CXCR4"
5.5866795688366e-138,5.25897027884303,0.433,0.03,2.04478058898989e-133,"2","BATF"
7.04317538596432e-137,2.74922828265878,0.818,0.205,2.5778726230168e-132,"2","EZR"
9.73335316010097e-137,2.68350194344791,0.743,0.145,3.56250459012856e-132,"2","CD48"
9.90201601665889e-136,2.55583043796643,0.798,0.183,3.62423688225732e-131,"2","PTPRC"
4.38904140917226e-122,4.25010206252238,0.375,0.022,1.60643304617114e-117,"2","BCL11B"
4.57742270188029e-121,3.6421352964657,0.769,0.231,1.67538248311521e-116,"2","IL32"
1.29887208420774e-119,1.29941350896348,0.98,0.953,4.75400171540877e-115,"2","RPL28"
2.45368818193018e-118,4.30777425499374,0.342,0.017,8.98074411468263e-114,"2","BICDL1"
6.85284047995995e-116,1.90601652460689,0.954,0.298,2.50820814407014e-111,"2","SRGN"
2.27029503947729e-115,1.41452703642815,0.971,0.94,8.30950687399083e-111,"2","RPS29"
5.24568018674788e-114,2.75307744926736,0.632,0.119,1.91997140515159e-109,"2","SAMSN1"
3.92831484526039e-113,2.62240286380747,0.7,0.159,1.43780251651376e-108,"2","CD37"
1.41630388917651e-109,3.90064567198145,0.443,0.05,5.18381386477493e-105,"2","RHOH"
1.99829507022505e-108,4.47237193592899,0.329,0.018,7.3139597865307e-104,"2","ITK"
1.38492209789085e-107,1.4437997341135,0.997,0.967,5.0689533704903e-103,"2","B2M"
2.38164501451779e-106,3.17037629801679,0.446,0.051,8.71705891763658e-102,"2","LIME1"
3.67211042946085e-105,1.18958642208056,0.984,0.965,1.34402913828696e-100,"2","RPS27"
8.04491669789017e-103,3.12648880881261,0.596,0.126,2.94451996059478e-98,"2","BIRC3"
2.03297075533649e-100,2.2681775047844,0.85,0.344,7.4408762616071e-96,"2","ARHGDIB"
3.60619804494059e-98,2.26177767584709,0.902,0.674,1.31990454642871e-93,"2","SARAF"
3.85034573079733e-98,1.24375102808023,0.99,0.946,1.40926504092913e-93,"2","RPS19"
6.45068703104779e-96,1.69424629251862,0.984,0.836,2.3610159602338e-91,"2","BTG1"
1.8706728562919e-95,3.71517470175348,0.554,0.12,6.84684972131397e-91,"2","CRYBG1"
5.50476506791522e-95,1.02916527999786,0.977,0.955,2.01479906250765e-90,"2","RPS27A"
1.31847889955082e-94,1.1197668790174,0.977,0.94,4.82576462024595e-90,"2","RPL23A"
7.12738444603919e-94,0.948542521932215,0.974,0.948,2.6086939810948e-89,"2","RPS16"
3.36699327108339e-93,1.04387814629681,0.977,0.952,1.23235320714923e-88,"2","RPS15A"
1.48292142268673e-90,3.76456416586337,0.479,0.087,5.4276406991757e-86,"2","TRAC"
2.70773836767152e-89,1.75737684156681,0.964,0.811,9.91059319951454e-85,"2","TSC22D3"
4.19281838380339e-87,1.3186547216114,0.941,0.919,1.53461345665588e-82,"2","RPSA"
4.62031336336252e-87,1.12253629561426,0.961,0.95,1.69108089412431e-82,"2","RPS3"
6.99655279125097e-87,4.28485361740897,0.283,0.019,2.56080828712577e-82,"2","PRKCQ-AS1"
9.26592126853151e-86,0.900783891637184,0.987,0.955,3.39141984349522e-81,"2","RPL30"
4.0034299139566e-85,0.883419373183597,0.993,0.965,1.46529538280726e-80,"2","RPL13"
7.11690016301885e-85,2.64404777325265,0.508,0.098,2.60485662866653e-80,"2","TUBA4A"
1.98786871070761e-84,0.983157211026258,0.98,0.96,7.27579826806093e-80,"2","RPS12"
2.21440820709027e-84,4.09667296255345,0.401,0.061,8.10495547877111e-80,"2","RCAN3"
8.09892615441269e-84,2.84189804079925,0.56,0.132,2.96428796177659e-79,"2","CNOT6L"
1.09096276446527e-83,1.38994995558667,0.98,0.863,3.99303281421934e-79,"2","HLA-B"
1.63153213033093e-81,1.00288447903496,0.974,0.939,5.97157075022425e-77,"2","RPLP2"
4.13189373357034e-81,0.935355313096012,0.99,0.972,1.51231442542408e-76,"2","RPLP1"
4.29934950695491e-81,2.08938467148357,0.87,0.457,1.57360491304057e-76,"2","TNFAIP3"
8.10330673843254e-81,2.36966436875301,0.573,0.136,2.96589129933369e-76,"2","CYTIP"
1.28704081833413e-80,2.62257318164048,0.44,0.071,4.71069809918475e-76,"2","PCED1B-AS1"
4.84009528311401e-80,1.91050807656811,0.72,0.229,1.77152327457256e-75,"2","ARL4C"
5.46653434520283e-79,3.18078536059272,0.456,0.084,2.00080623568769e-74,"2","ACAP1"
6.36399950999288e-79,1.61368416094189,0.707,0.185,2.32928746065249e-74,"2","LAPTM5"
4.69203088376821e-78,1.37713809107267,0.951,0.875,1.717330223768e-73,"2","HLA-C"
6.84192123581625e-78,0.840083474530394,0.987,0.964,2.5042115915211e-73,"2","RPS18"
7.06526737109853e-77,3.00556240788246,0.433,0.078,2.58595851049577e-72,"2","TENT5C"
4.80817539275433e-76,2.16580668194398,0.508,0.104,1.75984027550201e-71,"2","ALOX5AP"
9.23553489359226e-76,1.95218399919724,0.599,0.152,3.3802981264037e-71,"2","CD53"
1.20115866398466e-75,3.40037390166917,0.261,0.019,4.39636082605027e-71,"2","GATA3"
3.45792332491859e-74,0.812065554293584,0.98,0.956,1.26563451615345e-69,"2","RPL13A"
8.3774931500547e-74,1.0066674577284,0.935,0.916,3.06624626785152e-69,"2","RPS21"
1.35884843682942e-73,0.776592571937219,0.984,0.964,4.97352116363935e-69,"2","RPL19"
2.54141675396915e-73,3.77845843526252,0.349,0.049,9.30183946120248e-69,"2","ARHGAP15"
9.56283264448596e-73,2.91007811256173,0.394,0.062,3.50009237620831e-68,"2","TRBC1"
1.92936944766578e-72,2.81517209299522,0.616,0.212,7.06168511540151e-68,"2","FAM107B"
5.62194173422009e-72,1.18610210329643,0.971,0.914,2.0576868941419e-67,"2","HLA-A"
6.1907304039589e-72,0.760751031612019,0.974,0.962,2.265869235153e-67,"2","RPL41"
6.95616081986424e-72,2.52462299440981,0.45,0.088,2.54602442167851e-67,"2","RNF125"
7.4405818078312e-71,0.939014451051857,0.971,0.941,2.7233273474843e-66,"2","RPS25"
1.38953755631674e-70,2.1323710750696,0.739,0.319,5.08584640987492e-66,"2","CREM"
7.39763572909941e-70,0.828128485091094,0.98,0.952,2.70760865320768e-65,"2","RPS14"
1.39304213386165e-69,0.963883727707268,1,0.97,5.09867351414702e-65,"2","MALAT1"
8.15979019272393e-69,0.891890420315893,0.967,0.942,2.98656480843888e-64,"2","RPS28"
3.88088821604162e-67,2.50871521593323,0.681,0.265,1.42044389595339e-62,"2","DDIT4"
4.05372391619077e-67,0.737369043997565,0.98,0.965,1.48370349056498e-62,"2","RPL32"
4.17373965480604e-67,2.43552345707072,0.45,0.091,1.52763045105556e-62,"2","KLRB1"
2.52219287010233e-66,1.94455703042026,0.56,0.152,9.23147812386154e-62,"2","ISG20"
3.46826895651927e-66,0.842258891161969,0.974,0.95,1.26942112077562e-61,"2","RPS6"
6.59970334720173e-66,0.80777496210028,0.977,0.954,2.41555742210931e-61,"2","RPL34"
1.52371885071098e-65,0.791397903040598,0.964,0.943,5.57696336548724e-61,"2","RPS7"
1.31275027985006e-64,0.807971908891598,0.967,0.95,4.80479729927919e-60,"2","RPL17"
5.68174366679366e-64,0.890315146191441,0.967,0.944,2.07957499948315e-59,"2","RPL21"
7.90360407421061e-64,0.978510518232001,0.954,0.899,2.89279812720183e-59,"2","RPL38"
2.84197856845873e-63,0.701152657225361,1,0.98,1.04019257584158e-58,"2","EEF1A1"
5.46268857838439e-63,1.63187732362546,0.606,0.172,1.99939864657447e-58,"2","HCST"
8.49180808045278e-63,0.822929938511775,0.977,0.965,3.10808667552652e-58,"2","RPS2"
4.58015393389513e-62,2.38300758821816,0.482,0.125,1.67638214134496e-57,"2","GPSM3"
5.81285529147616e-62,0.733865836163616,0.99,0.978,2.12756316523319e-57,"2","TPT1"
1.07486115308538e-61,2.67188548967595,0.59,0.228,3.93409930640779e-57,"2","LEPROTL1"
5.45146590119168e-61,3.47501016870053,0.313,0.046,1.99529103449517e-56,"2","TNFRSF18"
1.63994900407477e-60,2.49869427303874,0.355,0.065,6.00237734981407e-56,"2","EMB"
2.5317845432844e-60,0.707318021610116,0.964,0.957,9.26658460687525e-56,"2","RPL18A"
3.77381472769217e-60,2.21776112364692,0.625,0.232,1.38125392848261e-55,"2","ZNF331"
4.201822639276e-60,2.62050136205998,0.401,0.083,1.53790910420141e-55,"2","PRDM1"
5.69049305115364e-60,2.39367734669225,0.528,0.172,2.08277736165274e-55,"2","CDC42SE2"
6.01486515279139e-60,0.777537475565947,0.974,0.957,2.20150079457318e-55,"2","RPS3A"
9.13346781016263e-60,1.9081222229706,0.792,0.574,3.34294055319763e-55,"2","FXYD5"
2.17854606299996e-59,2.91284499808682,0.375,0.073,7.97369644518617e-55,"2","DUSP4"
3.01954429996299e-59,2.73390107233236,0.401,0.087,1.10518340922945e-54,"2","EVI2B"
3.02664408339314e-59,0.688973573383378,0.971,0.945,1.10778200096272e-54,"2","RPS15"
3.97624239248119e-59,0.707530290544111,0.964,0.949,1.45534447807204e-54,"2","RPL18"
5.16727491741342e-59,2.91600252923533,0.274,0.033,1.89127429252249e-54,"2","CD96"
7.53044349667916e-59,3.60384311541986,0.313,0.05,2.75621762421954e-54,"2","CLEC2D"
9.32027463866172e-59,0.762496253250601,0.967,0.956,3.41131372049657e-54,"2","RPL3"
3.70152333541316e-58,1.94325461123529,0.479,0.122,1.35479455599457e-53,"2","RUNX3"
8.77604267014451e-58,2.06537530967736,0.469,0.12,3.21211937769959e-53,"2","RAC2"
4.55644931235045e-57,2.94989195463569,0.391,0.086,1.66770601281339e-52,"2","FYB1"
4.66664519795891e-57,2.2907483009256,0.658,0.312,1.70803880890494e-52,"2","STK17B"
6.85763030228481e-57,0.66474619392453,0.974,0.953,2.50996126693926e-52,"2","RPL26"
1.46145106097507e-56,0.595686576392064,0.984,0.977,5.34905702827487e-52,"2","RPL10"
7.01062741371762e-56,2.51182302907529,0.511,0.163,2.56595973969478e-51,"2","ICAM3"
7.99847955871485e-56,0.628224840104839,0.971,0.96,2.92752350328522e-51,"2","RPL11"
9.42247662916276e-56,0.864073693286765,0.967,0.929,3.44872067103986e-51,"2","RPL27A"
9.999172816646e-56,0.929712813480312,0.961,0.902,3.6597972426206e-51,"2","RPL36A"
4.03367863239783e-55,0.862896482581628,0.967,0.916,1.47636671624393e-50,"2","RPL36"
5.07507152425986e-55,2.96166479071482,0.277,0.038,1.85752692859435e-50,"2","SKAP1"
1.28439909968546e-53,0.70069254158452,0.984,0.945,4.70102914475874e-49,"2","RPL37"
2.78066368324937e-53,2.10062772909543,0.505,0.148,1.0177507147061e-48,"2","RGS1"
3.89827534874573e-53,0.739845795269888,0.954,0.929,1.42680776039442e-48,"2","RPS20"
3.05085667553119e-52,2.00815829782846,0.489,0.139,1.11664405181117e-47,"2","CORO1A"
3.18410154071697e-52,0.643170017649523,0.964,0.945,1.16541300491782e-47,"2","FAU"
4.62023417284817e-52,1.33946945261527,0.489,0.131,1.69105190960416e-47,"2","GPR183"
9.36068821865531e-52,1.84719421670338,0.554,0.18,3.42610549491003e-47,"2","GMFG"
1.16723268279886e-51,1.05156233067607,0.919,0.894,4.27218834231209e-47,"2","CALM1"
1.39783341889789e-51,1.23512321488825,0.606,0.203,5.11621009650816e-47,"2","DUSP2"
1.49848237622044e-51,0.66797747185976,0.974,0.946,5.48459534520444e-47,"2","RPL9"
3.53648654835328e-51,0.825576451408366,0.945,0.913,1.29438944156278e-46,"2","RPL27"
6.66584102236922e-51,2.02971325825353,0.544,0.19,2.43976447259736e-46,"2","SMAP2"
9.37638894464482e-51,2.90360017020021,0.283,0.046,3.43185211762945e-46,"2","OCIAD2"
1.50652622052769e-50,2.49218338720926,0.394,0.095,5.51403661975339e-46,"2","IL2RG"
5.48770510766877e-50,2.31534018653024,0.57,0.237,2.00855494645785e-45,"2","STK4"
6.36493532968762e-50,2.32678797780935,0.322,0.061,2.32962998001897e-45,"2","STAT4"
1.16547575641326e-48,3.33285217739653,0.3,0.058,4.26575781604818e-44,"2","CDC14A"
1.938149340814e-48,1.01950587138225,0.928,0.881,7.09382040231331e-44,"2","EEF1B2"
8.66062868819041e-48,2.91294498840739,0.313,0.063,3.16987670616457e-43,"2","PDE4D"
6.4905476111926e-47,1.75855635995392,0.648,0.326,2.37560533117261e-42,"2","TGFB1"
1.11980496633074e-46,2.15355486166511,0.648,0.369,4.09859815726715e-42,"2","IDS"
1.26870932673809e-46,2.34331987794548,0.371,0.091,4.64360300679408e-42,"2","IKZF1"
3.73340752928431e-46,1.94641343462356,0.707,0.447,1.36646448979335e-41,"2","LINC-PINT"
5.03652870474032e-46,0.648631368225055,0.971,0.941,1.843419871222e-41,"2","RPL39"
2.13169759765952e-45,1.78282974867585,0.381,0.094,7.8022263771936e-41,"2","TAGAP"
1.32530692406501e-44,1.93033846273493,0.44,0.13,4.85075587277034e-40,"2","IQGAP2"
1.02597571524019e-43,2.18411749007456,0.583,0.287,3.75517371535061e-39,"2","PPP2R5C"
1.45425232453447e-43,2.62281563201177,0.339,0.082,5.32270893302862e-39,"2","TSTD1"
1.6984347019112e-43,1.60711548977716,0.691,0.423,6.21644085246517e-39,"2","RSRP1"
1.75623167795798e-43,3.19893177399129,0.27,0.051,6.427983564494e-39,"2","AL499604.1"
2.60895166410013e-43,2.23622607248029,0.371,0.098,9.54902398577289e-39,"2","AC044849.1"
4.46817294733229e-42,2.65541653786342,0.456,0.173,1.63539598045309e-37,"2","PBXIP1"
1.8631672009156e-41,2.09426910003959,0.567,0.265,6.81937827207119e-37,"2","ETS1"
2.47271000166266e-41,1.64007908181494,0.401,0.11,9.05036587708549e-37,"2","SYTL3"
3.76203891692019e-41,0.865001690800852,0.925,0.873,1.37694386398196e-36,"2","RPL4"
4.82940299752755e-41,0.555268743227528,0.984,0.952,1.76760979112506e-36,"2","RPL12"
8.90101104371634e-41,1.7544665331963,0.717,0.54,3.25785905211062e-36,"2","YPEL5"
9.41204187348746e-41,1.90594151881846,0.593,0.315,3.44490144611514e-36,"2","UBALD2"
1.0016392587925e-40,0.57276080126639,0.974,0.949,3.66609985110644e-36,"2","RPL14"
2.02791705530809e-40,1.15498369159871,0.857,0.743,7.42237921413315e-36,"2","PABPC1"
2.6522610149322e-40,2.29948993533189,0.368,0.104,9.70754054075334e-36,"2","PDE4B"
2.92371662923221e-40,0.693683720981584,0.938,0.905,1.07010952346528e-35,"2","EEF1D"
3.48312587387756e-40,1.60091476018035,0.378,0.1,1.27485890109793e-35,"2","SLA"
5.31431196753942e-40,0.518936777068999,0.958,0.938,1.9450913232391e-35,"2","RPL37A"
1.06162809983899e-39,3.23213089180485,0.261,0.054,3.88566500822069e-35,"2","TMEM238"
6.12458016414081e-39,3.2342280920225,0.261,0.054,2.24165758587718e-34,"2","GPRIN3"
3.10925070794598e-38,1.6071357908006,0.775,0.664,1.13801685161531e-33,"2","ANKRD12"
2.05030884164931e-37,3.71136144067298,0.267,0.061,7.50433539132065e-33,"2","FRMD4B"
4.7687097904969e-37,0.926627710070232,0.86,0.812,1.74539547041977e-32,"2","NOP53"
7.7751573318408e-37,0.609914385604037,0.961,0.929,2.84578533502705e-32,"2","RPL35"
9.74066760074223e-37,1.07791163064423,0.336,0.079,3.56518174854766e-32,"2","GZMM"
2.93262456721838e-36,1.79703649116456,0.629,0.364,1.0733699178476e-31,"2","SOCS1"
3.39330112667987e-36,1.04517359051504,0.85,0.812,1.2419821453761e-31,"2","GAS5"
4.45788446998061e-36,1.25588423915205,0.808,0.578,1.6316302948576e-31,"2","RGCC"
6.04419070608308e-36,0.531490702632506,0.951,0.932,2.21223424033347e-31,"2","UBA52"
6.32780072195239e-36,0.89226572384291,0.902,0.85,2.31603834224179e-31,"2","RPL31"
7.8252380875047e-36,2.07724105752965,0.489,0.207,2.8641153924076e-31,"2","SYNE2"
7.86644468450313e-36,2.56305180716894,0.391,0.141,2.87919741897499e-31,"2","AC058791.1"
8.95510517331589e-36,3.05535738989449,0.316,0.091,3.27765804448535e-31,"2","SC5D"
1.9957770364471e-35,2.70909642475127,0.287,0.072,7.30474353110002e-31,"2","CASP8"
3.42114826067138e-35,1.2985922731379,0.844,0.763,1.25217447488833e-30,"2","SRSF7"
5.0898251256609e-35,0.585931218157245,0.977,0.956,1.86292689424315e-30,"2","RPS4X"
5.54289473881099e-35,0.805959905589054,0.98,0.947,2.02875490335221e-30,"2","H3F3B"
1.0448860519434e-34,2.21360843596311,0.498,0.24,3.82438743871805e-30,"2","ODC1"
1.97421698313871e-34,0.560303612247399,0.958,0.945,7.22583157998598e-30,"2","RPL6"
2.27523967677078e-34,0.553808176619015,0.961,0.937,8.32760474094874e-30,"2","RPL10A"
4.51042944351036e-34,0.818538606114386,0.899,0.877,1.65086228061923e-29,"2","RPL36AL"
7.85406962146375e-34,2.40163094738601,0.287,0.072,2.87466802215195e-29,"2","PARP8"
1.17622769978009e-33,0.515707650395289,0.958,0.937,4.30511100396511e-29,"2","RPL24"
1.24094441965033e-33,0.60902735532088,0.987,0.95,4.54198067036218e-29,"2","PTMA"
1.45406172253539e-33,1.24938763464798,0.798,0.697,5.32201131065179e-29,"2","LINC01578"
4.94560060015086e-33,1.15932165098939,0.958,0.912,1.81013927566122e-28,"2","HSP90AA1"
7.05028749239094e-33,0.819679751470722,0.886,0.841,2.58047572509001e-28,"2","NPM1"
1.20829755628142e-32,2.30405423241512,0.27,0.068,4.42248988574563e-28,"2","EVI2A"
1.60758461312921e-32,1.454668961874,0.612,0.329,5.88392044251423e-28,"2","NR4A2"
3.68608712258176e-31,1.38897239460788,0.423,0.147,1.34914474773615e-26,"2","LCP1"
1.04172383860684e-30,1.13834740204699,0.3,0.077,3.81281342168488e-26,"2","HOPX"
1.06732060887941e-30,0.461698508089505,0.98,0.951,3.90650016055955e-26,"2","RPS23"
1.31772787016413e-30,2.01211712669328,0.28,0.073,4.82301577758772e-26,"2","ARHGAP9"
2.37673410652664e-30,1.48030031572645,0.531,0.272,8.69908450329815e-26,"2","HLA-F"
4.43540477160513e-30,2.10223005848814,0.45,0.208,1.62340250045519e-25,"2","PTGER4"
4.79341084942655e-30,0.737723950420742,0.925,0.901,1.75443630499861e-25,"2","EEF1G"
5.78458446832356e-30,1.00129620104254,0.824,0.761,2.11721576125111e-25,"2","SNHG5"
1.32048475199206e-29,2.16264839870305,0.433,0.197,4.83310624076615e-25,"2","PIK3IP1"
4.96010146456667e-29,1.10940809983619,0.844,0.825,1.81544673704605e-24,"2","HSPA8"
7.73168411335507e-29,0.457190529647725,0.961,0.941,2.82987370232909e-24,"2","RPL35A"
1.58259957770087e-28,2.18234680138219,0.44,0.201,5.79247271434296e-24,"2","TSPYL2"
2.22964977852506e-28,1.79953683258247,0.316,0.101,8.16074115437958e-24,"2","SLC38A1"
3.16517917790363e-28,1.88723482806444,0.554,0.355,1.15848723090451e-23,"2","RNF19A"
4.04230304512889e-28,1.9672817791831,0.436,0.208,1.47952333754763e-23,"2","SNHG12"
6.4009685793715e-28,0.764695503099615,0.339,0.1,2.34281850973576e-23,"2","CD7"
2.00928059507079e-27,1.77722227261012,0.388,0.15,7.3541679060186e-23,"2","LIMD2"
3.08111651982682e-27,0.814874630274954,0.837,0.791,1.12771945742181e-22,"2","HNRNPA1"
3.67305590019082e-27,0.689301726678397,0.352,0.111,1.34437519002884e-22,"2","CCL5"
4.79784508827537e-27,0.794844184927903,0.958,0.891,1.75605928075967e-22,"2","KLF6"
8.40644507315267e-27,2.41521133017816,0.401,0.182,3.07684296122461e-22,"2","AC016831.5"
8.80923714740148e-27,2.12171196323241,0.544,0.357,3.22426888832041e-22,"2","RORA"
8.83387653458221e-27,1.32201040424681,0.733,0.629,3.23328715042244e-22,"2","LRRFIP1"
1.14424979306542e-26,2.01318405400736,0.476,0.265,4.18806866759873e-22,"2","EML4"
1.62542459088786e-26,1.81293622303992,0.57,0.368,5.94921654510865e-22,"2","ADGRE5"
1.82386507864145e-26,2.42952478689223,0.277,0.085,6.67552857433557e-22,"2","IL10RA"
5.9246756681545e-26,1.69386038060441,0.625,0.472,2.16849054130123e-21,"2","UBE2S"
7.37759825333241e-26,0.493095028480532,0.964,0.931,2.7002747367022e-21,"2","RPS11"
1.08632028792131e-25,0.52529640523399,0.945,0.935,3.97604088582078e-21,"2","RPS5"
1.29813775775469e-25,2.29550190624759,0.472,0.272,4.75131400715795e-21,"2","G3BP2"
1.41950226839748e-25,1.00406203744126,0.759,0.703,5.1955202525616e-21,"2","SNHG6"
1.88909125495754e-25,0.40783149809966,0.961,0.947,6.91426290227011e-21,"2","RPL15"
2.52416655724805e-25,0.4352573156315,0.971,0.955,9.2387020161836e-21,"2","RPL29"
3.09323954023895e-25,1.1707513311877,0.756,0.597,1.13215660412286e-20,"2","AC020916.1"
4.42504556955599e-25,0.878402462865474,0.922,0.881,1.61961092891319e-20,"2","ZFP36L2"
5.32488211462078e-25,1.05853333112166,0.717,0.658,1.94896010277235e-20,"2","SELENOK"
7.07417305341937e-25,1.63394720626088,0.508,0.308,2.58921807928202e-20,"2","ARID5A"
1.00428755211296e-24,1.46273267099461,0.287,0.086,3.67579286948865e-20,"2","BIN2"
1.01660346244243e-24,0.372162176827788,0.964,0.956,3.72087033288554e-20,"2","RPL7A"
3.69702324234943e-24,0.776004441054535,0.795,0.783,1.35314747693231e-19,"2","RPS10"
5.25665795580667e-24,1.63684339766808,0.596,0.43,1.9239893784048e-19,"2","ATP2B1"
1.07548866116909e-23,1.05410829940638,0.717,0.634,3.93639604874498e-19,"2","NAP1L1"
1.64741144347781e-23,0.448106344529591,0.524,0.235,6.02969062427312e-19,"2","AREG"
1.02470782672965e-22,0.411545995310513,0.958,0.946,3.7505331166132e-18,"2","RPS13"
1.38257000018042e-22,0.761241313957001,0.798,0.792,5.06034445766034e-18,"2","HINT1"
1.91152064468394e-22,1.67773428001171,0.29,0.103,6.99635671160767e-18,"2","ORAI1"
2.05302439151029e-22,0.681567700551942,0.906,0.919,7.5142745753668e-18,"2","UBB"
2.36555566320681e-22,0.850550977212105,0.775,0.757,8.65817028290326e-18,"2","UQCRB"
4.68105609460421e-22,0.394976377254886,0.958,0.938,1.71331334118609e-17,"2","NACA"
1.30134475997573e-21,0.749494336648889,0.847,0.842,4.76305195598717e-17,"2","ZFAS1"
2.66411339700659e-21,1.69753847083563,0.427,0.234,9.75092144438381e-17,"2","FNBP1"
6.5046054523059e-21,1.96868401149457,0.446,0.263,2.38075064159848e-16,"2","TOB1"
6.61723870345956e-21,1.9989844535267,0.45,0.267,2.42197553785323e-16,"2","SMCHD1"
7.22464551300658e-21,2.44171898935615,0.349,0.167,2.64429250421554e-16,"2","RSBN1"
1.29327477338347e-20,0.483206303139187,0.886,0.874,4.73351499806082e-16,"2","COX4I1"
4.70722454977283e-20,0.383740090165072,0.99,0.962,1.72289125746235e-15,"2","EIF1"
5.60385495633327e-20,1.3720980854468,0.648,0.575,2.05106695256754e-15,"2","STAT3"
9.32873378653802e-20,1.37531420939564,0.616,0.48,3.41440985321078e-15,"2","KMT2E"
1.16018770400524e-19,0.636102497860229,0.792,0.727,4.24640301542958e-15,"2","CYBA"
3.31665010508113e-19,1.18628675478268,0.277,0.101,1.21392710496074e-14,"2","LBH"
5.00419922512575e-19,1.11969255916311,0.355,0.149,1.83158695838828e-14,"2","VAMP8"
5.23477233445256e-19,1.35209934638863,0.28,0.103,1.91597902213298e-14,"2","RBM38"
6.6270125011045e-19,1.33377788401977,0.58,0.46,2.42555284552926e-14,"2","ARID4B"
1.91989479150688e-18,2.50068631681244,0.44,0.289,7.02700692639435e-14,"2","MAF"
3.57877501108587e-18,0.900497874263246,0.681,0.617,1.30986744180754e-13,"2","SNHG8"
4.26970118504798e-18,0.853005660112268,0.694,0.568,1.56275333073941e-13,"2","ID2"
5.10745989954676e-18,1.13421976481007,0.717,0.616,1.86938139783311e-13,"2","TXNIP"
5.87558020000308e-18,1.95783708680797,0.489,0.32,2.15052110900313e-13,"2","CITED2"
7.05593235140999e-18,1.79395469327127,0.309,0.14,2.58254179993957e-13,"2","SNHG1"
1.47678569670489e-17,1.57788971966038,0.339,0.154,5.40518332850958e-13,"2","PMAIP1"
1.60419522384526e-17,1.73571131996168,0.404,0.234,5.87151493879602e-13,"2","STK17A"
1.84594981131838e-17,1.69128914059488,0.309,0.143,6.75636090440642e-13,"2","CYTH1"
2.18440671624816e-17,1.96069158508308,0.319,0.155,7.99514702213989e-13,"2","HECA"
4.0812951080273e-17,0.494606444911639,0.283,0.1,1.49379482248907e-12,"2","CTSW"
4.70622606966261e-17,0.425274199505937,0.345,0.14,1.72252580375721e-12,"2","CST7"
4.91698350208822e-17,1.69380657682422,0.492,0.355,1.79966513159931e-12,"2","NIBAN1"
1.89410744655268e-16,0.563864353364884,0.837,0.846,6.93262266512747e-12,"2","TOMM7"
3.00682253254798e-16,0.363728650329619,0.938,0.932,1.10052711513789e-11,"2","RPL22"
4.20756982648848e-16,0.997341085224422,0.668,0.615,1.54001263219305e-11,"2","HERPUD1"
1.36515960997036e-15,1.30349551389933,0.59,0.545,4.9966206884525e-11,"2","LDHB"
2.62203203457154e-15,0.353474311667788,0.902,0.879,9.5968994497353e-11,"2","HLA-E"
2.92795826345528e-15,1.11486282136996,0.547,0.447,1.07166200400727e-10,"2","ANP32B"
3.55501275346787e-15,2.60776484983021,0.264,0.12,1.30117021789678e-10,"2","BCL2"
4.59775442610674e-15,0.267977808892987,0.961,0.959,1.68282409749933e-10,"2","RPS24"
7.92023087253023e-15,1.36496760749529,0.277,0.122,2.89888370165479e-10,"2","HCLS1"
8.37235138586125e-15,1.66080115896512,0.407,0.259,3.06436433073907e-10,"2","JOSD1"
8.66479121374249e-15,1.31932254710729,0.521,0.416,3.17140023214189e-10,"2","PPP1CB"
1.45633659574395e-14,1.004610107632,0.785,0.816,5.33033757408244e-10,"2","DNAJA1"
1.50988271657427e-14,2.46923882795762,0.261,0.12,5.5263217309335e-10,"2","SIAH2"
1.71221113100883e-14,1.97718335492508,0.296,0.151,6.26686396060542e-10,"2","DENND4A"
1.95066990041897e-14,0.312366204131308,0.99,0.955,7.13964690252348e-10,"2","MT-CO1"
3.08772754561666e-14,0.324289234334839,0.993,0.959,1.13013915897115e-09,"2","JUND"
3.61563919527017e-14,1.26222995630006,0.358,0.197,1.32336010186084e-09,"2","CCND3"
7.53603705131779e-14,0.786268696573694,0.72,0.709,2.75826492115282e-09,"2","YWHAZ"
1.11533025382235e-13,0.60863034237566,0.368,0.173,4.08222026201517e-09,"2","ITGB2"
2.30218433331783e-13,1.55091468144563,0.482,0.387,8.4262248783766e-09,"2","NSD3"
2.37923616369927e-13,0.740079402611442,0.694,0.702,8.7082422827557e-09,"2","TLE5"
2.56322662829825e-13,0.360518906071669,0.906,0.903,9.38166578223443e-09,"2","PFDN5"
2.77125287149036e-13,1.59467468813281,0.453,0.322,1.01430626349419e-08,"2","HSPH1"
3.18730744160155e-13,1.54684494043402,0.257,0.115,1.16658639670058e-08,"2","RAB11FIP1"
4.02523047867234e-13,0.66757635831439,0.71,0.707,1.47327460749886e-08,"2","SRSF2"
4.2376531886254e-13,1.71976394909863,0.28,0.139,1.55102344356878e-08,"2","SERPINB9"
5.00999278888722e-13,0.251524963163752,0.958,0.951,1.83370746066061e-08,"2","RPS9"
5.01959912936248e-13,0.838551523578811,0.577,0.485,1.83722347733796e-08,"2","ELF1"
5.68145130985054e-13,1.15723285596122,0.469,0.351,2.0794679939184e-08,"2","CLK1"
9.52610531879928e-13,1.79146409290407,0.326,0.19,3.48664980773372e-08,"2","CYLD"
1.00333934109475e-12,1.0001820324939,0.557,0.474,3.67232232234089e-08,"2","BRD2"
1.06080699599706e-12,1.67008309862552,0.277,0.136,3.88265968604885e-08,"2","VPS37B"
1.34443817220734e-12,1.2861793162763,0.45,0.33,4.9207781540961e-08,"2","CCNH"
1.5386255075282e-12,1.6432086933437,0.375,0.237,5.63152322010396e-08,"2","IVNS1ABP"
2.26353449301274e-12,0.837665524232264,0.671,0.618,8.28476259787594e-08,"2","PLP2"
2.66063325602155e-12,1.50650319629224,0.336,0.2,9.73818378036447e-08,"2","SEPTIN6"
3.42200892392893e-12,1.4634698079393,0.489,0.406,1.25248948624723e-07,"2","FAM177A1"
4.55507074835519e-12,0.973103240484977,0.671,0.609,1.66720144460548e-07,"2","SLC2A3"
4.70304391750878e-12,0.751586287234379,0.798,0.816,1.72136110424739e-07,"2","TUBB4B"
9.88598632111236e-12,1.53184723935667,0.469,0.366,3.61836985339034e-07,"2","CHD2"
1.34348475136804e-11,0.750715902092023,0.782,0.788,4.91728853848218e-07,"2","FUS"
1.62431328944673e-11,1.29738023001113,0.316,0.174,5.94514907070397e-07,"2","UCP2"
2.8553771287997e-11,1.69214668636256,0.326,0.201,1.04509658291198e-06,"2","SEPTIN9"
3.24297215729173e-11,0.311495834468642,0.987,0.954,1.18696023929035e-06,"2","RPS8"
3.49252145893696e-11,1.89749078493487,0.404,0.294,1.27829777918552e-06,"2","ZC3HAV1"
3.77651600381305e-11,0.797954201944017,0.407,0.68,1.38224262255562e-06,"2","MT1E"
3.94781719322803e-11,1.21459832871125,0.316,0.181,1.44494057089339e-06,"2","FMNL1"
5.51618231987215e-11,0.299457771439306,0.951,0.928,2.01897789089641e-06,"2","RPLP0"
7.25736167326945e-11,0.551875931650627,0.909,0.916,2.65626694603335e-06,"2","GAPDH"
1.0407264763599e-10,1.2416919247772,0.453,0.351,3.80916297612486e-06,"2","GTF2B"
1.2379810955022e-10,1.01855550655729,0.433,0.335,4.53113460764761e-06,"2","JPT1"
1.31588053291654e-10,1.45152265702946,0.42,0.304,4.81625433852784e-06,"2","INTS6"
1.51933835212833e-10,1.19276538786337,0.489,0.385,5.56093030262489e-06,"2","RPS4Y1"
1.84187813121916e-10,1.14865972667899,0.423,0.313,6.74145814807523e-06,"2","IDI1"
2.27032137714873e-10,0.374334056037715,0.902,0.903,8.30960327250206e-06,"2","CFL1"
2.59684060238061e-10,1.95281903294293,0.29,0.172,9.50469628877326e-06,"2","RESF1"
3.11755678393378e-10,1.3508105767518,0.554,0.537,1.1410569584876e-05,"2","ANKRD28"
3.8680922858222e-10,0.471611097188798,0.801,0.846,1.41576045753378e-05,"2","MYL12A"
4.16244945593844e-10,0.983894799159195,0.251,0.125,1.52349812536803e-05,"2","CKS2"
4.28973327666091e-10,1.16812316584661,0.476,0.414,1.57008527659066e-05,"2","PDCD4"
4.59924094487504e-10,1.77973953135982,0.261,0.145,1.68336817823371e-05,"2","AQP3"
5.09138259849332e-10,1.59082307110072,0.336,0.22,1.86349694487454e-05,"2","GNG2"
6.40118300157055e-10,0.785242447872228,0.655,0.641,2.34289699040484e-05,"2","AKAP13"
6.55224650583334e-10,0.533544926890034,0.883,0.881,2.39818774360006e-05,"2","HSP90AB1"
6.68546454484293e-10,0.542994852858875,0.772,0.771,2.44694687805796e-05,"2","PPDPF"
6.83121659342897e-10,0.571754602856125,0.73,0.771,2.50029358536094e-05,"2","SUB1"
8.15299583536281e-10,1.84806986406286,0.261,0.149,2.98407800570114e-05,"2","SEMA4A"
9.30565026422926e-10,0.6444021915119,0.873,0.849,3.40596105321055e-05,"2","CRIP1"
9.47789838916992e-10,1.26812923927828,0.417,0.323,3.46900558942008e-05,"2","EVL"
9.68463464101553e-10,0.906505143183255,0.573,0.57,3.54467312495809e-05,"2","C9orf16"
9.97980804897268e-10,1.18701936123278,0.309,0.197,3.65270954400449e-05,"2","ABRACL"
1.32428682259726e-09,0.263910721223893,0.938,0.948,4.84702219938823e-05,"2","RPL5"
1.73441586172979e-09,0.944758504756859,0.586,0.576,6.34813549551722e-05,"2","DDX24"
1.77792054176473e-09,1.38312889453925,0.388,0.277,6.5073669749131e-05,"2","PPP1R10"
2.04193745856794e-09,0.500151507365316,0.792,0.828,7.47369529210452e-05,"2","RPS17"
2.06166499029037e-09,0.813796083487209,0.769,0.733,7.5459000309618e-05,"2","BTG2"
2.38293710679331e-09,1.50501312884901,0.257,0.143,8.72178810457419e-05,"2","SEC11C"
2.42869276890615e-09,0.778558971806117,0.544,0.479,8.88925840347338e-05,"2","HMGN1"
2.91825289907242e-09,1.15447290376247,0.521,0.482,0.00010681097435895,"2","GPBP1"
4.44956936473899e-09,0.560134993383802,0.658,0.646,0.000162858688318812,"2","TPM3"
5.65887741174063e-09,1.26181966324871,0.303,0.186,0.000207120572147119,"2","HEXIM1"
6.83708785592594e-09,0.939658049413283,0.401,0.285,0.000250244252614745,"2","DDIT3"
1.00442585191342e-08,1.2017711377346,0.404,0.294,0.000367629906058829,"2","CEMIP2"
1.58068942297139e-08,0.553636242250898,0.704,0.742,0.000578548135701758,"2","EIF4A2"
1.70730126401556e-08,0.957664488359344,0.645,0.652,0.000624889335642336,"2","DNAJB1"
1.79211707600163e-08,0.731827223372336,0.3,0.175,0.000655932770987356,"2","TNFRSF1B"
1.87222154190311e-08,0.345358319400757,0.821,0.84,0.000685251806551957,"2","ATP5F1E"
3.30602001002158e-08,1.27799986613641,0.495,0.469,0.001210036383868,"2","EIF4A3"
3.99461927791467e-08,1.42671503005514,0.267,0.168,0.00146207060190955,"2","AC016831.1"
5.22673704677524e-08,1.57557256455515,0.27,0.165,0.00191303802649021,"2","CDK2AP2"
6.37016431711568e-08,1.34170523808722,0.349,0.255,0.00233154384170751,"2","RNF213"
7.45737590312769e-08,0.970893587851204,0.313,0.199,0.00272947415430376,"2","FAM49B"
7.57160033398273e-08,1.38552428246326,0.414,0.348,0.00277128143824102,"2","PPP1R2"
9.42044712377928e-08,0.577756679213578,0.717,0.752,0.00344797785177446,"2","SSR4"
1.40966253748955e-07,0.278955613178037,0.101,0.258,0.00515950585346551,"2","WEE1"
2.54580042565403e-07,0.569906409562893,0.541,0.51,0.0093178841379363,"2","COTL1"
5.54110831211205e-07,1.73436315301912,0.28,0.193,0.0202810105331613,"2","HIPK1"
6.57908338303521e-07,0.279627656467435,0.873,0.884,0.0240801030902472,"2","RPL23"
7.87199148724614e-07,0.783103550847104,0.267,0.163,0.0288122760424696,"2","TNFAIP8"
1.04845982594026e-06,0.399110217516621,0.853,0.879,0.0383746780892393,"2","MTRNR2L12"
1.30057638192785e-06,0.555315081937219,0.156,0.333,0.0476023961549411,"2","SLC25A36"
1.31981180874621e-06,1.63525181010975,0.264,0.182,0.0483064320119199,"2","PHF1"
1.35670255542009e-06,1.10684751232791,0.388,0.321,0.0496566702309306,"2","RGS10"
1.69874721160224e-06,0.85250480710052,0.603,0.568,0.0621758466918537,"2","IER5"
2.51793502043405e-06,0.626848539491444,0.638,0.689,0.0921589396829068,"2","EIF3H"
2.96088636534188e-06,1.17108827212049,0.41,0.363,0.108371401857878,"2","PER1"
3.21199682442816e-06,0.260430683321114,0.127,0.279,0.117562295770895,"2","PLEC"
3.30155309132209e-06,1.13534662543407,0.394,0.333,0.12084014469548,"2","MYH9"
3.33412452991649e-06,1.08793246708657,0.394,0.334,0.122032291919474,"2","FKBP11"
4.87817633621549e-06,1.39529143386857,0.365,0.308,0.178546132081823,"2","ODF2L"
6.32822042778694e-06,1.04797907360545,0.485,0.469,0.23161919587743,"2","GOLGB1"
7.61937605368006e-06,1.13490243081827,0.397,0.349,0.278876782940744,"2","GLS"
9.09710740431672e-06,0.866060179771426,0.511,0.493,0.332963228105396,"2","AMD1"
1.00102170722657e-05,0.351883301814019,0.743,0.792,0.366383955061999,"2","ARPC2"
1.22162855080087e-05,0.277425538126787,0.127,0.267,0.447128265878626,"2","ZFP91"
1.37534257266311e-05,0.366106639483441,0.733,0.79,0.503389135020424,"2","ATP5MG"
1.47872470458215e-05,0.794238823380842,0.28,0.199,0.541228029124113,"2","PIP4K2A"
1.60290386642577e-05,0.504515857377789,0.616,0.638,0.586678844150497,"2","CYCS"
1.63778541237141e-05,0.648209729791698,0.57,0.622,0.59944583878206,"2","HIGD2A"
1.69561979087625e-05,0.971165881972113,0.342,0.282,0.620613799658617,"2","POLR2A"
1.80333058326492e-05,1.03394215623878,0.306,0.224,0.660037026780794,"2","H2AFX"
2.1241008212158e-05,1.13433896494248,0.332,0.275,0.777442141573194,"2","DANCR"
2.40475743173547e-05,0.905015589747018,0.43,0.398,0.880165267589498,"2","SNHG7"
2.4349176355725e-05,1.46894123884416,0.287,0.221,0.89120420379589,"2","MT-ND6"
2.67385552924366e-05,0.699377755503259,0.616,0.678,0.978657862258473,"2","RSRC2"
3.07741783811429e-05,1.62185228202492,0.293,0.24,1,"2","NOSIP"
3.3343642038913e-05,1.46128328897794,0.28,0.212,1,"2","GLIPR1"
3.50881602578165e-05,0.588240129383053,0.166,0.316,1,"2","TWISTNB"
4.59225561536407e-05,1.40357001154185,0.336,0.275,1,"2","IER5L"
4.63532074599325e-05,1.36014591429753,0.371,0.342,1,"2","HNRNPUL1"
7.03652995029955e-05,0.282871892573794,0.186,0.342,1,"2","G3BP1"
7.17789874673922e-05,0.402473313496539,0.834,0.841,1,"2","PPP1R15A"
0.00011262442328789,1.40775976265416,0.355,0.319,1,"2","BCAS2"
0.000124913374003666,0.408469274441846,0.733,0.801,1,"2","COX7C"
0.000132982750696017,0.82204251439509,0.257,0.177,1,"2","NR4A3"
0.000136673596156486,0.531178247423914,0.15,0.283,1,"2","PTRHD1"
0.000138551582500125,0.653479728305514,0.508,0.556,1,"2","GSTK1"
0.000151422559160173,0.425263673023072,0.137,0.262,1,"2","NCBP2"
0.000151869791549962,0.325944724701607,0.684,0.754,1,"2","SRSF3"
0.000153843332260323,0.927495261411245,0.319,0.266,1,"2","NFKB2"
0.000214244720453138,0.729770632635647,0.498,0.542,1,"2","CIB1"
0.000215727351035068,1.35039541788564,0.267,0.213,1,"2","TRAPPC6A"
0.000247330499031456,1.11938911925447,0.267,0.211,1,"2","SEPTIN1"
0.00028651716867436,1.19013995196534,0.339,0.295,1,"2","HMGB2"
0.000311054309993685,0.936264426974573,0.3,0.249,1,"2","ANP32E"
0.00031203626189405,0.929568196504068,0.313,0.253,1,"2","MYLIP"
0.000378687339799657,0.361397852126454,0.661,0.74,1,"2","COMMD6"
0.000392790784143282,0.557491966129378,0.199,0.344,1,"2","AIMP1"
0.000418071600368189,0.283204653513521,0.681,0.769,1,"2","TRIR"
0.00044359249968445,1.10600545047501,0.287,0.231,1,"2","TLE4"
0.000455873298440757,0.914435651316229,0.358,0.311,1,"2","MARCKSL1"
0.00046279507654572,0.324080191295525,0.221,0.382,1,"2","PRPF4B"
0.000487214805006004,0.648981950905831,0.495,0.541,1,"2","GTF3A"
0.000491247493151399,0.701649916809183,0.55,0.602,1,"2","SF1"
0.000514525665994157,0.801828132997475,0.427,0.409,1,"2","ARL4A"
0.000584479248940682,0.310061300990232,0.342,0.544,1,"2","BCLAF1"
0.000585179434595452,1.10224914907119,0.29,0.243,1,"2","DNAJB9"
0.000657713054729224,1.23296917866753,0.274,0.226,1,"2","CSNK1G2"
0.000682716078091341,0.60321112643466,0.371,0.328,1,"2","RNASET2"
0.000834867760591962,0.949618256909782,0.456,0.479,1,"2","EPC1"
0.000856656508398052,0.250029485304939,0.143,0.26,1,"2","ERICH1"
0.000878137229155655,0.682313440877834,0.3,0.243,1,"2","RILPL2"
0.000947664095333269,0.511345460967222,0.629,0.713,1,"2","DDX3X"
0.00112434018864883,1.32810704578109,0.365,0.354,1,"2","YME1L1"
0.00119289600197781,0.253840757557782,0.15,0.263,1,"2","TMEM50B"
0.00125853058810659,0.319134221500897,0.658,0.747,1,"2","EIF3F"
0.00131763265931031,0.342801433962089,0.713,0.769,1,"2","NCL"
0.00131843223761629,1.00671000979589,0.322,0.285,1,"2","EHD1"
0.00147642200497766,0.880891935986339,0.41,0.427,1,"2","DAZAP2"
0.00165424955329091,0.632251466423897,0.511,0.544,1,"2","JMJD1C"
0.00169868098715248,0.849811293575432,0.423,0.444,1,"2","NASP"
0.00195634860255279,0.412033978084819,0.651,0.696,1,"2","HNRNPU"
0.00205045231590239,0.825305240680008,0.485,0.538,1,"2","CSRNP1"
0.00220043722244553,0.792703570556905,0.423,0.442,1,"2","H2AFV"
0.00224930424567128,0.577742125939012,0.73,0.808,1,"2","AHNAK"
0.0022592519229587,1.12016468391524,0.254,0.207,1,"2","ERN1"
0.00245730967858592,0.31534034846423,0.182,0.306,1,"2","PHF3"
0.00253129931898389,0.834474004304467,0.407,0.387,1,"2","REL"
0.00260999121172394,0.643992744094259,0.508,0.57,1,"2","NSA2"
0.00281983830216215,1.15626485320235,0.254,0.217,1,"2","PCGF5"
0.00329228713226956,0.361422021041002,0.674,0.757,1,"2","EIF5"
0.00379604003844184,0.317977787154255,0.208,0.334,1,"2","SMG1"
0.00384882354310781,1.28662642861235,0.332,0.321,1,"2","USP15"
0.00436331199373119,0.359970279613058,0.248,0.403,1,"2","GGNBP2"
0.00456235847978399,0.828059983285496,0.401,0.417,1,"2","SYF2"
0.00479522965143266,0.472330780820199,0.557,0.63,1,"2","HSPE1"
0.00505521762084378,0.392886531789588,0.785,0.855,1,"2","KLF2"
0.00528154937002004,0.93012678936344,0.479,0.543,1,"2","MBNL1"
0.00542490698681916,0.322335746749556,0.192,0.314,1,"2","TRIM28"
0.00586458939871752,1.08377271952185,0.27,0.234,1,"2","GPCPD1"
0.00609189505814754,0.35278480403733,0.189,0.299,1,"2","PABPN1"
0.00624390765217532,0.442184513291344,0.215,0.345,1,"2","CBLB"
0.00766691330742811,0.355493980334432,0.557,0.654,1,"2","UBXN1"
0.00781082528175077,0.965291085715537,0.397,0.405,1,"2","IFRD1"
0.00856721636329962,0.882650308617089,0.423,0.452,1,"2","FOXP1"
0.00860575766016902,0.256782929570968,0.254,0.402,1,"2","CASP4"
0.0087345929517734,0.29870919429636,0.195,0.314,1,"2","CUL3"
0.00878324320950157,1.14204951783709,0.469,0.492,1,"2","HSPA1B"
0.0090257815396708,0.377101288460859,0.182,0.287,1,"2","EXOSC6"
0,7.0236087689428,0.991,0.05,0,"3","NKG7"
0,5.65257849764601,0.917,0.043,0,"3","CTSW"
0,5.27809946008776,0.887,0.031,0,"3","GZMB"
0,7.35589563177174,0.843,0.013,0,"3","KLRD1"
0,7.67241396073757,0.839,0.034,0,"3","GNLY"
5.92345184111987e-319,6.87319196028114,0.722,0.015,2.16804260836828e-314,"3","PRF1"
1.02101803999039e-303,8.31842790133747,0.635,0.007,3.73702812816882e-299,"3","KLRF1"
2.29822840156775e-282,4.97298023605607,0.861,0.056,8.41174577257812e-278,"3","CD7"
1.43066150574271e-274,5.34795102598578,0.883,0.066,5.23636417716889e-270,"3","CCL5"
2.19023996469438e-271,5.0631390507297,0.796,0.046,8.01649729477789e-267,"3","CD247"
3.18508416339816e-271,5.0356600606315,0.939,0.088,1.16577265464536e-266,"3","CST7"
8.77067749651795e-268,4.96805871072287,0.735,0.031,3.21015567050054e-263,"3","GZMA"
7.79738640818385e-237,3.56100140214855,0.843,0.064,2.85392139925937e-232,"3","KLRB1"
1.53521681596545e-236,4.79387548171664,0.739,0.047,5.61904706811514e-232,"3","GZMM"
8.40438590456842e-235,6.19643690371914,0.548,0.011,3.07608928493109e-230,"3","GZMH"
2.76783431765129e-222,6.89482109995856,0.909,0.124,1.01305503860355e-217,"3","CCL4"
3.08265008332049e-207,4.9095475668174,0.678,0.046,1.12828075699613e-202,"3","HOPX"
7.6750103088988e-200,4.58384729369433,0.613,0.034,2.80913052316005e-195,"3","PLAC8"
1.17692079666881e-199,6.37791817890317,0.522,0.018,4.3076478078875e-195,"3","FCGR3A"
7.94487304406162e-193,4.16261039703321,0.509,0.017,2.907902982857e-188,"3","KLRK1"
3.21595123985827e-190,5.17755877899703,0.565,0.029,1.17707031330053e-185,"3","CLIC3"
6.40370534237283e-186,4.83310613874168,0.587,0.035,2.34382019236188e-181,"3","MATK"
3.27458704033304e-165,7.3758077500258,0.404,0.01,1.1985316026323e-160,"3","XCL2"
6.76651467588113e-162,3.62656014283839,0.913,0.185,2.47661203651925e-157,"3","DUSP2"
1.2129658928243e-160,3.33818690105712,0.765,0.105,4.43957646432621e-156,"3","RUNX3"
9.77682671652157e-159,5.29045840221206,0.643,0.071,3.57841634651406e-154,"3","FGFBP2"
3.45387247911341e-158,3.94062592810542,0.709,0.089,1.2641518660803e-153,"3","SYTL3"
5.81158904907227e-150,4.28967150886485,0.604,0.061,2.12709970785094e-145,"3","BIN2"
2.25806405502971e-149,4.18882890028511,0.665,0.081,8.26474024781423e-145,"3","SLA"
1.07249046626338e-145,6.37493007978189,0.417,0.019,3.92542235557061e-141,"3","TRDC"
1.24339578265816e-138,2.67090816773104,0.865,0.166,4.55095290410711e-134,"3","CD69"
1.92820375149223e-132,2.32271824612493,0.787,0.118,7.05741855083671e-128,"3","TYROBP"
1.50922403329355e-130,4.56292981960452,0.439,0.028,5.52391088425772e-126,"3","SH2D2A"
4.51933312280154e-130,4.99895666242671,0.396,0.02,1.65412111627659e-125,"3","IL2RB"
1.89462054320026e-128,3.42455792383872,0.757,0.146,6.93450065016727e-124,"3","ISG20"
3.51158175215836e-128,3.2394194783699,0.561,0.057,1.28527403710748e-123,"3","TRBC1"
8.02318457926089e-128,2.75836656054417,0.935,0.244,2.93656578785528e-123,"3","CXCR4"
3.9258179541481e-127,5.10239967907785,0.683,0.114,1.43688862939775e-122,"3","CCL3"
3.50753995732579e-125,5.11593677817874,0.391,0.021,1.28379469978081e-120,"3","HSH2D"
2.00903109061586e-124,6.96570264347709,0.278,0.004,7.35325469476312e-120,"3","KLRC1"
8.80651899462409e-124,4.1403563577821,0.413,0.025,3.22327401722236e-119,"3","MYBL1"
4.00074956030283e-122,3.11530624146841,0.748,0.141,1.46431434656644e-117,"3","ITGB2"
7.85760197979972e-121,2.96035449794442,0.796,0.167,2.87596090062649e-116,"3","HCST"
5.69032455745144e-118,4.30361967396164,0.352,0.016,2.0827156912728e-113,"3","NCR3"
1.17515577810918e-114,5.84973343464533,0.287,0.007,4.3011876634574e-110,"3","TXK"
9.00002298978702e-113,4.76832982564197,0.335,0.015,3.29409841449195e-108,"3","IFNG"
2.85122439801146e-112,2.26638434166108,0.991,0.316,1.04357664191618e-107,"3","SRGN"
3.09942029551557e-112,2.63504349835472,0.857,0.211,1.13441882236165e-107,"3","AREG"
4.58741290046777e-111,6.2286779190801,0.257,0.004,1.67903899570021e-106,"3","DTHD1"
6.36941764133367e-110,3.72980858430263,0.561,0.081,2.33127055090454e-105,"3","RBM38"
3.22547963139409e-109,2.15687342440595,1,0.873,1.18055779988655e-104,"3","HLA-C"
3.28007399211212e-107,3.3798509293125,0.639,0.114,1.20053988185296e-102,"3","RAC2"
1.06495876440157e-105,5.95417240609576,0.304,0.013,3.89785557358619e-101,"3","XCL1"
1.65561257382282e-105,4.23029776413493,0.77,0.247,6.05970758144892e-101,"3","CMC1"
6.58634186989698e-104,4.56132449871313,0.287,0.01,2.41066698780099e-99,"3","SAMD3"
9.88247099614099e-102,5.25396359780839,0.287,0.011,3.61708320929756e-97,"3","SLA2"
4.65416587799812e-101,5.86363212552933,0.257,0.007,1.70347125300609e-96,"3","TBX21"
6.59029969488894e-101,3.63789860367676,0.487,0.06,2.4121155913263e-96,"3","ARHGAP9"
1.2109313819654e-99,1.73953077952913,1,0.913,4.43212995113156e-95,"3","HLA-A"
2.417357173557e-98,2.7291793515237,0.813,0.236,8.84776899093599e-94,"3","ARL4C"
5.97636241948042e-98,1.95100518557418,0.991,0.866,2.18740840915403e-93,"3","HLA-B"
3.03874208671747e-97,5.44017331580496,0.27,0.01,1.11220999115946e-92,"3","ADGRG1"
1.11605582978102e-96,2.32567458861937,0.791,0.204,4.08487594258151e-92,"3","PTPRC"
1.48807865951498e-96,1.60124643200487,1,0.967,5.44651670169078e-92,"3","B2M"
2.20177464170739e-96,6.72564944143639,0.461,0.059,8.05871536611321e-92,"3","CCL4L2"
3.18024075754154e-91,3.41181134302796,0.535,0.088,1.16399991966778e-86,"3","TAGAP"
3.83613204931612e-90,2.98043258626306,0.578,0.104,1.40406269137019e-85,"3","TUBA4A"
7.21848548550496e-89,1.91276956468612,1,0.839,2.64203787254967e-84,"3","BTG1"
4.51694538520548e-88,3.91996086742867,0.343,0.028,1.65324718043906e-83,"3","VAV3"
5.24044865703483e-87,2.20168997461408,0.713,0.168,1.91805661296132e-82,"3","CD48"
2.89105815610502e-84,3.28209701280055,0.496,0.078,1.058156195716e-79,"3","PCED1B-AS1"
9.66676133055942e-84,3.44819762232914,0.557,0.117,3.53813131459805e-79,"3","AKNA"
6.9120997794986e-81,2.84897071466208,0.6,0.137,2.52989764029428e-76,"3","LIMD2"
2.72916181229577e-80,2.5502629217192,0.796,0.322,9.98900514918375e-76,"3","TGFB1"
3.03422162135318e-80,1.93988077153369,0.996,0.813,1.11055545563148e-75,"3","TSC22D3"
4.76364119928547e-80,2.78487444369706,0.796,0.32,1.74354031535048e-75,"3","NR4A2"
2.16990690352532e-79,2.825306430011,0.517,0.094,7.94207625759303e-75,"3","RNF125"
7.36002456440872e-78,3.01350109949114,0.509,0.094,2.69384259081924e-73,"3","IL2RG"
2.61744460141901e-77,4.65327649404902,0.291,0.023,9.58010898565373e-73,"3","ITGAL"
3.0010399592213e-77,1.52540198583817,0.987,0.888,1.09841063547459e-72,"3","CALM1"
1.21082455020419e-76,2.21671636395644,0.696,0.178,4.43173893620235e-72,"3","CD37"
5.24388600378835e-76,2.59934131283184,0.604,0.139,1.91931471624657e-71,"3","CORO1A"
7.9138359751378e-76,2.04528260356505,0.852,0.36,2.89654310526019e-71,"3","ARHGDIB"
7.71966600756837e-72,2.47035335904285,0.796,0.328,2.8254749554301e-67,"3","CREM"
1.19299123630604e-71,3.16730136144363,0.348,0.039,4.36646722400375e-67,"3","SKAP1"
6.08582071693266e-71,3.75312404060263,0.343,0.04,2.22747124060452e-66,"3","PRKCH"
9.40232874646456e-71,1.39467753924902,0.987,0.872,3.44134634449349e-66,"3","HLA-E"
1.88651910795189e-70,1.56333430517144,0.565,0.11,6.9048485870147e-66,"3","FCER1G"
7.72982654887356e-70,2.77222909451244,0.552,0.129,2.82919381515321e-65,"3","IQGAP2"
6.22216305358097e-69,3.8496848469408,0.27,0.022,2.27737389924117e-64,"3","ZAP70"
2.0755309601752e-68,3.48936237266055,0.348,0.043,7.59665086733724e-64,"3","TBC1D10C"
5.08076116064624e-68,2.59304450821574,0.704,0.264,1.85960939240813e-63,"3","HLA-F"
9.97015064111317e-68,2.49466359983611,0.587,0.149,3.64917483615383e-63,"3","CYTIP"
2.14794921308232e-67,2.52634428267033,0.483,0.094,7.8617089148026e-63,"3","ACAP1"
3.2448019073889e-67,2.43235519300892,0.613,0.165,1.18762994612341e-62,"3","CD53"
3.6365352260047e-67,1.59154365904241,0.961,0.712,1.33100825806998e-62,"3","CYBA"
1.93828474908126e-66,2.41377692551812,0.696,0.262,7.09431601011231e-62,"3","ETS1"
1.20494491901663e-65,4.59885900976272,0.3,0.033,4.41021889809275e-61,"3","PYHIN1"
1.59674001263499e-65,2.97786969993001,0.396,0.063,5.84422812024533e-61,"3","STAT4"
9.37236965141649e-65,2.24973887090214,0.874,0.554,3.43038101611495e-60,"3","ID2"
1.50026916127425e-64,1.86530597840673,0.743,0.272,5.49113515717987e-60,"3","DDIT4"
6.67237292434998e-64,2.56405291242083,0.561,0.146,2.44215521404134e-59,"3","CNOT6L"
1.21060230366556e-63,2.37279377153965,0.883,0.603,4.43092549164631e-59,"3","TXNIP"
3.05255554370416e-63,3.97031467723762,0.339,0.047,1.11726585455116e-58,"3","AC092821.3"
2.88810059392039e-62,3.41850013762165,0.27,0.025,1.0570736983808e-57,"3","GZMK"
1.05234229757307e-61,3.2342344851893,0.452,0.094,3.85167804334718e-57,"3","SLC38A1"
2.09928289199522e-61,3.15578452667997,0.574,0.181,7.6835853129917e-57,"3","CCND3"
1.55350231368934e-59,2.01641268506451,0.63,0.185,5.68597381833437e-55,"3","GMFG"
5.18300198497225e-59,2.51288927826531,0.67,0.271,1.89703055651969e-54,"3","CEMIP2"
3.56528920273297e-57,3.55595162576907,0.304,0.04,1.30493150109229e-52,"3","GPR65"
2.92415956594977e-56,3.42041523782695,0.291,0.037,1.07027164273328e-51,"3","SORL1"
7.05850270776882e-56,2.38355282040133,0.496,0.119,2.58348257607046e-51,"3","ALOX5AP"
6.89424113586228e-55,2.05329142198241,0.822,0.59,2.52336119813695e-50,"3","METRNL"
2.56188217295241e-54,2.21922193713494,0.652,0.243,9.3767449412231e-50,"3","ZNF331"
3.03446102327942e-54,3.19031028624946,0.296,0.039,1.1106430791305e-49,"3","CD96"
5.48707458659171e-54,2.69438863416986,0.717,0.421,2.00832416943843e-49,"3","ABHD17A"
5.56747919144817e-54,2.44050949446359,0.552,0.171,2.03775305886194e-49,"3","ICAM3"
2.71323780093882e-53,2.76237498026977,0.365,0.068,9.93072167521618e-49,"3","DOK2"
2.71552771171702e-52,2.03468293840124,0.591,0.198,9.93910297765545e-48,"3","SMAP2"
6.10195536871864e-52,2.97785373138896,0.274,0.035,2.23337668450471e-47,"3","ADRB2"
2.36449353442154e-51,3.01275916019946,0.43,0.101,8.65428278533628e-47,"3","AC044849.1"
4.42336228876549e-51,2.40498141371407,0.657,0.29,1.61899483131106e-46,"3","PPP2R5C"
5.45835861767688e-51,3.24398298972732,0.287,0.04,1.99781383765591e-46,"3","SYTL1"
1.63313866599097e-49,0.726975509347947,0.996,0.947,5.97745083139356e-45,"3","RPS3"
2.98843516767222e-49,2.54796872640193,0.509,0.158,1.09379715571971e-44,"3","TNFRSF1B"
4.36765736950542e-49,3.611158854193,0.274,0.039,1.59860627381268e-44,"3","AOAH"
6.22691086904131e-49,3.25237784440458,0.261,0.034,2.27911164717781e-44,"3","LCK"
5.00296311797689e-48,3.53664652073023,0.265,0.037,1.83113453081072e-43,"3","PTPN7"
5.8596526136438e-48,2.95563425860127,0.309,0.053,2.14469145311977e-43,"3","PTPN4"
6.38505799132003e-48,1.95673140397981,0.722,0.364,2.33699507540304e-43,"3","SOCS1"
1.030217881754e-46,1.03990338480597,0.978,0.911,3.77070046900782e-42,"3","UBB"
6.38459310611661e-46,2.26534663931106,0.496,0.144,2.33682492276974e-41,"3","PMAIP1"
7.88518677119067e-46,0.653761101109019,1,0.956,2.8860572101235e-41,"3","MT-CO2"
1.6364735899715e-45,2.20801321906617,0.626,0.296,5.9896569866547e-41,"3","IDI1"
4.85788355244412e-45,3.279717204437,0.261,0.038,1.77803395903007e-40,"3","PTPN22"
6.67455982246786e-45,2.9364742484395,0.348,0.073,2.44295564062146e-40,"3","PARP8"
3.49946054022697e-44,2.70649606788166,0.396,0.098,1.28083755232847e-39,"3","ORAI1"
5.82226515463553e-44,2.10366086978569,0.496,0.149,2.13100726924815e-39,"3","LCP1"
1.36304693377587e-43,1.37169047354693,0.639,0.209,4.98888808231307e-39,"3","LAPTM5"
3.0768805047682e-43,2.86647996996993,0.43,0.126,1.12616903355021e-38,"3","VPS37B"
3.56934444508311e-43,1.87907544638362,0.73,0.443,1.30641576034487e-38,"3","LITAF"
4.92473698804444e-43,1.2658562273924,0.887,0.762,1.80250298499414e-38,"3","SRSF7"
4.99266959426423e-43,1.97387626060233,0.709,0.437,1.82736699819665e-38,"3","EFHD2"
8.76724258188452e-43,1.67004597133393,0.37,0.075,3.20889845739555e-38,"3","TRBC2"
9.05768468110548e-43,2.42519280908309,0.391,0.095,3.31520317013142e-38,"3","PRDM1"
4.47419491208235e-42,0.60672495565764,1,0.953,1.63760007977126e-37,"3","RPS27A"
4.97513533579811e-41,3.24447102604169,0.383,0.102,1.82094928425546e-36,"3","ITGA4"
5.27748550771757e-41,1.38097295504651,0.826,0.688,1.93161247067971e-36,"3","TLE5"
6.14271576508257e-41,3.56078300175908,0.274,0.049,2.24829539717787e-36,"3","TSEN54"
8.66623400171127e-41,2.28090688342097,0.578,0.267,3.17192830696634e-36,"3","PAXX"
3.77961763449559e-40,1.43449003832214,0.796,0.478,1.38337785040173e-35,"3","TNFAIP3"
5.27000021082971e-40,3.335572202735,0.309,0.064,1.92887277716578e-35,"3","HAVCR2"
3.71899133566484e-39,2.5320290234362,0.257,0.041,1.36118801876669e-34,"3","GIMAP7"
1.31735853013252e-38,3.38039964311318,0.283,0.056,4.82166395613804e-34,"3","MYO1F"
2.49693835800127e-38,3.18207149934839,0.339,0.083,9.13904408412045e-34,"3","APOBEC3G"
3.8990802579962e-38,1.16789282520188,0.913,0.826,1.42710236522919e-33,"3","PFN1"
1.45780374335055e-37,1.09147986776271,0.909,0.785,5.33570748103733e-33,"3","HNRNPA1"
1.95519834231303e-37,2.78523717694376,0.265,0.049,7.15622145269991e-33,"3","PRKX"
4.63543781117948e-37,1.9713402153145,0.713,0.469,1.6966165932698e-32,"3","UBE2S"
4.76308808413353e-37,0.597148514874549,1,0.955,1.74333786967371e-32,"3","MT-CO1"
2.48846968364324e-36,2.1474910783177,0.522,0.213,9.10804788910261e-32,"3","SYNE2"
9.90234665524636e-36,0.8531298446281,0.97,0.896,3.62435789928672e-31,"3","CFL1"
1.91568110389246e-35,2.64437317634635,0.496,0.208,7.0115844083568e-31,"3","GNG2"
1.91982198646749e-35,0.559413235846433,1,0.964,7.02674045266965e-31,"3","RPS27"
3.01007056281154e-35,1.84546606083884,0.557,0.25,1.10171592669465e-30,"3","STK4"
4.356189779589e-35,2.41288706502211,0.348,0.091,1.59440902122737e-30,"3","NFKBID"
7.74388408392311e-35,2.23840682552904,0.283,0.058,2.8343390135567e-30,"3","TNFRSF18"
1.00245602051594e-34,1.61722642185756,0.739,0.544,3.66908928069038e-30,"3","YPEL5"
2.023985296742e-34,0.670862975023241,0.996,0.946,7.40798858460538e-30,"3","RPS19"
2.40465816065142e-34,2.74549470454236,0.361,0.102,8.80128933380025e-30,"3","IKZF1"
2.4652960110435e-34,1.9203476996248,0.548,0.244,9.0232299300203e-30,"3","LEPROTL1"
4.06265464863778e-34,1.46663796385585,0.8,0.698,1.48697222794791e-29,"3","SRSF2"
3.25198252876369e-33,0.570355375699067,1,0.953,1.1902581253528e-28,"3","RPL3"
4.4639181358485e-33,0.681180943882906,1,0.95,1.63383867690191e-28,"3","PTMA"
1.1076601798409e-32,2.24130827847165,0.487,0.208,4.05414702423569e-28,"3","H2AFX"
1.46702054446203e-32,1.4493224701674,0.757,0.554,5.36944189478549e-28,"3","IER5"
2.09810179183109e-32,1.18232088003155,0.861,0.778,7.67926236828097e-28,"3","ARPC2"
2.81859950929942e-32,2.36425387586758,0.452,0.184,1.03163560639868e-27,"3","PIP4K2A"
4.06381077878327e-32,1.12904994319048,0.813,0.69,1.48739538314246e-27,"3","SARAF"
6.80627421250818e-32,2.66177650744991,0.413,0.152,2.49116442452012e-27,"3","LYST"
8.30333446561462e-32,1.6185070079643,0.674,0.434,3.03910344775961e-27,"3","RSRP1"
1.30896291292449e-31,1.10711281345944,0.874,0.728,4.79093515759491e-27,"3","IER2"
2.16939935766169e-31,2.54696282542073,0.47,0.213,7.94021858897755e-27,"3","APMAP"
2.25555745566e-31,2.80062231068946,0.252,0.053,8.25556584346117e-27,"3","PSTPIP1"
2.72751984616695e-31,0.54361120098766,0.996,0.942,9.98299538895564e-27,"3","RPL21"
4.85082781192264e-31,2.9936150135524,0.3,0.08,1.7754514874418e-26,"3","TPST2"
5.70109951433477e-31,2.59357111584861,0.352,0.107,2.08665943324167e-26,"3","CBX4"
2.06480149755629e-30,3.32033543607237,0.287,0.074,7.55737996120578e-26,"3","SIPA1"
2.43354687223847e-30,1.09941855242109,0.887,0.836,8.90702490708001e-26,"3","MYL12A"
2.6536874478707e-30,3.16525152017786,0.357,0.117,9.71276142795153e-26,"3","RNF166"
6.68484626244872e-30,2.39185504775048,0.3,0.077,2.44672058051886e-25,"3","CASP8"
8.75320587818512e-30,2.43911626558831,0.287,0.072,3.20376088347454e-25,"3","AC004687.1"
1.57800305541271e-29,1.01586767552228,0.952,0.836,5.77564898311607e-25,"3","KLF2"
2.63598112829168e-29,2.13631394661291,0.339,0.101,9.64795452766037e-25,"3","LBH"
5.41879151770227e-29,0.425443852625248,1,0.971,1.98333188339421e-24,"3","MALAT1"
7.5177895281119e-29,0.861575258682878,0.983,0.876,2.75158614518424e-24,"3","ZFP36L2"
8.89487865489421e-29,1.03806201034263,0.87,0.801,3.25561453647783e-24,"3","RBM39"
9.94870745942771e-29,0.556866051166741,1,0.938,3.64132641722514e-24,"3","RPS29"
1.06163268766284e-28,2.26771883203121,0.361,0.118,3.88568180011478e-24,"3","CKS2"
1.07649016633748e-28,1.8385524523123,0.339,0.1,3.94006165781179e-24,"3","TENT5C"
1.08619557292485e-28,2.02320851461513,0.435,0.167,3.97558441646224e-24,"3","UCP2"
4.12529641605812e-28,2.76428111118441,0.339,0.111,1.50989974124143e-23,"3","ATM"
6.99622876313606e-28,2.11567921894916,0.3,0.079,2.56068968959543e-23,"3","LIME1"
2.64439820856093e-27,2.18628529382075,0.465,0.215,9.67876188315386e-23,"3","TLE4"
3.02517724897696e-27,2.14703619423778,0.426,0.174,1.10724512489806e-22,"3","FMNL1"
6.38734099649293e-27,2.39190542611138,0.313,0.093,2.33783067812638e-22,"3","TSTD1"
7.58332888622991e-27,2.09700634772696,0.335,0.102,2.77557420564901e-22,"3","FYB1"
1.02815915984006e-26,2.26215846278793,0.539,0.326,3.76316534093061e-22,"3","PLAAT4"
2.51823392284221e-26,1.65022732378065,0.609,0.403,9.21698798099479e-22,"3","FOSL2"
2.57021859231497e-26,1.09364383873842,0.87,0.823,9.40725706973201e-22,"3","HSPA8"
2.61028070879002e-26,2.1169173832079,0.452,0.203,9.55388842224236e-22,"3","PIK3IP1"
2.89558623931898e-26,2.79107911152269,0.265,0.069,1.05981351945314e-21,"3","MGAT4A"
3.37348628279574e-26,1.67072499699122,0.6,0.372,1.23472971436607e-21,"3","ADGRE5"
6.30743057836137e-26,2.85534947312851,0.257,0.067,2.30858266598604e-21,"3","SLC9A3R1"
6.7483520215656e-26,2.69708106671278,0.33,0.113,2.46996432341322e-21,"3","STK10"
8.31382773786368e-26,0.627655327129517,0.983,0.915,3.04294409033549e-21,"3","RPSA"
8.43336513243756e-26,1.92310417822274,0.439,0.19,3.08669597212347e-21,"3","FAM49B"
4.86034713382708e-25,2.5544734511971,0.278,0.079,1.77893565445205e-20,"3","IRF8"
6.91212723036507e-25,0.471570301552757,1,0.952,2.52990768758592e-20,"3","RPL28"
9.54528147406878e-25,2.27037199015756,0.274,0.075,3.49366847232392e-20,"3","PDE4D"
2.6068572476306e-24,1.40231772361039,0.687,0.584,9.54135821205277e-20,"3","JAK1"
2.81812661571889e-24,1.69387577193311,0.63,0.452,1.03146252261927e-19,"3","MAP3K8"
2.84534789046854e-24,0.489252777649759,0.996,0.939,1.04142578139039e-19,"3","RPL23A"
3.36291059667529e-24,0.462610331840337,0.996,0.951,1.23085890748912e-19,"3","RPS15A"
3.38443086460251e-24,0.447609693081146,0.996,0.94,1.23873554075317e-19,"3","RPS7"
3.53488059245641e-24,2.55832045790137,0.278,0.081,1.29380164564497e-19,"3","FAM43A"
3.85733583315905e-24,1.38490349412002,0.678,0.544,1.41182348829454e-19,"3","FYN"
4.42979296900716e-24,1.95153325147442,0.522,0.276,1.62134852458631e-19,"3","DDIT3"
5.32594565702271e-24,0.438883876894898,1,0.955,1.94934936992688e-19,"3","RPS3A"
6.68206957384467e-24,2.56347693022184,0.291,0.094,2.44570428472289e-19,"3","BTN3A2"
1.48378824909238e-23,1.78520543194902,0.43,0.194,5.43081337050301e-19,"3","CDC42SE2"
2.97636058835295e-23,1.94492717402146,0.278,0.077,1.08937773894306e-18,"3","SPOCK2"
5.82461763945478e-23,1.77076988813086,0.517,0.316,2.13186830221684e-18,"3","EVL"
7.56203804763477e-23,1.8119471644965,0.278,0.079,2.7677815458148e-18,"3","RHOH"
9.10501164683614e-23,2.08219399472274,0.443,0.228,3.3325253128585e-18,"3","CDC42SE1"
1.20743105118387e-22,2.41623691043411,0.361,0.147,4.4193183904381e-18,"3","LINC00623"
1.48639040826218e-22,2.3676878248495,0.374,0.157,5.44033753328042e-18,"3","ZBTB1"
1.72696456836073e-22,1.08986083247877,0.826,0.783,6.32086301665712e-18,"3","FUS"
3.14470442242763e-22,2.55892848568698,0.361,0.152,1.15099326565274e-17,"3","ARHGEF1"
3.58137825699536e-22,2.70672086778343,0.257,0.076,1.31082025584287e-17,"3","PLEKHA2"
5.83331160279626e-22,2.22481215667592,0.465,0.26,2.13505037973946e-17,"3","MBP"
9.23127855407536e-22,1.62337184037433,0.274,0.079,3.37874026357712e-17,"3","CD2"
2.64548622047212e-21,1.83525153902171,0.535,0.314,9.68274411555002e-17,"3","GRASP"
3.12602491733748e-21,0.494606445232132,0.948,0.88,1.14415637999469e-16,"3","EEF1B2"
8.52332091394633e-21,1.06877664314684,0.765,0.743,3.1196206877135e-16,"3","SRSF3"
1.77256054401546e-20,1.66181239843655,0.639,0.51,6.48774884715098e-16,"3","PIK3R1"
1.86979282674319e-20,0.620846106127977,0.961,0.895,6.84362872516274e-16,"3","DDX5"
3.12182023607746e-20,0.888172904515217,0.83,0.755,1.14261742460671e-15,"3","NCL"
8.78783379324711e-20,1.67674615014801,0.474,0.271,3.21643504666637e-15,"3","SMCHD1"
9.63329995067731e-20,2.29560924750967,0.274,0.094,3.5258841149474e-15,"3","CHST11"
7.80233598647652e-19,1.42312164420677,0.613,0.485,2.85573299441027e-14,"3","KMT2E"
1.69266814775025e-18,3.05494436575136,0.265,0.096,6.1953346875807e-14,"3","MVD"
2.37757321493816e-18,1.0478731207462,0.713,0.661,8.70215572399515e-14,"3","SELENOK"
4.07984166663279e-18,1.40642410319497,0.565,0.372,1.49326284840427e-13,"3","REL"
4.99464831234794e-18,1.45597812421921,0.517,0.332,1.82809122880247e-13,"3","UBALD2"
5.40912848938522e-18,0.964410204462431,0.761,0.735,1.97979511839988e-13,"3","EIF4A2"
6.22784441575597e-18,1.66848987085275,0.37,0.169,2.27945333461084e-13,"3","NR4A3"
8.22545635628942e-18,0.384567723575549,1,0.947,3.01059928096549e-13,"3","RPL17"
1.07434386491976e-17,1.43433274583039,0.496,0.3,3.93220597999283e-13,"3","INTS6"
1.89203638855625e-17,0.49723804562344,0.996,0.947,6.92504238575473e-13,"3","H3F3B"
2.44378688580864e-17,2.49469963800196,0.317,0.139,8.94450438074819e-13,"3","TLE1"
3.13230769209946e-17,2.23250217276751,0.278,0.108,1.14645593838532e-12,"3","RASSF5"
3.76007837895526e-17,1.92477907911228,0.326,0.144,1.37622628748141e-12,"3","SNHG1"
3.84521617120892e-17,1.53861554618007,0.391,0.195,1.40738757082418e-12,"3","CTSC"
4.39281940181572e-17,2.08280976725387,0.413,0.242,1.60781582925857e-12,"3","SUN2"
7.58525580000223e-17,1.60300289587972,0.404,0.213,2.77627947535882e-12,"3","TSPYL2"
8.44354818368627e-17,1.1435141803083,0.361,0.154,3.09042307071101e-12,"3","CRYBG1"
9.79661717437454e-17,0.890643590277115,0.73,0.605,3.58565985199282e-12,"3","AC020916.1"
1.49634387387652e-16,0.936003410550043,0.722,0.707,5.47676821277544e-12,"3","RAP1B"
2.05309864102552e-16,0.350073046249718,0.996,0.943,7.5145463360175e-12,"3","FAU"
2.4209052720768e-16,1.54469255038706,0.457,0.274,8.86075538632828e-12,"3","PPP1R10"
2.62359129313934e-16,1.51565502785104,0.574,0.463,9.60260649201928e-12,"3","ZEB2"
2.72456179166759e-16,0.916264534748334,0.735,0.708,9.97216861368256e-12,"3","YWHAZ"
3.45738803122123e-16,1.45442942156484,0.587,0.474,1.26543859330728e-11,"3","BRD2"
5.34466065638977e-16,1.72200008424068,0.409,0.22,1.95619924684522e-11,"3","PTGER4"
5.49175804062604e-16,2.15638133957166,0.335,0.162,2.01003836044954e-11,"3","CDK2AP2"
6.05813332230935e-16,1.69643287471631,0.257,0.093,2.21733737729844e-11,"3","IL10RA"
8.56323193242232e-16,1.54523598092973,0.339,0.151,3.13422851958589e-11,"3","GPSM3"
9.16824849573913e-16,2.57388130662201,0.265,0.103,3.35567063192548e-11,"3","TNFSF9"
9.7916803737753e-16,0.376598698247487,0.996,0.938,3.5838529336055e-11,"3","RPLP2"
1.12265789030634e-15,0.930408221820201,0.752,0.723,4.10904014431025e-11,"3","IFITM2"
1.26443597364423e-15,1.13195182373208,0.604,0.466,4.62796210713524e-11,"3","LINC-PINT"
1.51233932332834e-15,2.18402412309822,0.339,0.168,5.53531315731406e-11,"3","PITPNC1"
1.53918701034303e-15,1.10763126747021,0.383,0.172,5.63357837655651e-11,"3","RGS1"
2.0690825884089e-15,1.68184921162528,0.483,0.33,7.5730491818354e-11,"3","CCNH"
3.12957227661893e-15,1.20331895451756,0.626,0.567,1.14545474896529e-10,"3","DNAJB6"
3.53452751222116e-15,1.64189927205544,0.439,0.275,1.29367241474807e-10,"3","POLR2A"
3.63685214791476e-15,0.421140066432315,0.97,0.912,1.33112425465828e-10,"3","RPL27"
4.58670636279642e-15,0.323508072230516,1,0.962,1.67878039584712e-10,"3","EIF1"
5.3048588737482e-15,0.873087734186468,0.743,0.742,1.94163139638058e-10,"3","EIF3G"
8.49534251997614e-15,1.70018626247373,0.509,0.385,3.10938031573647e-10,"3","PHF20"
8.62728863268631e-15,1.11430913005104,0.574,0.433,3.15767391244952e-10,"3","CD55"
1.12222669977809e-14,0.453373303800561,0.891,0.853,4.10746194385777e-10,"3","RPL31"
1.2442553522633e-14,1.95636492351771,0.4,0.24,4.55409901481889e-10,"3","STK17A"
1.55220056726605e-14,1.62026226132238,0.517,0.426,5.68120929625049e-10,"3","RAB5IF"
2.05516665680042e-14,1.69590444045367,0.487,0.351,7.52211548055523e-10,"3","GTF2B"
2.4304732961209e-14,0.351664785185823,0.978,0.929,8.89577531113212e-10,"3","RPL27A"
2.709553645272e-14,1.18736995372071,0.487,0.332,9.91723729706006e-10,"3","JPT1"
3.57299540808564e-14,2.1708624560724,0.322,0.158,1.30775204931342e-09,"3","THUMPD3-AS1"
4.13886070231615e-14,1.84558668415577,0.404,0.246,1.51486440565473e-09,"3","MYLIP"
5.36804068060225e-14,0.911706545554591,0.687,0.683,1.96475656950723e-09,"3","PSME1"
5.56359001583581e-14,1.83036591659701,0.43,0.288,2.03632958169606e-09,"3","WIPF1"
5.93975800666162e-14,2.10174786155278,0.296,0.139,2.17401082801822e-09,"3","ANKRD13D"
6.14158140171469e-14,1.3422326245955,0.491,0.336,2.24788020884159e-09,"3","CHMP1B"
6.21016872679174e-14,2.68093164494049,0.252,0.106,2.27298385569304e-09,"3","RAB29"
6.53895399064114e-14,1.67923981570686,0.5,0.389,2.39332255011456e-09,"3","RNF115"
1.25280310184177e-13,0.320397718372434,1,0.951,4.58538463305107e-09,"3","RPS14"
1.47385454433331e-13,0.486754643405625,0.909,0.872,5.39445501771435e-09,"3","COX4I1"
1.8146699094151e-13,1.90124364475185,0.404,0.253,6.6418733354502e-09,"3","RNF213"
2.60156287283114e-13,0.803406246969318,0.93,0.916,9.52198027084925e-09,"3","HSP90AA1"
2.88628168065444e-13,1.2519707846291,0.5,0.376,1.05640795793633e-08,"3","SYAP1"
2.92700135889769e-13,2.17602837401167,0.326,0.174,1.07131176737014e-08,"3","JMJD6"
3.94318963566421e-13,0.308995719619189,1,0.962,1.44324683854946e-08,"3","MT-CO3"
4.89712203713965e-13,0.390880091074494,0.957,0.904,1.79239563681348e-08,"3","EEF1D"
5.28210835512544e-13,1.49707748846576,0.483,0.353,1.93330447905946e-08,"3","CLK1"
5.85655831656806e-13,0.613648804639981,0.487,0.258,2.14355890944707e-08,"3","EZR"
7.84049916076091e-13,1.59914726649426,0.509,0.407,2.8697010978301e-08,"3","FAM177A1"
8.69041865035493e-13,1.2723527764886,0.335,0.158,3.18078013021641e-08,"3","VAMP8"
1.03883646427034e-12,0.868540152821828,0.683,0.638,3.80224534287589e-08,"3","AKAP13"
1.36940092511604e-12,2.30799078060782,0.287,0.144,5.01214432601721e-08,"3","MRPL10"
1.60268335265194e-12,2.24633617058351,0.257,0.116,5.86598133904135e-08,"3","RAB27A"
1.7280058189782e-12,1.4757926759351,0.413,0.264,6.32467409804211e-08,"3","JOSD1"
2.40915447442416e-12,0.681420003330127,0.77,0.725,8.81774629183986e-08,"3","HSPA5"
4.70997984804835e-12,1.76079947020766,0.387,0.24,1.72389972418418e-07,"3","IVNS1ABP"
5.15628940049658e-12,1.91090765996983,0.313,0.167,1.88725348347575e-07,"3","OFD1"
6.32067327386843e-12,1.8081888263217,0.309,0.159,2.31342962496858e-07,"3","C12orf75"
6.535728364893e-12,2.04795637720931,0.265,0.125,2.39214193883449e-07,"3","FAM53C"
8.68438600307845e-12,1.21375982818384,0.509,0.392,3.17857212098674e-07,"3","IDS"
9.21413646618141e-12,0.604503341703975,0.352,0.164,3.37246608798706e-07,"3","SAMSN1"
1.14871900242159e-11,0.606380172544635,0.757,0.765,4.20442642076325e-07,"3","HNRNPDL"
1.23834260184391e-11,1.67915673201189,0.357,0.222,4.53245775700891e-07,"3","RASSF1"
1.30359452387894e-11,1.31373931109998,0.504,0.41,4.77128631684932e-07,"3","BPTF"
1.47472086061381e-11,1.59931612375738,0.578,0.526,5.39762582193262e-07,"3","SPON2"
1.53183839261701e-11,1.53576620214961,0.37,0.222,5.6066817008175e-07,"3","SNHG12"
1.61320016830485e-11,1.23319159465458,0.548,0.493,5.90447393601258e-07,"3","VAMP2"
1.91415223274574e-11,1.57261763447441,0.483,0.39,7.00598858707267e-07,"3","PRPF38B"
2.13286526813831e-11,1.70380240520692,0.317,0.176,7.80650016791303e-07,"3","AAK1"
2.18053456393771e-11,0.918586968682243,0.704,0.684,7.9809745574684e-07,"3","SERTAD1"
2.45353681296276e-11,1.88471169526713,0.287,0.144,8.98019008912499e-07,"3","SEC11C"
2.92229616491681e-11,1.0059498593846,0.687,0.685,1.0695896193212e-06,"3","H2AFZ"
2.92979495515448e-11,2.12692827877229,0.278,0.143,1.07233425153609e-06,"3","MAPRE2"
3.29417254001054e-11,1.99214179747116,0.357,0.229,1.20570009136926e-06,"3","MAPK1"
3.4806735416305e-11,0.68980676974329,0.704,0.71,1.27396132297218e-06,"3","SNHG6"
3.77635740410596e-11,1.17325222293565,0.478,0.342,1.38218457347682e-06,"3","STK17B"
6.0800662369054e-11,0.282080420323138,0.996,0.944,2.22536504336974e-06,"3","RPL15"
1.02434887562501e-10,0.861543934131426,0.77,0.734,3.74921931967508e-06,"3","BTG2"
1.03710388952425e-10,2.01754893965289,0.296,0.16,3.79590394604772e-06,"3","CDKN2D"
1.28214882196555e-10,0.793353182803688,0.804,0.813,4.69279290327611e-06,"3","DNAJA1"
1.66134375792276e-10,0.252765907338244,1,0.948,6.0806842883731e-06,"3","RPS6"
1.68684330595475e-10,1.92764894070782,0.317,0.187,6.174015184125e-06,"3","NSMCE3"
3.38461760657969e-10,0.883043522090364,0.435,0.283,1.23880389018423e-05,"3","IL32"
3.46899917423127e-10,1.27896197353986,0.478,0.37,1.26968838776039e-05,"3","RORA"
4.24078019181198e-10,1.43171789184707,0.322,0.188,1.5521679580051e-05,"3","HEXIM1"
4.74798114827301e-10,1.58502995595491,0.439,0.332,1.73780858007941e-05,"3","FKBP11"
5.68568566456753e-10,1.15707906644849,0.517,0.422,2.08101781008836e-05,"3","SMAD7"
5.81134701169957e-10,1.15003692717374,0.396,0.247,2.12701111975216e-05,"3","FAM107B"
8.43703181805224e-10,1.33281473652038,0.483,0.407,3.0880380157253e-05,"3","KLF13"
9.13226617245275e-10,1.04878513045404,0.609,0.612,3.34250074177943e-05,"3","FAM133B"
1.02467191082593e-09,0.882246114798497,0.578,0.529,3.75040166081399e-05,"3","ATP1B3"
1.07063959078589e-09,0.801264482737137,0.787,0.816,3.91864796623544e-05,"3","TUBB4B"
1.25934613662196e-09,1.63104303868706,0.361,0.242,4.60933279465003e-05,"3","SEC14L1"
1.28410053897505e-09,1.7314310628789,0.33,0.205,4.69993638270258e-05,"3","SEPTIN9"
1.50653615097847e-09,1.65298713118805,0.417,0.331,5.51407296619631e-05,"3","OSTF1"
1.60778683011691e-09,0.26211857960614,0.978,0.93,5.88466057691091e-05,"3","UBA52"
1.63965072613821e-09,0.570144418483342,0.809,0.792,6.00128562273845e-05,"3","SRSF5"
3.02790959428661e-09,1.01681202505436,0.539,0.481,0.000110824519060484,"3","HMGN1"
3.31190985918923e-09,0.333474596940403,0.926,0.875,0.000121219212756185,"3","RPL4"
5.31312016935658e-09,0.589015406235456,0.704,0.763,0.00019446551131862,"3","TRIR"
5.66437676860326e-09,0.548348396139019,0.783,0.792,0.000207321854107648,"3","TMA7"
5.80766784933421e-09,0.484540980604852,0.748,0.768,0.000212566450953481,"3","ARPC3"
6.38155707279117e-09,2.23381064356123,0.257,0.143,0.00023357137042123,"3","TRAPPC10"
6.90229533356903e-09,1.239657569875,0.383,0.26,0.00025263091150396,"3","ODC1"
7.00425604429317e-09,1.07608337826828,0.513,0.473,0.000256362775477174,"3","EPC1"
7.0157313628798e-09,1.31201518178998,0.457,0.372,0.000256782783612764,"3","RNF19A"
8.60549323640099e-09,1.41299172704517,0.252,0.13,0.000314969657945513,"3","HCLS1"
9.47747919086902e-09,0.322737313540117,0.939,0.916,0.000346885215864997,"3","RPS21"
1.07935026814758e-08,1.83477576040308,0.274,0.158,0.000395052991644694,"3","PDCL3"
1.18569317883578e-08,1.85020918956209,0.309,0.193,0.000433975560385683,"3","HIPK1"
1.44208180674765e-08,1.24814819026236,0.474,0.409,0.000527816362087708,"3","SYF2"
3.53699822339105e-08,0.885905162552207,0.513,0.471,0.00129457671974336,"3","ARID4B"
3.90251145499568e-08,1.71156264500147,0.265,0.154,0.00142835821764297,"3","GRK2"
5.883197914273e-08,0.50937470878084,0.748,0.771,0.00215330926860306,"3","SNHG5"
6.44841180474929e-08,1.40194595641488,0.265,0.153,0.00236018320465629,"3","CYTH1"
6.56843477539744e-08,0.382371027116792,0.852,0.859,0.00240411281214322,"3","HNRNPA2B1"
6.6299069409384e-08,0.389691683822373,0.913,0.876,0.00242661223945286,"3","RPL36AL"
7.34367890605457e-08,1.95076782406021,0.317,0.216,0.00268785991640503,"3","LYAR"
7.63275202481806e-08,0.480009136364934,0.726,0.75,0.00279366356860366,"3","SSR4"
7.96086018244551e-08,1.34011293315525,0.387,0.292,0.00291375443537688,"3","HMGB2"
8.05913762440472e-08,0.672003950769505,0.639,0.648,0.00294972496190837,"3","TPM3"
8.29669755896247e-08,0.628681356432635,0.704,0.714,0.00303667427355585,"3","CALR"
9.08194098610782e-08,1.03178657599163,0.417,0.316,0.00332408122032532,"3","UPP1"
9.09320573781127e-08,1.10327243790286,0.483,0.44,0.0033282042320963,"3","ARF6"
9.27289187846753e-08,0.579538089930523,0.678,0.713,0.0033939711564379,"3","LINC01578"
9.27454964883363e-08,1.04725022329105,0.461,0.387,0.0033945779169696,"3","BHLHE40"
9.99246018162135e-08,0.802556676352953,0.604,0.607,0.00365734035107523,"3","MAP1LC3B"
1.05799639673179e-07,1.42464467044427,0.326,0.219,0.00387237261167802,"3","VASP"
1.14800572941959e-07,1.26513467699015,0.422,0.357,0.00420181577024863,"3","C9orf78"
1.19656842501115e-07,1.6660921514302,0.296,0.193,0.00437956009238332,"3","IFITM1"
1.54469134181958e-07,1.25430667825739,0.387,0.299,0.00565372478019385,"3","UTRN"
1.68843899074653e-07,0.529314326935282,0.735,0.769,0.00617985555003138,"3","SUB1"
1.78444115030618e-07,1.72569930614329,0.283,0.182,0.00653123305423564,"3","CHST12"
1.94692199162573e-07,1.03673611893344,0.439,0.376,0.00712592918154934,"3","TAPBP"
2.3471118049355e-07,1.21397646881027,0.517,0.493,0.00859066391724443,"3","AMD1"
2.56331466211491e-07,1.09451561211839,0.426,0.332,0.00938198799480679,"3","CITED2"
2.86149319776805e-07,1.44654117563655,0.396,0.319,0.0104733512531508,"3","PSMB9"
3.37143753229959e-07,1.3723714413779,0.4,0.322,0.0123397985119697,"3","CBLB"
3.38778859661147e-07,0.70711829020912,0.604,0.6,0.0123996450424577,"3","FXYD5"
3.41796536713273e-07,1.63940948058293,0.361,0.281,0.0125100950402425,"3","DDX6"
4.18862228788666e-07,0.288322759301154,0.404,0.621,0.015330776435894,"3","MT1X"
4.28728972455359e-07,1.0413406653971,0.509,0.506,0.0156919091208386,"3","TERF2IP"
5.88052243406038e-07,1.80977741654105,0.291,0.193,0.0215233001609044,"3","KANSL1"
6.7518329814356e-07,0.269377242097937,0.996,0.96,0.0247123838953525,"3","JUND"
7.733039636804e-07,1.96634090749014,0.265,0.172,0.0283036983746663,"3","NARF"
8.091818581307e-07,1.52532816266795,0.252,0.157,0.0296168651894417,"3","SSH2"
1.04395922259125e-06,1.78604376306492,0.291,0.201,0.0382099515060623,"3","EBP"
1.30200499816067e-06,1.51595272262232,0.374,0.31,0.0476546849376787,"3","PRMT2"
1.36862430179901e-06,1.13413359942882,0.465,0.427,0.0500930180701454,"3","CFLAR"
1.41154093822613e-06,1.60870379105513,0.3,0.209,0.0516638098800145,"3","TRABD"
1.49879711758944e-06,0.393775528981028,0.761,0.808,0.0548574733008911,"3","EIF3K"
1.88032328735291e-06,1.07322676802559,0.491,0.47,0.0688217126404038,"3","EIF4A3"
1.97916585057063e-06,2.09389837733474,0.252,0.163,0.0724394492967356,"3","PRR5"
2.1702733759924e-06,0.653537036534848,0.622,0.675,0.0794341758346979,"3","RSRC2"
2.17323075730859e-06,0.276993475178591,0.935,0.905,0.0795424189482516,"3","H3F3A"
2.18517567577953e-06,0.262950319757057,0.739,0.758,0.0799796149092065,"3","PABPC1"
2.5137049095303e-06,0.585610509467953,0.596,0.647,0.0920041133937186,"3","UBXN1"
2.66350908573586e-06,0.815730318923427,0.517,0.494,0.0974870960470182,"3","ELF1"
2.68910548097557e-06,0.511483242370802,0.696,0.752,0.0984239497091869,"3","EIF5"
2.70374743936785e-06,0.709957618505648,0.552,0.573,0.0989598600283026,"3","C9orf16"
2.88542837353318e-06,1.63759470137107,0.335,0.264,0.105609563899688,"3","MOB4"
2.89255169245523e-06,0.909692972307138,0.383,0.299,0.105870284495554,"3","ZC3HAV1"
3.09623515060534e-06,0.335203766514985,0.874,0.881,0.113325302747306,"3","CIRBP"
3.37853699883367e-06,1.76700000147604,0.343,0.275,0.123657832694311,"3","RAB9A"
3.53980347287061e-06,1.03295943915134,0.4,0.335,0.129560346910537,"3","MYH9"
3.61478290682118e-06,1.27165277375837,0.313,0.231,0.132304669172562,"3","TNFRSF14"
3.9341107584843e-06,0.964792162037168,0.457,0.418,0.143992387871284,"3","PDCD4"
4.24223811415282e-06,0.55777106219712,0.617,0.639,0.155270157216107,"3","GYPC"
5.1408884487141e-06,0.350086249407097,0.757,0.788,0.188161658111385,"3","RPS10"
5.61612370261644e-06,1.10365961116787,0.422,0.388,0.205555743639464,"3","PSMB8"
6.84051748573973e-06,0.998895632349272,0.461,0.438,0.25036978049556,"3","H2AFV"
7.58539178327881e-06,1.80856745078638,0.287,0.205,0.277632924659788,"3","KPNA2"
8.14619141941744e-06,0.50606992513089,0.722,0.801,0.298158752142098,"3","SAP18"
1.15544225933751e-05,1.687348016522,0.274,0.195,0.422903421340121,"3","CDC40"
1.20548689033557e-05,0.800890722879437,0.557,0.607,0.441220256731723,"3","SRRM1"
1.3416700159654e-05,1.1178759891002,0.443,0.424,0.491064642543497,"3","YPEL3"
1.7569013463576e-05,1.38382173384054,0.361,0.311,0.643043461780346,"3","ARPC5L"
1.75739479364784e-05,1.10588421112087,0.33,0.25,0.643224068423047,"3","FNBP1"
1.78096400443089e-05,1.12838224310077,0.383,0.31,0.651850635261748,"3","MARCKSL1"
2.39387233872986e-05,1.37079607377947,0.322,0.26,0.876181214698515,"3","TERF1"
2.4107917520402e-05,0.380573087421742,0.791,0.848,0.882373889164235,"3","ZFAS1"
2.56182406582309e-05,0.943748123245829,0.461,0.456,0.937653226331908,"3","MSN"
2.72129917757004e-05,0.43382570998336,0.735,0.8,0.99602271198241,"3","CDC42"
2.77632914649034e-05,0.642101746520458,0.591,0.658,1,"3","ATP6V1G1"
2.8328792293827e-05,0.409122578647987,0.7,0.759,1,"3","SEPTIN7"
3.10349867438467e-05,1.62805560796617,0.278,0.203,1,"3","APOL6"
3.1704304065098e-05,0.279701193692159,0.77,0.711,1,"3","IRF1"
3.62549095580143e-05,0.62585762764401,0.643,0.708,1,"3","DDX3X"
3.93110982357556e-05,1.42230770124169,0.322,0.254,1,"3","MKNK2"
3.93264940433255e-05,1.47652544418238,0.304,0.242,1,"3","TFDP2"
4.29144746804486e-05,0.9098987787385,0.452,0.392,1,"3","RPS4Y1"
4.95038555848242e-05,1.33363066783496,0.3,0.228,1,"3","PCF11"
4.97928140379025e-05,1.29085148030612,0.287,0.209,1,"3","SEPTIN6"
5.15361212213373e-05,0.641830118813906,0.526,0.546,1,"3","FLNA"
5.82598809984486e-05,0.812841935653312,0.517,0.574,1,"3","PGK1"
6.63965188973005e-05,1.76681872555407,0.278,0.215,1,"3","UBE2F"
7.06250894042768e-05,1.13878951064893,0.474,0.497,1,"3","N4BP2L2"
7.89329044477775e-05,0.572443788507808,0.535,0.489,1,"3","GADD45A"
8.1543078012967e-05,1.17394459773756,0.365,0.328,1,"3","CHMP4A"
9.57924809700427e-05,0.713735563742868,0.596,0.68,1,"3","BZW1"
9.87431453837838e-05,1.37613052732997,0.27,0.201,1,"3","BRD1"
0.000113545530312507,0.640341625347262,0.578,0.626,1,"3","HERPUD1"
0.00011514912971508,0.501474003219209,0.613,0.653,1,"3","GNAI2"
0.000127342076367152,0.653138171608331,0.552,0.581,1,"3","SLC38A2"
0.000131827395522691,0.456732869796675,0.591,0.631,1,"3","HNRNPA3"
0.000137233973652043,0.383572043239386,0.717,0.79,1,"3","ATP5MG"
0.000150660610678633,1.80886481559917,0.339,0.301,1,"3","CNOT2"
0.000165854329333169,1.14012399729826,0.357,0.325,1,"3","PKN1"
0.000219641582946847,0.566661039114764,0.596,0.686,1,"3","PRRC2C"
0.000258861516517577,1.09314816208967,0.335,0.279,1,"3","ISG15"
0.000301921396855166,0.491473878030771,0.617,0.684,1,"3","ANKRD12"
0.000328695118358512,1.12489375545812,0.374,0.357,1,"3","CCDC12"
0.000344414132353346,0.930973652881728,0.478,0.495,1,"3","RPL22L1"
0.000403720670009906,1.35275425841831,0.304,0.254,1,"3","GABPB1-IT1"
0.000418650375735426,0.3526739130889,0.639,0.71,1,"3","SNRPB"
0.000420959482435219,1.62724451812337,0.27,0.216,1,"3","RNF126"
0.000451568378068268,0.279861879300599,0.839,0.876,1,"3","PPIA"
0.000451919621453084,1.53199707280898,0.252,0.198,1,"3","YES1"
0.000472989299729856,0.75914813270574,0.504,0.557,1,"3","ATP5IF1"
0.000505746640271385,0.549036831287664,0.596,0.678,1,"3","RBM8A"
0.000532356090583567,1.51647671961867,0.287,0.24,1,"3","SIRT2"
0.000567760645902194,1.33177420702123,0.257,0.195,1,"3","ZNF292"
0.000568612929735659,1.01167617554602,0.352,0.328,1,"3","SPSB3"
0.000610709027194303,0.307628452976636,0.139,0.275,1,"3","UBE3A"
0.000612800922460384,1.29789968913188,0.261,0.201,1,"3","CYLD"
0.000637997048901004,0.87687459905757,0.396,0.376,1,"3","CHD2"
0.000674969748595954,1.42643632835424,0.291,0.239,1,"3","GABPB1-AS1"
0.000695367334523654,0.892345832621017,0.448,0.456,1,"3","GABARAPL1"
0.000851992350416681,1.27789944766,0.361,0.339,1,"3","HIST1H4C"
0.000854070816637039,0.964964245906081,0.396,0.398,1,"3","ISCA1"
0.000920769044257981,0.772755255948728,0.47,0.535,1,"3","BUD31"
0.000924081467982196,0.664394047922863,0.517,0.585,1,"3","SET"
0.0010237293887107,0.97339060117172,0.417,0.426,1,"3","DAZAP2"
0.00103499205602562,0.757190466180074,0.509,0.581,1,"3","TCF25"
0.00110173070560867,0.444813480293297,0.604,0.677,1,"3","RBM25"
0.00117715304601878,0.417571297280401,0.596,0.639,1,"3","CYCS"
0.00120058527298962,0.871496936704224,0.439,0.466,1,"3","PNN"
0.00125908465972382,0.562589712506483,0.126,0.25,1,"3","ATXN7L3B"
0.00133204852310181,0.970464779775454,0.348,0.32,1,"3","USP15"
0.00140389431316702,0.301878878872296,0.191,0.357,1,"3","SDF2"
0.00153809285955422,1.15072456737085,0.404,0.402,1,"3","SNHG7"
0.00156206101084184,0.920851897082047,0.343,0.322,1,"3","GPS2"
0.00169628036501865,1.00498289599667,0.378,0.372,1,"3","NOP56"
0.00173259686737695,0.721796495533018,0.487,0.542,1,"3","CIB1"
0.00173281014020264,0.557515070248511,0.596,0.656,1,"3","DNAJB1"
0.00173641924211773,0.42517961184676,0.139,0.268,1,"3","BRIX1"
0.00189981328632407,0.89998726873102,0.378,0.38,1,"3","SIGIRR"
0.00191048995075012,0.260606682647342,0.196,0.358,1,"3","STX8"
0.0020327474340393,0.396214616076899,0.674,0.761,1,"3","ATP5MC2"
0.00222101400441269,1.06032546700691,0.339,0.322,1,"3","BCAS2"
0.00254513328018367,0.258267298167167,0.204,0.367,1,"3","RBBP7"
0.00295452631566898,0.378957856999849,0.174,0.317,1,"3","CLNS1A"
0.00298403536181041,0.263735498890463,0.187,0.336,1,"3","RAB5A"
0.00306097601505446,0.444266668886103,0.139,0.262,1,"3","MMADHC"
0.00339237203814851,0.858965667228502,0.387,0.409,1,"3","MOB1A"
0.00346256038280126,0.813247397319552,0.478,0.562,1,"3","UBE2I"
0.00349591189269145,0.925996598508102,0.313,0.286,1,"3","CCSER2"
0.00349964754615955,0.510042313714495,0.561,0.655,1,"3","HNRNPC"
0.00362266156418982,0.962039869005129,0.357,0.347,1,"3","ACTN4"
0.00368186772201397,1.43812381615153,0.265,0.225,1,"3","GPATCH8"
0.00374339211897024,0.351633681762915,0.139,0.255,1,"3","NUB1"
0.00376494591541254,0.783406899007073,0.452,0.49,1,"3","GPBP1"
0.00415223053223512,0.617530060078194,0.57,0.634,1,"3","PNISR"
0.0042591998414364,0.824782058269507,0.313,0.288,1,"3","CSNK1D"
0.0047356004459418,1.33470258491428,0.317,0.309,1,"3","ITGAE"
0.00494489831014177,0.773109468051294,0.526,0.618,1,"3","NFE2L2"
0.0054651222968685,0.438228674272182,0.148,0.266,1,"3","CIAO1"
0.0055169248163627,0.251338671235495,0.174,0.304,1,"3","GOLGA7"
0.00573350650578046,1.06134953576176,0.417,0.444,1,"3","NASP"
0.00595068320531272,0.324037886755672,0.148,0.265,1,"3","BTBD6"
0.0061057106786438,0.271312582057167,0.157,0.278,1,"3","TMED1"
0.00619796855132093,1.13241379424134,0.283,0.252,1,"3","ANP32E"
0.00631341528708661,0.823407691009227,0.452,0.51,1,"3","ARL6IP1"
0.00637757119687907,0.360443052888834,0.252,0.436,1,"3","OAT"
0.00652044489233705,0.572902360368071,0.5,0.604,1,"3","UBE2D2"
0.00667883653493509,0.304507262842731,0.209,0.359,1,"3","NBDY"
0.00668319266801541,0.587421093820772,0.148,0.258,1,"3","MDM4"
0.00697363633006302,0.567099692128499,0.448,0.495,1,"3","HNRNPH1"
0.00733473759132378,1.17551200155558,0.3,0.281,1,"3","NAP1L4"
0.00742229523327394,1.028791860105,0.33,0.319,1,"3","LUC7L3"
0.00775157385333698,1.0417394431461,0.322,0.319,1,"3","HNRNPL"
0.00795939130470193,0.255307979552233,0.161,0.282,1,"3","DTD1"
0.00819055117923247,0.471521763040758,0.565,0.654,1,"3","SLC25A5"
0.00856152472468092,0.312591505929084,0.213,0.358,1,"3","VSIR"
0.00935074851954302,1.17356721289384,0.33,0.33,1,"3","PPP1CA"
0.00974980968564608,0.469559985568647,0.148,0.258,1,"3","CCDC115"
1.30707642643135e-47,0.337246129779831,0.082,0.78,4.78403042838139e-43,"4","CNBP"
1.8849076779377e-47,0.319839594358319,0.126,0.861,6.89895059201978e-43,"4","SKP1"
1.72077198560833e-46,0.322005646007498,0.071,0.75,6.29819754452507e-42,"4","KRTCAP2"
2.81147855249992e-45,0.280536284676974,0.098,0.784,1.0290292650005e-40,"4","SEC61B"
4.88324369163496e-45,0.444095685298332,0.126,0.845,1.78731602357531e-40,"4","HINT1"
7.37120058876619e-45,0.659225795683895,0.104,0.804,2.69793312749431e-40,"4","MORF4L1"
4.87729527260876e-44,0.574777966078803,0.12,0.825,1.78513884272753e-39,"4","SSR2"
6.39478841086758e-44,0.449096682475956,0.126,0.837,2.34055650626164e-39,"4","GUK1"
6.88259447428091e-44,0.527038270427891,0.109,0.804,2.51909840353156e-39,"4","SEPTIN7"
2.73864632372086e-43,0.422630123922207,0.055,0.688,1.00237194094507e-38,"4","DEK"
2.88948769617822e-43,0.407841372635785,0.049,0.678,1.05758139167819e-38,"4","PSMB3"
3.31810500319307e-43,0.534976074571434,0.115,0.808,1.2144596122187e-38,"4","TRIR"
3.66200059922095e-43,0.309587257572767,0.169,0.925,1.34032883932086e-38,"4","SRP14"
5.54276437567742e-43,0.323995827959016,0.148,0.87,2.02870718914169e-38,"4","NOP53"
5.84668225067549e-43,0.376596243310875,0.06,0.692,2.13994417056973e-38,"4","WDR83OS"
6.6061609986217e-43,0.5357802563016,0.104,0.782,2.41792098710553e-38,"4","COX6A1"
1.34427034883941e-42,0.534994424255139,0.087,0.751,4.92016390378711e-38,"4","DDX3X"
1.46720965924954e-42,0.339579194383971,0.142,0.856,5.37013407381924e-38,"4","SLC25A3"
7.92868025611953e-42,0.315930248256058,0.169,0.895,2.90197626054231e-37,"4","MCL1"
8.70278862330701e-42,0.458983700024258,0.071,0.708,3.1853076640166e-37,"4","EIF5A"
2.43060972358781e-41,0.356292569620192,0.06,0.68,8.89627464930375e-37,"4","ATP5PO"
9.31399980018642e-41,0.418891995479955,0.06,0.675,3.40901706686623e-36,"4","TMBIM4"
9.73500285250785e-41,0.529577631512242,0.12,0.794,3.5631083940464e-36,"4","SRSF3"
1.09145929200024e-40,0.303965183751315,0.098,0.748,3.99485015465009e-36,"4","TLE5"
2.2624313103633e-40,0.69263470069405,0.071,0.696,8.28072483906073e-36,"4","PSMD8"
5.6837181071163e-40,0.4177864569648,0.055,0.66,2.08029766438564e-35,"4","PCBP1"
6.05924622836771e-40,0.307576519724924,0.153,0.855,2.21774471204487e-35,"4","EIF3K"
8.73475090622528e-40,0.251055615471886,0.055,0.658,3.19700617918751e-35,"4","DRAP1"
1.12855170350985e-39,0.489209566221202,0.066,0.679,4.13061209001642e-35,"4","ATP5F1C"
2.09165962352341e-39,0.356149177258807,0.077,0.695,7.65568338805804e-35,"4","NDUFC2"
3.37040871354906e-39,0.427498420761733,0.109,0.761,1.23360329324609e-34,"4","COX6B1"
4.28750667391433e-39,0.291509810510717,0.066,0.673,1.56927031771938e-34,"4","ATP5PD"
5.77701859640196e-39,0.418574133442386,0.066,0.672,2.11444657646908e-34,"4","RTRAF"
7.24399251291981e-39,0.481385054418753,0.12,0.78,2.65137369965378e-34,"4","TPI1"
9.15630067355558e-39,0.452866824463277,0.148,0.822,3.35129760952808e-34,"4","ATF4"
9.86335689459191e-39,0.666065454316521,0.126,0.796,3.61008725698958e-34,"4","EIF5"
1.54567746414936e-38,0.486007118819704,0.18,0.911,5.65733408653308e-34,"4","HNRNPA2B1"
1.7116669914769e-38,0.699283943619085,0.049,0.636,6.26487235550461e-34,"4","JAK1"
1.93303750237152e-38,0.435437139656564,0.071,0.679,7.07511056242999e-34,"4","KRT10"
2.09307866985923e-38,0.306601753296071,0.055,0.646,7.66087723955176e-34,"4","C19orf53"
2.32928921442724e-38,0.667643100031115,0.12,0.779,8.52543145372514e-34,"4","SRRM2"
3.2732847086951e-38,0.308899508458547,0.055,0.643,1.19805493622949e-33,"4","ISCU"
3.58904424946931e-38,0.365422958284472,0.104,0.734,1.31362608574826e-33,"4","PRDX5"
5.10547926722975e-38,0.602961033524739,0.137,0.808,1.86865646659876e-33,"4","UQCRB"
1.18901926855889e-37,0.613420647800119,0.071,0.671,4.35192942485241e-33,"4","HNRNPA3"
2.60563874977555e-37,0.281887790191649,0.049,0.625,9.53689838805351e-33,"4","HNRNPF"
3.93333676912385e-37,0.707885002486222,0.077,0.675,1.43964059086702e-32,"4","NDUFB2"
9.19718663968855e-37,0.55183718651414,0.071,0.664,3.36626228199241e-32,"4","NDUFV2"
9.47513173924708e-37,0.4772295388872,0.038,0.597,3.46799296788182e-32,"4","FYN"
1.51697922512526e-36,0.399244268421178,0.066,0.65,5.55229566188096e-32,"4","ENY2"
1.99177306056358e-36,0.528938056037157,0.049,0.616,7.29008857896877e-32,"4","MAP2K2"
2.66884329461189e-36,0.34230272403578,0.077,0.67,9.76823334260897e-32,"4","YWHAE"
3.20606860390193e-36,0.432502293468986,0.087,0.689,1.17345316971414e-31,"4","SLC25A5"
3.43044795604202e-36,0.448239063827595,0.109,0.734,1.25557825639094e-31,"4","UQCRH"
3.43150238091064e-36,0.27289469241004,0.087,0.687,1.2559641864371e-31,"4","SRSF11"
3.88293914983354e-36,0.255344461798277,0.175,0.867,1.42119455823057e-31,"4","GAS5"
4.33223476198452e-36,0.552861188009059,0.038,0.591,1.58564124523395e-31,"4","PFDN2"
5.6680637929882e-36,0.416443056547623,0.027,0.568,2.07456802887161e-31,"4","PNRC2"
7.16302621694864e-36,0.989910070752883,0.055,0.622,2.62173922566537e-31,"4","COX7B"
8.13551735224343e-36,0.305447317965196,0.06,0.631,2.97768070609462e-31,"4","MTCH1"
1.00431733847748e-35,0.26495252131642,0.066,0.636,3.67590189056142e-31,"4","KDELR1"
1.14691159661308e-35,0.427743652940256,0.055,0.62,4.19781113476355e-31,"4","PSMB6"
1.43794532813857e-35,0.484392208985559,0.087,0.685,5.26302369551997e-31,"4","UBXN1"
1.45087031509978e-35,1.06930182409453,0.126,0.762,5.31033044029672e-31,"4","SFPQ"
4.4679393186267e-35,0.364521827820748,0.109,0.719,1.63531047001056e-30,"4","VMP1"
6.58187195204277e-35,0.355074786197421,0.191,0.877,2.40903095316717e-30,"4","HSPA8"
8.07164438039928e-35,0.986442157054356,0.066,0.633,2.95430255966994e-30,"4","PSMA2"
8.48670728023571e-35,0.523119166545854,0.077,0.65,3.10621973163907e-30,"4","SEC62"
9.25004385630608e-35,0.264201598248476,0.06,0.622,3.38560855184659e-30,"4","NDUFB4"
1.0487881801311e-34,0.562707230387036,0.093,0.68,3.83866961809784e-30,"4","GYPC"
1.6840483887882e-34,0.279691236259404,0.06,0.619,6.16378550780371e-30,"4","SET"
3.01821411188718e-34,0.969926843585851,0.098,0.693,1.10469654709183e-29,"4","VPS28"
3.18000254636046e-34,0.600065889213753,0.077,0.646,1.16391273199339e-29,"4","WTAP"
3.2002107630131e-34,0.424952061602741,0.055,0.605,1.17130914137042e-29,"4","TOP1"
3.21356741370357e-34,0.588863587143853,0.055,0.605,1.17619780908964e-29,"4","CYSTM1"
3.62593330100343e-34,0.572745923296655,0.055,0.602,1.32712784750026e-29,"4","RHOC"
4.24328392362735e-34,0.309448686626063,0.104,0.698,1.55308434888685e-29,"4","CDKN1A"
4.79682639380101e-34,0.492537907466977,0.131,0.755,1.75568642839511e-29,"4","SNHG6"
6.54830322836604e-34,0.486035293987239,0.055,0.6,2.39674446461425e-29,"4","SCP2"
1.25666815303581e-33,0.476346451541751,0.038,0.567,4.59953110692638e-29,"4","SDC2"
1.43049057964966e-33,0.531422347244026,0.071,0.63,5.23573857057572e-29,"4","TOMM6"
1.44787010619741e-33,0.482220050106296,0.164,0.816,5.29934937569314e-29,"4","SNHG5"
1.47866393367614e-33,0.435552269258648,0.071,0.63,5.41205786364803e-29,"4","REX1BD"
1.95779258384179e-33,0.587866453057776,0.158,0.797,7.16571663611934e-29,"4","DSTN"
2.49713559224587e-33,0.620059545808931,0.071,0.626,9.13976598117912e-29,"4","TACC1"
4.01520911108470e-33,0.766828593838206,0.071,0.626,1.46960668674811e-28,"4","RSL24D1"
4.84535246813039e-33,0.414224759699988,0.06,0.604,1.7734474568604e-28,"4","PSMC5"
6.71367653016478e-33,0.630427567029747,0.055,0.591,2.45727274680561e-28,"4","TUFM"
1.14345668572351e-32,0.492358738081005,0.044,0.568,4.18516581541662e-28,"4","GDI2"
1.53358443435901e-32,0.285603121340074,0.235,0.933,5.61307238819743e-28,"4","RPL23"
2.09071224383721e-32,0.73491484292445,0.066,0.609,7.65221588366856e-28,"4","ACADVL"
3.01466114331211e-32,0.553885257083341,0.071,0.617,1.10339612506366e-27,"4","ATP6V1F"
5.26071023021419e-32,0.530280323915925,0.038,0.55,1.9254725513607e-27,"4","RNF7"
5.4568926405062e-32,0.400915628906426,0.082,0.631,1.99727727535168e-27,"4","PKM"
5.91505720028116e-32,0.468395677008896,0.044,0.559,2.16497008587491e-27,"4","COX7A2L"
6.20507601778419e-32,0.445714744388539,0.06,0.592,2.27111987326919e-27,"4","TMEM230"
7.03023709957396e-32,0.416799075139627,0.066,0.6,2.57313708081506e-27,"4","PPA1"
9.56756645577961e-32,0.52226734335124,0.109,0.69,3.50182499847989e-27,"4","CTSD"
1.10868956094524e-31,0.58111541851517,0.06,0.588,4.05791466201569e-27,"4","GSTK1"
1.50950903608918e-31,0.437696132742881,0.033,0.534,5.52495402299002e-27,"4","CAPZA2"
1.60416441034481e-31,0.262850361224546,0.104,0.672,5.87140215830305e-27,"4","FKBP1A"
2.39951242833175e-31,0.46652705204122,0.082,0.63,8.78245543893705e-27,"4","EIF4G2"
3.70022410868601e-31,0.761788660376586,0.044,0.552,1.35431902602017e-26,"4","TMED2"
4.98785611787357e-31,0.319558318194401,0.022,0.507,1.8256052177029e-26,"4","CCDC107"
5.11761796102275e-31,0.677285982485212,0.044,0.551,1.87309934991394e-26,"4","RAB1A"
6.23903921704556e-31,0.392836448852596,0.077,0.615,2.28355074383085e-26,"4","MICOS10"
7.25697122974845e-31,0.701686465018239,0.077,0.616,2.65612403980023e-26,"4","PIM1"
7.52430503060086e-31,0.492660063536928,0.066,0.591,2.75397088425022e-26,"4","HNRNPM"
1.04303551708843e-30,0.310816073069555,0.071,0.603,3.81761429609537e-26,"4","CHMP2A"
1.06510106273699e-30,0.437342028988595,0.098,0.654,3.89837639972365e-26,"4","DDAH2"
1.28499540712131e-30,0.628610756211562,0.077,0.612,4.7032116896047e-26,"4","ZNF706"
1.78025779391387e-30,0.865155571172307,0.055,0.566,6.51592155150416e-26,"4","BUD31"
1.9136301602978e-30,1.02118351380012,0.06,0.577,7.00407774970597e-26,"4","ELOC"
2.05160718493416e-30,1.03112770127723,0.044,0.544,7.50908745757752e-26,"4","TLN1"
2.18849906610996e-30,0.332229150729608,0.044,0.542,8.01012543186906e-26,"4","ARL2"
2.56136265736538e-30,0.483829405350113,0.038,0.53,9.37484346222304e-26,"4","CANX"
2.58634146597628e-30,0.533302724191681,0.164,0.774,9.46626839961978e-26,"4","PSAP"
2.74294161181825e-30,0.383047553698051,0.082,0.619,1.0039440593416e-25,"4","CDV3"
3.97814868063327e-30,0.815951123280805,0.082,0.617,1.45604219859858e-25,"4","SLC38A2"
4.7554537045144e-30,0.652698554192572,0.06,0.572,1.74054361038932e-25,"4","BLVRB"
8.18867792510492e-30,0.308738746322114,0.06,0.57,2.99713800736765e-25,"4","TAF1D"
8.27224646920835e-30,0.513009377783513,0.18,0.802,3.02772493019495e-25,"4","PABPC1"
8.38464143502297e-30,0.932413054786832,0.055,0.559,3.06886261163276e-25,"4","ANAPC16"
8.78657343375337e-30,0.561813254309671,0.033,0.516,3.21597374248807e-25,"4","TCEA1"
8.97135167246646e-30,0.51883629884592,0.038,0.526,3.28360442563945e-25,"4","GNAI3"
9.39583846864364e-30,0.488776024751143,0.06,0.569,3.43897083790826e-25,"4","ESD"
1.0259720939225e-29,0.508262417212771,0.066,0.58,3.75516046096573e-25,"4","TUBB6"
1.4032668327948e-29,0.529676911962342,0.044,0.535,5.13609693471225e-25,"4","SNRPF"
1.62579651496561e-29,0.645688403708715,0.071,0.589,5.95057782442562e-25,"4","AURKAIP1"
1.91746711579611e-29,0.412833275707922,0.12,0.689,7.01812139052535e-25,"4","SELENOW"
2.01370062387316e-29,0.793317924868634,0.087,0.62,7.37034565343817e-25,"4","RWDD1"
2.27861590218657e-29,0.846090945100437,0.033,0.511,8.33996206359308e-25,"4","CCT7"
2.51030057334544e-29,0.58919842832134,0.126,0.692,9.18795112850165e-25,"4","DNAJB1"
2.60869567613827e-29,0.539114185882346,0.251,0.954,9.54808704423367e-25,"4","PFDN5"
3.8739746575315e-29,0.597139342251122,0.066,0.572,1.41791346440311e-24,"4","GTF3A"
4.09236243616563e-29,1.18422951578571,0.055,0.551,1.49784557526098e-24,"4","TOMM5"
4.29780514978362e-29,0.924022781812048,0.038,0.519,1.5730396628723e-24,"4","C18orf32"
5.62639101968705e-29,0.534851708370262,0.246,0.915,2.05931537711566e-24,"4","LDHA"
6.15182116759719e-29,0.982713036247134,0.055,0.55,2.25162806555225e-24,"4","MTPN"
7.32725035858014e-29,0.653876721049515,0.06,0.56,2.68184690374392e-24,"4","PHB2"
8.27304124322236e-29,0.63139423094324,0.049,0.538,3.02801582543182e-24,"4","HMGN3"
1.59475138021792e-28,0.588706884900743,0.033,0.501,5.83694952673561e-24,"4","DEGS1"
1.79878693700441e-28,0.252638107670019,0.027,0.49,6.58374006812982e-24,"4","SMIM26"
2.48152820125036e-28,0.413369394030236,0.044,0.522,9.08264136939645e-24,"4","TALDO1"
3.36385937209275e-28,0.392283744303059,0.038,0.509,1.23120616877967e-23,"4","ARID4B"
4.40540724912098e-28,0.71592519060843,0.06,0.549,1.61242310725077e-23,"4","IQGAP1"
8.38952943760759e-28,0.806245636932139,0.115,0.656,3.07065166945876e-23,"4","AC020916.1"
9.78330913227745e-28,0.832033719539388,0.077,0.58,3.58078897550487e-23,"4","CAPN2"
1.13081135704421e-27,0.777760176107768,0.12,0.664,4.13888264791753e-23,"4","SNHG8"
1.22591690249172e-27,0.776603911173757,0.148,0.726,4.48697845480994e-23,"4","CSTB"
1.30572677661152e-27,1.07527880446271,0.044,0.513,4.77909057507582e-23,"4","PXDC1"
1.54289233015081e-27,0.547348655665619,0.12,0.667,5.64714021758498e-23,"4","NPC2"
1.59210962431098e-27,0.701749384092119,0.055,0.533,5.8272804359406e-23,"4","MICOS13"
1.93569860397887e-27,0.372593299786467,0.104,0.631,7.08485046042305e-23,"4","CTSL"
2.02475844310112e-27,0.324016543211326,0.115,0.649,7.41081837759442e-23,"4","METRNL"
2.22400452006507e-27,0.69254765746953,0.087,0.596,8.14007894389015e-23,"4","CTSZ"
2.31172143038979e-27,0.76021516308555,0.098,0.615,8.46113160736968e-23,"4","PLIN2"
2.48597360146966e-27,0.499103752215737,0.033,0.488,9.09891197873911e-23,"4","CCT3"
3.03301378444904e-27,0.27612620496915,0.027,0.476,1.11011337524619e-22,"4","SNRNP70"
3.60341194900584e-27,0.659522137405,0.044,0.508,1.31888480745563e-22,"4","ACTR2"
3.62452318782046e-27,0.25254271352878,0.027,0.475,1.32661173197416e-22,"4","RCN1"
3.72375307516138e-27,0.423740836158505,0.087,0.589,1.36293086303982e-22,"4","C3"
4.2506902196982e-27,0.992014745608601,0.049,0.519,1.55579512731174e-22,"4","NFIL3"
4.81875018074614e-27,0.455139981526789,0.104,0.617,1.7637107536549e-22,"4","GLUL"
4.88493157891215e-27,0.566189076902177,0.038,0.496,1.78793380719763e-22,"4","DDOST"
5.6424818439023e-27,0.6226775209148,0.087,0.593,2.06520477968668e-22,"4","VEGFB"
6.04639526984842e-27,0.762773519979594,0.06,0.539,2.21304113271722e-22,"4","KIF5B"
6.65253957162058e-27,0.419581320290993,0.055,0.527,2.43489600860885e-22,"4","UBE2E3"
8.24740618424865e-27,0.707073407663409,0.251,0.925,3.01863313749685e-22,"4","MTRNR2L12"
8.28185801101221e-27,0.451758130756569,0.033,0.482,3.03124285061058e-22,"4","PPP1CC"
8.28905823039442e-27,0.452576623287906,0.055,0.524,3.03387820290666e-22,"4","OS9"
8.76486694876809e-27,0.807295300932661,0.055,0.523,3.20802895191861e-22,"4","ANXA4"
1.03541550810216e-26,0.311371094403532,0.104,0.612,3.78972430120473e-22,"4","AEBP1"
1.10701520039268e-26,0.314662928259839,0.257,0.956,4.05178633495723e-22,"4","RPL38"
1.18475130493008e-26,0.309689088539036,0.027,0.47,4.33630825117457e-22,"4","ADD3"
1.19676963523882e-26,0.407000285443629,0.033,0.48,4.3802965419376e-22,"4","SNHG16"
1.27373313758211e-26,0.393953552464884,0.027,0.469,4.66199065686428e-22,"4","RNASEH2C"
1.98677720889508e-26,0.437521918008566,0.126,0.653,7.27180326227688e-22,"4","NR4A1"
2.68725496699165e-26,0.484328666154565,0.044,0.497,9.83562190468614e-22,"4","ATP5MC1"
2.79590110264799e-26,0.542915308779715,0.027,0.465,1.02332776258019e-21,"4","SDHD"
3.35166202707371e-26,0.591696034970851,0.071,0.551,1.22674181852925e-21,"4","TRA2B"
3.41046901554352e-26,0.477208830898916,0.191,0.785,1.24826576437909e-21,"4","IER2"
3.73004237660495e-26,0.256690493314041,0.262,0.954,1.36523281026118e-21,"4","EEF1G"
4.47758377530362e-26,0.618033299263729,0.033,0.474,1.63884043759888e-21,"4","POLR2K"
6.43152329181848e-26,0.687689669148293,0.169,0.74,2.35400184003848e-21,"4","NAMPT"
6.53593993735581e-26,0.90709086224202,0.049,0.504,2.3922193764716e-21,"4","SERINC1"
6.93788056843626e-26,0.505747447324688,0.131,0.662,2.53933366685335e-21,"4","RHOB"
7.30886209215064e-26,0.341391286125466,0.033,0.471,2.67511661434806e-21,"4","PDGFRB"
8.18335623686083e-26,0.649960510718906,0.082,0.569,2.99519021625343e-21,"4","EIF3L"
8.34113503064018e-26,0.462994366362942,0.087,0.579,3.05293883256461e-21,"4","ATP5MPL"
8.98461500635998e-26,0.771558714180523,0.027,0.458,3.28845893847781e-21,"4","POLR2F"
1.00865465311713e-25,0.382616190675141,0.098,0.595,3.691776895874e-21,"4","FBLN2"
1.31068568058622e-25,0.634189414658231,0.087,0.577,4.79724065951361e-21,"4","ST13"
1.31072665689285e-25,0.656779980657891,0.055,0.51,4.79739063689353e-21,"4","EVA1B"
1.33534792212305e-25,0.740546968415397,0.033,0.468,4.88750692976259e-21,"4","POLR2J"
1.48994114996406e-25,1.65967379545998,0.093,0.587,5.45333360298345e-21,"4","RAB7A"
1.53693827613884e-25,0.920311857378279,0.104,0.61,5.62534778449576e-21,"4","RRBP1"
1.63185066225209e-25,0.836957641874815,0.038,0.478,5.97273660890889e-21,"4","MIR22HG"
1.71197122253624e-25,0.90109136691786,0.06,0.522,6.26598587160491e-21,"4","DUT"
1.86064977092795e-25,1.70714596618105,0.033,0.467,6.8101642265734e-21,"4","NHP2"
2.59245516929303e-25,0.653854135159143,0.044,0.487,9.48864516512943e-21,"4","CALM3"
2.63747470588168e-25,0.515525483881196,0.06,0.517,9.65342117099753e-21,"4","BRD2"
2.64145462359646e-25,0.670826679406088,0.038,0.475,9.6679880678254e-21,"4","MED10"
2.80739582191975e-25,0.422559212731711,0.055,0.508,1.02753494478085e-20,"4","MZT2A"
2.95560396772895e-25,0.625683518607926,0.044,0.486,1.08178060822847e-20,"4","POLR2E"
3.61399953570349e-25,0.400275912622671,0.066,0.526,1.32275997006283e-20,"4","GADD45A"
3.68553503637744e-25,0.308666789322374,0.044,0.484,1.34894267866451e-20,"4","TIPARP"
3.93990774273955e-25,0.756876510632399,0.049,0.493,1.4420456329201e-20,"4","BOD1L1"
4.78393101953496e-25,0.931928167827706,0.038,0.472,1.75096659245999e-20,"4","RAP1A"
5.35977124467719e-25,0.619417367556674,0.049,0.492,1.9617298732643e-20,"4","ITIH5"
7.01175351312388e-25,0.791289100348891,0.027,0.449,2.56637190333847e-20,"4","STAU1"
7.58124830041315e-25,0.254012958069189,0.027,0.448,2.77481269043422e-20,"4","BCAP31"
9.13955987351973e-25,0.491587405666873,0.049,0.491,3.34517030930695e-20,"4","VAMP5"
1.07005481945591e-24,0.545247639798921,0.027,0.446,3.91650764469059e-20,"4","OSBPL8"
1.0701877058613e-24,0.670925500103751,0.055,0.499,3.91699402222294e-20,"4","METTL9"
1.08401592565712e-24,0.59623326748662,0.115,0.61,3.96760668949763e-20,"4","FSTL1"
1.15882768342006e-24,0.420366647701742,0.055,0.501,4.24142520408576e-20,"4","MRPS21"
1.20693728569463e-24,1.0849602584122,0.077,0.544,4.41751115937092e-20,"4","UGP2"
1.34283338328528e-24,0.525052419434839,0.027,0.445,4.91490446616245e-20,"4","YIPF3"
1.3509979525135e-24,1.07805517698201,0.06,0.511,4.94478760599464e-20,"4","PAPOLA"
1.49983142986885e-24,0.799394399531283,0.049,0.487,5.48953301646299e-20,"4","CRYAB"
1.58040218064874e-24,0.41934254736524,0.022,0.433,5.78443002139247e-20,"4","CHD9"
1.60477343665875e-24,0.712329781873878,0.027,0.444,5.87363125551469e-20,"4","PSMC3"
1.73958068785475e-24,0.978462609421074,0.044,0.477,6.36703927561716e-20,"4","PCNP"
1.76255379559088e-24,0.596899890539578,0.066,0.519,6.45112314724219e-20,"4","COL4A1"
1.79543696085527e-24,0.339721587925357,0.033,0.455,6.57147882042638e-20,"4","CZIB"
1.91868257386821e-24,0.87218158473099,0.038,0.465,7.02257008861504e-20,"4","REV3L"
1.94213334922364e-24,0.300080035666958,0.022,0.432,7.10840227149344e-20,"4","IGBP1"
1.98077070058082e-24,0.633275822951272,0.191,0.753,7.24981884119588e-20,"4","ATF3"
2.10901844648483e-24,0.939753638548972,0.082,0.548,7.71921841597911e-20,"4","CYBRD1"
2.40741156394404e-24,1.01017097302141,0.071,0.53,8.8113670651916e-20,"4","ELF1"
2.61998146792533e-24,0.254773721356431,0.033,0.452,9.5893941707535e-20,"4","CCT5"
3.32953083691245e-24,0.592882020350085,0.033,0.45,1.21864158161833e-19,"4","SERINC3"
3.56927570045686e-24,0.427079880352372,0.049,0.483,1.30639059912422e-19,"4","COPZ2"
3.85236066952225e-24,0.473717995332533,0.153,0.686,1.41000252865184e-19,"4","CD59"
5.19851991465633e-24,0.757309601709301,0.044,0.47,1.90271027396336e-19,"4","STRAP"
5.43164434197803e-24,0.930549687742726,0.098,0.579,1.98803614560738e-19,"4","FLNA"
5.98961225118132e-24,0.637182686533446,0.033,0.448,2.19225798005487e-19,"4","SNRPG"
6.77816262996015e-24,0.258980857411997,0.027,0.437,2.48087530419172e-19,"4","IAH1"
6.82994033023533e-24,0.51560630343358,0.104,0.583,2.49982646026943e-19,"4","HTRA1"
7.20268182376727e-24,0.401008425711426,0.027,0.436,2.63625357431706e-19,"4","RNPS1"
7.66019755609159e-24,0.949705794495579,0.115,0.609,2.80370890750508e-19,"4","TPM4"
8.13764512277209e-24,0.894317912998044,0.038,0.457,2.97845949138581e-19,"4","HEXB"
1.27025677001465e-23,0.759598728361968,0.071,0.52,4.64926680393063e-19,"4","EIF3D"
1.35620803138067e-23,0.762836665451532,0.044,0.466,4.96385701565639e-19,"4","GNB1"
1.56116663895022e-23,0.701757770301113,0.055,0.484,5.7140260152217e-19,"4","OLFML3"
1.75863376367195e-23,0.696898406751676,0.055,0.481,6.4367754384157e-19,"4","NFIB"
2.00644004703547e-23,1.062732886418,0.049,0.474,7.34377121615451e-19,"4","UBE2M"
2.51495886158768e-23,0.494067854587419,0.022,0.419,9.20500092929707e-19,"4","IDH3G"
3.02363273548331e-23,0.269424398391179,0.306,0.963,1.10667981751425e-18,"4","GAPDH"
3.17194022010925e-23,0.377966764099313,0.038,0.45,1.16096183996219e-18,"4","DPYSL2"
3.28565633421997e-23,0.695940704475629,0.049,0.472,1.20258307488785e-18,"4","SNF8"
3.35818088720572e-23,0.428982627720872,0.148,0.667,1.22912778652616e-18,"4","MYC"
3.48417478829153e-23,0.358497151701476,0.038,0.449,1.27524281426258e-18,"4","SCPEP1"
3.80338749045257e-23,0.445693385309344,0.016,0.406,1.39207785538055e-18,"4","NDUFC1"
5.17765980368333e-23,0.411890030412355,0.23,0.792,1.89507526474614e-18,"4","ANXA5"
5.43339242883394e-23,0.761065790776968,0.06,0.49,1.98867596287751e-18,"4","ANP32B"
6.05197457716189e-23,0.857255526558972,0.033,0.436,2.21508321498702e-18,"4","GRHPR"
6.76877256183269e-23,0.529076504687498,0.279,0.934,2.47743844535638e-18,"4","EEF1B2"
6.81347536045815e-23,1.18754612421342,0.044,0.457,2.49380011668129e-18,"4","ASPH"
7.08877283291477e-23,0.358587987764145,0.016,0.402,2.59456174457514e-18,"4","TMOD3"
8.18166460786124e-23,0.833859726413541,0.044,0.456,2.99457106312329e-18,"4","NDUFA10"
1.04360561494267e-22,0.307264578318386,0.033,0.432,3.81970091125165e-18,"4","ROMO1"
1.05749592780333e-22,0.485337095470784,0.033,0.432,3.87054084535298e-18,"4","TGFBR2"
1.09801198825381e-22,0.613928694109396,0.044,0.452,4.01883367820777e-18,"4","MFGE8"
1.44579424919654e-22,1.01847407288236,0.087,0.539,5.29175153148424e-18,"4","UQCRQ"
1.65992035547444e-22,0.679303349311462,0.027,0.419,6.07547449307201e-18,"4","BDH2"
1.91827675708163e-22,1.10455086912362,0.038,0.441,7.02108475859449e-18,"4","TAF10"
2.120915152302e-22,0.832105426711068,0.066,0.492,7.76276154894056e-18,"4","SERPINB1"
2.35438310715761e-22,0.496601014757755,0.027,0.416,8.61727761050756e-18,"4","COPRS"
2.35730080250536e-22,1.06341277009074,0.027,0.417,8.62795666724988e-18,"4","BEX3"
2.35840234332858e-22,1.56173805655948,0.044,0.45,8.63198841681695e-18,"4","UQCRC2"
2.50686172326181e-22,0.353649235644891,0.049,0.459,9.17536459331055e-18,"4","SYNCRIP"
2.54543094977078e-22,0.836439704163779,0.038,0.438,9.31653181925604e-18,"4","MAF1"
2.60759151009883e-22,0.660277574092194,0.049,0.461,9.54404568611274e-18,"4","CFLAR"
2.63472879660487e-22,0.422055790683404,0.251,0.864,9.64337086845347e-18,"4","NME2"
2.6475851726574e-22,0.693939100091687,0.049,0.46,9.69042649044337e-18,"4","HSPG2"
2.66426961044655e-22,0.429963457809714,0.071,0.501,9.75149320119542e-18,"4","MEG3"
2.90703740809774e-22,0.256364428730126,0.044,0.449,1.06400476173785e-17,"4","LAMB2"
3.00223799072262e-22,0.717745377977957,0.033,0.426,1.09884912698439e-17,"4","ISCA1"
3.09414640471363e-22,0.545930850070288,0.033,0.427,1.13248852558924e-17,"4","TGOLN2"
3.20351946552567e-22,1.13669174561892,0.148,0.656,1.17252015957705e-17,"4","ARPC1B"
3.21970920895536e-22,1.02135646452491,0.033,0.426,1.17844576756975e-17,"4","C1orf43"
4.04467869344377e-22,1.08671996283637,0.104,0.568,1.48039284858735e-17,"4","PIM3"
4.26435182356227e-22,0.499482005104393,0.016,0.392,1.56079541094203e-17,"4","RAB11A"
4.37335322876871e-22,0.337693301511077,0.049,0.457,1.60069101526163e-17,"4","CAPG"
4.86657284603771e-22,1.33766550851789,0.082,0.523,1.78121432737826e-17,"4","HNRNPH1"
5.36791132331407e-22,0.453984073816764,0.016,0.391,1.96470922344618e-17,"4","YIF1A"
5.94524390785652e-22,1.19069668024189,0.027,0.412,2.17601872271456e-17,"4","SLC39A1"
6.7206271049509e-22,0.252283387842731,0.027,0.412,2.45981672668308e-17,"4","GGNBP2"
7.04743233723683e-22,0.73207202282,0.049,0.455,2.57943070975205e-17,"4","DAZAP2"
7.44533501506672e-22,0.270237917727811,0.033,0.422,2.72506706886457e-17,"4","H2AFY"
8.07884331528609e-22,1.34744874038145,0.038,0.432,2.95693744182786e-17,"4","CAMTA1"
8.16533087725677e-22,0.842254055553363,0.066,0.487,2.98859275438475e-17,"4","MSN"
8.2487453869633e-22,0.400987589481779,0.022,0.4,3.01912329908244e-17,"4","TRAPPC2L"
1.02501184778645e-21,1.08618829672769,0.082,0.519,3.75164586408318e-17,"4","ROCK1"
1.07278378353874e-21,0.608343521732534,0.055,0.461,3.92649592613015e-17,"4","AKR1C1"
1.12644294619032e-21,0.298011005913138,0.311,0.963,4.1228938273512e-17,"4","NEAT1"
1.29201235380263e-21,0.961967239929055,0.049,0.452,4.72889441615302e-17,"4","DCTN2"
1.53326398278198e-21,0.880537766338809,0.033,0.418,5.61189950338031e-17,"4","PIN1"
1.54568152844637e-21,0.37320359201577,0.033,0.418,5.65734896226656e-17,"4","HADHB"
1.68108430092115e-21,0.383698160329934,0.016,0.385,6.15293664980151e-17,"4","WAC"
1.81076284857122e-21,1.3803443966622,0.033,0.417,6.62757310205552e-17,"4","PGAM1"
1.83952391948958e-21,0.587757469731178,0.033,0.417,6.73284149772383e-17,"4","NDUFS8"
2.13788540823404e-21,0.77430441889111,0.038,0.426,7.82487438267742e-17,"4","CCT8"
2.27760311018577e-21,1.02080899045286,0.016,0.383,8.33625514359093e-17,"4","SFT2D1"
2.3080660734015e-21,0.487420992860229,0.027,0.405,8.44775263525682e-17,"4","CENPX"
2.32135514247675e-21,0.665099726293378,0.087,0.52,8.49639195697915e-17,"4","MTRNR2L8"
2.90886892177083e-21,0.26718767657911,0.033,0.414,1.06467511405734e-16,"4","NFIX"
3.20063233474179e-21,0.322356012735164,0.027,0.403,1.17146344083884e-16,"4","POLE4"
3.6518850306759e-21,0.350473863237875,0.011,0.369,1.33662644007768e-16,"4","STX8"
3.68167880714278e-21,0.605038792697713,0.044,0.434,1.34753126020233e-16,"4","NDUFB5"
3.6931821700053e-21,0.924333902353464,0.049,0.446,1.35174160604364e-16,"4","HDLBP"
3.84604959309212e-21,0.835317503829315,0.033,0.413,1.40769261156765e-16,"4","RALA"
3.95434550338143e-21,1.14811066535156,0.027,0.402,1.44732999769264e-16,"4","CCT6A"
3.99037806977359e-21,0.70323725010632,0.044,0.434,1.46051827731783e-16,"4","ASAH1"
4.1129605257114e-21,0.325962768554037,0.055,0.455,1.50538468201563e-16,"4","CTSB"
4.27349936054547e-21,1.29789423919523,0.077,0.499,1.56414350095325e-16,"4","BCL7C"
4.73384049306249e-21,0.799158119895293,0.033,0.412,1.7326329588658e-16,"4","ARL5A"
5.17436605205695e-21,0.758244742830214,0.071,0.485,1.89386971871336e-16,"4","NORAD"
5.3741155727382e-21,0.340343413876745,0.301,0.957,1.96698004077791e-16,"4","RPL36A"
5.40915920678344e-21,0.69508364682679,0.044,0.432,1.97980636127481e-16,"4","PPP1R15B"
5.70762317924787e-21,0.294878097061973,0.027,0.399,2.08904715983651e-16,"4","NOP56"
5.82480570199158e-21,0.967569742098581,0.066,0.475,2.13193713498594e-16,"4","MBD2"
5.87413684327992e-21,1.10304927071301,0.044,0.432,2.14999282600888e-16,"4","PRKAR1A"
5.88392518408415e-21,0.371871284743552,0.033,0.41,2.15357545662664e-16,"4","MYCBP2"
6.13748757105627e-21,1.23346762004789,0.044,0.432,2.24638182588231e-16,"4","CCDC47"
7.43577251575511e-21,1.11000765654436,0.033,0.409,2.72156709849153e-16,"4","TAPBP"
7.66339441994625e-21,0.32818807407935,0.027,0.398,2.80487899164453e-16,"4","SRM"
7.92037756147975e-21,0.88238750654399,0.044,0.43,2.8989373912772e-16,"4","SLC2A4RG"
8.8675495689133e-21,0.411981799560397,0.038,0.417,3.24561181771796e-16,"4","PAK2"
8.91947504996604e-21,0.398881041249763,0.115,0.562,3.26461706303807e-16,"4","GPC3"
9.08871618237882e-21,0.933374989543339,0.038,0.419,3.32656100991247e-16,"4","HEXA"
9.24321572070659e-21,0.576075842643971,0.033,0.408,3.38310938593582e-16,"4","SERPINB6"
1.00392822918692e-20,1.30445549419354,0.158,0.661,3.67447771164704e-16,"4","PTMS"
1.11735840998678e-20,0.374081948701543,0.038,0.417,4.08964351639262e-16,"4","AHI1"
1.14147358876831e-20,0.548402253370906,0.022,0.385,4.1779074822509e-16,"4","HSD17B11"
1.24430643319354e-20,0.262468413307206,0.016,0.373,4.55428597613169e-16,"4","NCOR1"
1.3554469770665e-20,0.517661113802059,0.038,0.416,4.96107148076109e-16,"4","MACF1"
1.5425881703325e-20,0.693917068825506,0.033,0.405,5.64602696223398e-16,"4","CDC42EP4"
1.84421710866081e-20,0.377403004781438,0.016,0.371,6.75001903940942e-16,"4","SLC27A3"
1.87027687246501e-20,0.41693012042438,0.148,0.616,6.84540038090918e-16,"4","CXCL12"
2.16701153155419e-20,0.365880485137362,0.038,0.413,7.9314789066415e-16,"4","TTC3"
2.41924589987176e-20,0.551782830924064,0.022,0.38,8.85468191812064e-16,"4","RTL8C"
2.63964223318815e-20,1.00477173066402,0.049,0.433,9.66135453769193e-16,"4","ARPC4"
2.71832562152577e-20,0.378714116361801,0.011,0.358,9.94934360734647e-16,"4","BCAP29"
2.90473877042701e-20,0.981617851547914,0.06,0.455,1.06316343736399e-15,"4","RCN3"
3.00735833629935e-20,0.747814569450134,0.033,0.401,1.10072322466893e-15,"4","TMED5"
3.06557138078196e-20,0.449176587825353,0.027,0.39,1.12202978108e-15,"4","TMEM243"
3.14327288944956e-20,0.572767371185458,0.027,0.39,1.15046931026743e-15,"4","PLIN3"
3.27308413310496e-20,0.53550868836783,0.033,0.4,1.19798152355775e-15,"4","ITGB5"
3.48216732442816e-20,1.22805806362865,0.022,0.378,1.27450806241395e-15,"4","CKS1B"
3.54807912884958e-20,0.903162008736554,0.093,0.519,1.29863244195023e-15,"4","NFKBIZ"
4.18684850658383e-20,0.537337738036356,0.033,0.399,1.53242842189475e-15,"4","BAZ1A"
4.34650576081867e-20,0.665410978738125,0.077,0.485,1.59086457351724e-15,"4","ADH1B"
4.56372481090535e-20,0.384850167149639,0.038,0.409,1.67036891803947e-15,"4","NUFIP2"
4.90622647348186e-20,1.10804806165843,0.027,0.387,1.7957279515591e-15,"4","MXD4"
6.43585384562398e-20,0.744518959897062,0.06,0.45,2.35558686603683e-15,"4","FOSL2"
6.90996612581173e-20,0.638972425674345,0.038,0.407,2.52911670170835e-15,"4","SIGIRR"
7.00979692923637e-20,0.760263746585055,0.027,0.385,2.5656557740698e-15,"4","EIF4E2"
7.31712709906761e-20,1.01588806327549,0.033,0.396,2.67814168952973e-15,"4","EPB41L2"
7.36205758775143e-20,0.715065059486739,0.027,0.385,2.6945866976929e-15,"4","VPS51"
7.55569211397311e-20,0.728495627317608,0.038,0.406,2.7654588706353e-15,"4","PET100"
7.77240033941683e-20,0.605054435725818,0.033,0.395,2.84477624822995e-15,"4","NTAN1"
7.84649422904062e-20,0.307386317089666,0.016,0.362,2.87189535277116e-15,"4","MESD"
8.22147990876389e-20,0.477568769006666,0.257,0.828,3.00914386140667e-15,"4","CEBPB"
8.76277588382781e-20,0.634522852496409,0.049,0.426,3.20726360123981e-15,"4","OPTN"
8.90116869711125e-20,1.34324875411368,0.087,0.502,3.25791675482969e-15,"4","EIF4B"
9.17010151167033e-20,0.407901120321563,0.022,0.372,3.35634885428646e-15,"4","MRPL34"
9.23375589878768e-20,0.988987337092709,0.066,0.458,3.37964699651528e-15,"4","RAB21"
1.20664584531734e-19,0.541464490800269,0.022,0.371,4.41644445844601e-15,"4","LRRC59"
1.21799020538191e-19,0.966319966221092,0.044,0.414,4.45796595071834e-15,"4","SYAP1"
1.28297942459475e-19,0.273426563932036,0.049,0.423,4.69583299195925e-15,"4","SOCS1"
1.31554890928438e-19,0.652890765394581,0.033,0.391,4.81504056287176e-15,"4","CLK1"
1.32819321357401e-19,0.504870129567469,0.016,0.359,4.86131998100223e-15,"4","DYNC1I2"
1.4284365243807e-19,0.379938218356949,0.038,0.403,5.22822052288581e-15,"4","CHMP3"
1.60453898205531e-19,0.261668003325753,0.027,0.38,5.87277312822062e-15,"4","NDUFAF8"
1.67624474880223e-19,0.550109323526385,0.027,0.38,6.13522340509105e-15,"4","TSC22D2"
1.94161025715548e-19,0.527107820440648,0.049,0.423,7.10648770221477e-15,"4","MTURN"
1.97046391406091e-19,0.445519422530524,0.164,0.629,7.21209497185435e-15,"4","MGST1"
1.98722487421887e-19,0.689176927285633,0.033,0.39,7.27344176212849e-15,"4","PTGES"
2.31160786967831e-19,0.810914532763782,0.038,0.399,8.46071596380958e-15,"4","HTRA3"
2.41575010907552e-19,1.09427752800032,0.038,0.4,8.84188697422731e-15,"4","PSMC6"
2.59614328717218e-19,0.779040460078911,0.033,0.387,9.50214404537889e-15,"4","ATOX1"
3.03253411148548e-19,1.30815646731123,0.093,0.507,1.1099378101448e-14,"4","CDK2AP1"
3.13291070779043e-19,1.11740731440113,0.038,0.398,1.14667664815838e-14,"4","CWC15"
3.30013247115135e-19,0.889651047406214,0.049,0.417,1.20788148576611e-14,"4","PSMB8"
3.36356380858766e-19,1.03413227959412,0.049,0.418,1.23109798958117e-14,"4","CD302"
3.58579766773026e-19,1.20591031271296,0.033,0.386,1.31243780436595e-14,"4","NDUFB6"
4.34505907425454e-19,1.35748309555103,0.049,0.418,1.59033507176791e-14,"4","ARFGAP3"
4.40323170526646e-19,0.343760352142166,0.022,0.363,1.61162683644458e-14,"4","GNL3"
4.43254194003992e-19,0.291436062702323,0.027,0.374,1.62235467547401e-14,"4","PPM1G"
4.67107850615609e-19,0.437077264727728,0.033,0.385,1.70966144403819e-14,"4","RDX"
4.78611882949302e-19,1.25554765322933,0.033,0.385,1.75176735278274e-14,"4","UBL3"
5.17212263546145e-19,0.588255031747367,0.027,0.373,1.89304860580524e-14,"4","CTTN"
5.75022761923976e-19,0.508427353194969,0.005,0.329,2.10464081091794e-14,"4","EGFR"
6.59232103502024e-19,0.621132371807685,0.153,0.618,2.41285542202776e-14,"4","MFAP4"
7.22703997186253e-19,0.648654771767726,0.033,0.382,2.6451689001014e-14,"4","MMP24OS"
7.24060705481998e-19,1.03249830892877,0.071,0.456,2.65013458813466e-14,"4","PPP1CB"
7.71678947596339e-19,0.424660911209933,0.251,0.796,2.82442211609736e-14,"4","TIMP1"
8.88829321137254e-19,0.371042551609036,0.022,0.359,3.25320419829446e-14,"4","MRPS36"
9.38424054993068e-19,0.675889277204947,0.033,0.38,3.43472588368013e-14,"4","ZNF207"
1.06567208250298e-18,0.413285015846106,0.027,0.369,3.90046638916917e-14,"4","ACP1"
1.06712059373996e-18,0.632915419004194,0.279,0.861,3.90576808514762e-14,"4","SAT1"
1.13153301706672e-18,0.989353375060862,0.038,0.39,4.14152399576589e-14,"4","ILF3"
1.15624235657805e-18,0.489623910905545,0.011,0.336,4.23196264931132e-14,"4","TMEM263"
1.16785516979954e-18,0.6313518886978,0.044,0.398,4.27446670698328e-14,"4","ELN"
1.21732637970767e-18,0.27430416913985,0.016,0.346,4.45553628236804e-14,"4","CLDND1"
1.23005844118777e-18,0.672383577926297,0.027,0.368,4.50213690059137e-14,"4","NRBP1"
1.23552273024921e-18,0.933007523689103,0.027,0.368,4.52213674498514e-14,"4","PSMD11"
1.23552295669445e-18,0.950268952005275,0.027,0.368,4.52213757379735e-14,"4","CTNNA1"
1.297066315958e-18,0.779784228276576,0.087,0.484,4.74739242303788e-14,"4","RSRP1"
1.55121152003285e-18,0.442066955017235,0.038,0.387,5.67758928447223e-14,"4","GGT5"
1.60073538488247e-18,0.471496613552161,0.044,0.398,5.85885158220832e-14,"4","IFNGR2"
1.83289444259144e-18,0.264620940947594,0.022,0.354,6.70857694932891e-14,"4","PRDX3"
1.99785326560081e-18,1.19824544786306,0.038,0.387,7.31234273742553e-14,"4","SNX2"
2.06980840219844e-18,0.332645602655014,0.022,0.354,7.57570573288651e-14,"4","RRAGC"
2.09067923475652e-18,0.90472687426327,0.022,0.354,7.65209506713235e-14,"4","GLG1"
2.21534243723918e-18,1.09122004572882,0.022,0.354,8.10837485453911e-14,"4","ARPP19"
2.37001687740567e-18,1.31236506118687,0.033,0.375,8.67449877299249e-14,"4","FKBP9"
2.66690683275166e-18,0.462435756530591,0.038,0.385,9.76114569855435e-14,"4","B4GALT1"
2.84781961554518e-18,0.514839080230997,0.027,0.363,1.04233045748569e-13,"4","BLOC1S6"
3.06241902563908e-18,0.427833778482512,0.044,0.394,1.12087598757416e-13,"4","S100A16"
3.38647489044573e-18,0.570047987020234,0.022,0.351,1.23948367465204e-13,"4","PCM1"
3.89790550118149e-18,0.258092535825237,0.022,0.35,1.42667239248744e-13,"4","MAP3K2"
4.1659429086124e-18,0.871755445050638,0.027,0.36,1.52477676398122e-13,"4","SELENOT"
4.28459726953549e-18,0.295227338022246,0.016,0.339,1.56820544662268e-13,"4","SLC66A3"
5.00594831757534e-18,1.1162783718613,0.027,0.359,1.83222714371575e-13,"4","TANK"
5.18366030888784e-18,0.537195566526989,0.022,0.348,1.89727150965604e-13,"4","PRELP"
5.18366030888784e-18,0.801846638021293,0.022,0.348,1.89727150965604e-13,"4","UBE2K"
5.25284641348732e-18,0.629292436794726,0.24,0.768,1.92259431580049e-13,"4","KLF4"
5.44251587551101e-18,0.855216662265124,0.038,0.38,1.99201523559578e-13,"4","MAZ"
5.69098031311916e-18,0.595520630491506,0.016,0.337,2.08295570440474e-13,"4","RAB18"
5.90815448868684e-18,0.476552765867673,0.038,0.38,2.16244362440427e-13,"4","YME1L1"
6.09728940032345e-18,0.636820462153586,0.038,0.38,2.23166889341239e-13,"4","MRPL11"
6.54890014494026e-18,0.847783946297828,0.027,0.358,2.39696294204959e-13,"4","LTBP3"
6.65000814103282e-18,0.359200700664214,0.027,0.358,2.43396947969942e-13,"4","PPP1R7"
7.11881746881135e-18,0.300846897161832,0.027,0.357,2.60555838175964e-13,"4","PRR13"
7.29207552530919e-18,0.363180845194723,0.022,0.346,2.66897256301842e-13,"4","CAMK2D"
7.50961269513923e-18,0.429752354648846,0.055,0.41,2.74859334254791e-13,"4","TNFSF12"
7.89354496203714e-18,0.801322220179029,0.027,0.357,2.88911639155521e-13,"4","PQBP1"
8.42037677532959e-18,0.593915913968459,0.022,0.345,3.08194210353838e-13,"4","OSER1"
8.45049394486524e-18,0.272800255282513,0.027,0.356,3.09296528876013e-13,"4","SPART"
8.51397107501641e-18,1.00575266650495,0.071,0.443,3.11619855316676e-13,"4","CMPK1"
9.34272929677277e-18,0.279593091362787,0.022,0.345,3.4195323499118e-13,"4","ATXN10"
9.35370027179349e-18,0.25926915604958,0.022,0.344,3.42354783647914e-13,"4","HAX1"
1.01067556100934e-17,0.795426024525939,0.06,0.42,3.6991736208503e-13,"4","BHLHE40"
1.02276248841532e-17,1.56540919035717,0.022,0.344,3.7434129838489e-13,"4","MRPL22"
1.12604767525116e-17,1.01317276323515,0.038,0.376,4.12144709618676e-13,"4","RNF181"
1.16288870147537e-17,0.928240802313818,0.033,0.365,4.25628893626998e-13,"4","RALBP1"
1.17324706028661e-17,0.347640604122328,0.022,0.343,4.29420156535501e-13,"4","MRPL14"
1.17712845596442e-17,0.295982122785875,0.022,0.343,4.30840786167536e-13,"4","PCMTD1"
1.24110148274252e-17,1.41010345124138,0.038,0.376,4.5425555369859e-13,"4","MLF1"
1.26904086028238e-17,0.79527358269322,0.049,0.396,4.64481645271953e-13,"4","PABPC4"
1.30116906059783e-17,0.786137316038185,0.027,0.354,4.76240887869414e-13,"4","SPSB3"
1.32084275906661e-17,1.02903933530406,0.044,0.386,4.83441658245971e-13,"4","AKIRIN2"
1.5637724899934e-17,0.573794145578315,0.049,0.396,5.72356369062485e-13,"4","SREK1"
1.57695343270166e-17,1.32990220657629,0.033,0.363,5.77180725903136e-13,"4","NCOA7"
1.61612603152773e-17,0.252609918069889,0.027,0.352,5.91518288799464e-13,"4","MAP2K3"
1.70397871441179e-17,0.257769278947724,0.016,0.33,6.23673249261858e-13,"4","TEX264"
1.79126561669663e-17,0.466698939517546,0.022,0.341,6.55621128367134e-13,"4","SNRPN"
1.79787124858211e-17,1.01278406927904,0.087,0.47,6.58038855693538e-13,"4","TMEM176B"
1.83916445321089e-17,0.843405083102649,0.016,0.33,6.73152581519717e-13,"4","AAMP"
1.86991538312639e-17,0.266572696767684,0.011,0.319,6.84407729378091e-13,"4","TRAPPC3"
1.9161695107882e-17,0.524760218971665,0.022,0.34,7.01337202643589e-13,"4","WDR33"
2.28062000654836e-17,1.15228514900079,0.153,0.602,8.34729728596766e-13,"4","TYMP"
2.40936479198211e-17,0.390536579634859,0.055,0.403,8.81851607513373e-13,"4","ERGIC3"
2.46305023834848e-17,0.825264288234644,0.033,0.36,9.01501017737928e-13,"4","NBL1"
2.61541993454616e-17,0.343241320740732,0.033,0.359,9.57269850243242e-13,"4","PEA15"
2.68203420577894e-17,0.310577438559786,0.022,0.338,9.8165133965715e-13,"4","MRPL57"
2.70561432843745e-17,0.92181150523077,0.022,0.338,9.90281900351391e-13,"4","PSMB10"
2.81845106473379e-17,0.889572376820704,0.082,0.454,1.03158127420321e-12,"4","TSC22D1"
2.89652451813144e-17,1.35663081510658,0.022,0.338,1.06015693888129e-12,"4","TWIST2"
2.93039151209889e-17,0.363181433305714,0.016,0.327,1.07255259734331e-12,"4","ANKRD10"
3.03368316461884e-17,0.616439992426314,0.022,0.337,1.11035837508214e-12,"4","PAIP1"
3.10074093235311e-17,1.62472671783363,0.022,0.337,1.13490218865056e-12,"4","VCL"
3.14746546515805e-17,0.958281843677035,0.027,0.348,1.1520038349025e-12,"4","MAP3K20"
3.2731231716719e-17,0.972450514089897,0.049,0.39,1.19799581206363e-12,"4","TMEM176A"
3.29389220096089e-17,0.446815246760396,0.022,0.337,1.2055974844737e-12,"4","COPS3"
3.75500781055128e-17,0.86215942435764,0.033,0.358,1.37437040873987e-12,"4","EVL"
3.94752607506673e-17,0.958398741455392,0.027,0.347,1.44483401873517e-12,"4","TSPAN3"
4.3444663465928e-17,0.784278952345624,0.049,0.388,1.59011812751643e-12,"4","EIF2S3"
4.34625224175735e-17,1.02743186108672,0.022,0.335,1.59077178300561e-12,"4","DLC1"
4.82186676801573e-17,0.709139228402454,0.027,0.345,1.76485145576144e-12,"4","MCUB"
4.84269936995856e-17,1.39176005353127,0.027,0.345,1.77247639639853e-12,"4","PEPD"
5.00349812868156e-17,1.32893960578782,0.049,0.388,1.83133035007874e-12,"4","PAM"
5.05046055516441e-17,0.268901087057738,0.016,0.323,1.84851906779573e-12,"4","TIPRL"
5.29129579944659e-17,0.342434310884737,0.022,0.334,1.93666717555545e-12,"4","RB1CC1"
5.3193218582586e-17,0.481165131950373,0.033,0.355,1.94692499334123e-12,"4","PALLD"
6.02123686214693e-17,0.613626796138634,0.033,0.355,2.2038329039144e-12,"4","CWC25"
6.26284684195633e-17,0.644449527915633,0.016,0.322,2.29226457262444e-12,"4","C15orf61"
6.34575636316224e-17,0.611803570136783,0.033,0.354,2.32261028648101e-12,"4","CHMP4A"
6.47224291939755e-17,0.928397711288915,0.044,0.376,2.3689056309287e-12,"4","RBM17"
6.56561520840702e-17,1.71201234683099,0.033,0.354,2.40308082242905e-12,"4","PPP2CA"
6.78864050897505e-17,0.92643817181476,0.027,0.343,2.48471031268996e-12,"4","TMEM205"
7.41740549015118e-17,0.557477318145469,0.022,0.332,2.71484458345023e-12,"4","RAD23B"
7.42546528489736e-17,0.68229470072504,0.022,0.332,2.71779454892528e-12,"4","TMEM70"
7.80618372037402e-17,0.405983928229124,0.011,0.31,2.8571413034941e-12,"4","PFDN1"
9.05453666225045e-17,0.54225858631952,0.191,0.638,3.31405096375029e-12,"4","C1S"
1.00886432175011e-16,1.09276405624931,0.038,0.362,3.69254430403759e-12,"4","NFATC2"
1.02919768706087e-16,0.668374408206058,0.038,0.362,3.76696645441149e-12,"4","OAF"
1.04745531987057e-16,1.07206521178584,0.022,0.33,3.83379121625827e-12,"4","DERL2"
1.16860574978104e-16,0.867039355255114,0.033,0.351,4.27721390477359e-12,"4","COPS2"
1.20832303045676e-16,0.428588732669684,0.109,0.494,4.4225831237748e-12,"4","SGK1"
1.224057798655e-16,0.353964157862657,0.016,0.318,4.48017394885718e-12,"4","MED4"
1.22808369101546e-16,0.566835451017204,0.016,0.318,4.4949091174857e-12,"4","COL18A1"
1.22808371537723e-16,1.26509271581249,0.016,0.318,4.4949092066522e-12,"4","PSMC2"
1.29414009773964e-16,0.389491078644103,0.033,0.349,4.73668217173687e-12,"4","PSMB9"
1.31038591044327e-16,0.435385598618235,0.016,0.317,4.7961434708134e-12,"4","VGLL4"
1.3432743819032e-16,0.35545444054687,0.022,0.328,4.91651856520389e-12,"4","LSM14A"
1.35229592815678e-16,1.50666905979639,0.055,0.393,4.94953832664664e-12,"4","CPXM1"
1.41461757078384e-16,1.10117636085872,0.027,0.339,5.17764177082594e-12,"4","TGFBR3"
1.48517694154859e-16,0.499879664249649,0.016,0.316,5.43589612376201e-12,"4","SNX7"
1.59428937887841e-16,0.559587308501429,0.022,0.326,5.83525855563285e-12,"4","MRC2"
1.63417434543625e-16,0.355122891560684,0.011,0.305,5.98124152173122e-12,"4","TCEAL8"
1.6542870310438e-16,1.00509029880476,0.033,0.348,6.0548559623234e-12,"4","YWHAG"
1.87154266955797e-16,1.74587383993019,0.06,0.402,6.85003332484914e-12,"4","TMEM259"
2.2366624358248e-16,0.73729669387635,0.027,0.336,8.18640818136235e-12,"4","DNAJB11"
2.31162106295012e-16,1.34368867833717,0.033,0.346,8.46076425250373e-12,"4","TRIOBP"
2.4833437147894e-16,1.14407570833036,0.022,0.324,9.08928633050068e-12,"4","UBE2G2"
2.51631380645796e-16,0.403428192202086,0.016,0.313,9.20996016301677e-12,"4","HNMT"
2.53823359735122e-16,1.26002102954279,0.027,0.335,9.29018878966522e-12,"4","METTL5"
2.65348834803137e-16,0.803960068101398,0.027,0.334,9.7120327026296e-12,"4","ERVK3-1"
2.66542709814602e-16,0.483621354810992,0.022,0.324,9.75572972192427e-12,"4","RAB8B"
2.7043693667155e-16,0.664678663794842,0.175,0.611,9.8982623191154e-12,"4","MMP2"
3.02429171590134e-16,0.808676273552448,0.038,0.355,1.10692101093705e-11,"4","MGLL"
3.44183867719398e-16,0.630526073466929,0.022,0.322,1.25974737423977e-11,"4","ATL3"
3.58418599226372e-16,0.690202972795918,0.027,0.333,1.31184791502844e-11,"4","EIF3J"
3.59560992728181e-16,1.28136755017673,0.027,0.333,1.31602918948441e-11,"4","TIAL1"
3.8086910258548e-16,0.838545248117422,0.016,0.31,1.39401900237311e-11,"4","IDH3B"
3.88168402953054e-16,0.608015700186156,0.011,0.299,1.42073517164847e-11,"4","AGTR1"
3.91367910870906e-16,0.299504059565403,0.005,0.288,1.4324456905786e-11,"4","POLR2J3"
4.07369851724808e-16,0.349547368951665,0.016,0.31,1.49101439429797e-11,"4","PDCD10"
4.32938336299736e-16,0.702833025111537,0.033,0.342,1.58459760469066e-11,"4","LUC7L3"
4.64949323310909e-16,0.268001821565929,0.016,0.309,1.70176101825026e-11,"4","SMC5"
5.03535186079757e-16,1.7551519917161,0.044,0.363,1.84298913457052e-11,"4","CLIP1"
5.05340193506677e-16,1.5874875961355,0.033,0.341,1.84959564225379e-11,"4","HNRNPL"
5.12797183901728e-16,0.715870701312522,0.033,0.341,1.87688897279871e-11,"4","MSX1"
5.16586090208566e-16,0.657422714573575,0.022,0.319,1.89075674877237e-11,"4","SMS"
5.29633590946278e-16,0.724385251378265,0.027,0.33,1.93851190622247e-11,"4","APPL1"
5.31878441590235e-16,0.9702189318541,0.027,0.33,1.94672828406442e-11,"4","ABHD14B"
5.45603189938178e-16,0.362765334085396,0.038,0.351,1.99696223549272e-11,"4","SLIRP"
6.30063421522344e-16,0.420420907888183,0.022,0.318,2.30609512911393e-11,"4","ZC3H13"
6.70719590690704e-16,0.598602138003896,0.022,0.318,2.45490077388705e-11,"4","ERGIC1"
6.94394707320612e-16,0.446357771885545,0.038,0.35,2.54155406826417e-11,"4","WDR13"
7.18551211636496e-16,0.652402000975921,0.022,0.317,2.62996928971074e-11,"4","SVEP1"
9.04643562222277e-16,1.40174734971937,0.027,0.327,3.31108590208975e-11,"4","ECI1"
9.85526178670122e-16,0.817051196993577,0.022,0.315,3.60712436655051e-11,"4","ACVRL1"
1.01299267513384e-15,0.649734041590595,0.038,0.348,3.70765449025738e-11,"4","PJA2"
1.02120844012581e-15,0.726159846224915,0.016,0.304,3.73772501170449e-11,"4","DPM1"
1.24452724802702e-15,0.903100316849076,0.027,0.325,4.5550941805037e-11,"4","FEM1C"
1.25441176123773e-15,0.737866467075726,0.055,0.378,4.59127248730621e-11,"4","GLS"
1.36787762178969e-15,0.706970414573687,0.027,0.324,5.00656888351246e-11,"4","NGRN"
1.44317054283822e-15,1.15643252311497,0.082,0.431,5.28214850384217e-11,"4","PLAUR"
1.51096044222777e-15,0.863968792993843,0.016,0.301,5.53026631459786e-11,"4","RSRC1"
1.5661304535753e-15,1.48447188268475,0.055,0.377,5.73219407313094e-11,"4","AFF4"
1.56746392772132e-15,0.698128881402194,0.022,0.312,5.7370747218528e-11,"4","LOX"
1.64337654056636e-15,0.971514296671866,0.093,0.449,6.01492247612692e-11,"4","ICAM1"
1.64583574788332e-15,0.959560287117664,0.011,0.29,6.02392342082776e-11,"4","TIMM17A"
1.72473955054157e-15,0.906192996876617,0.016,0.301,6.31271922893718e-11,"4","CSNK1E"
1.77575107366312e-15,1.49460136836961,0.049,0.365,6.4994265047144e-11,"4","MRPL33"
1.81617717851234e-15,0.746028288565413,0.016,0.3,6.64739009107303e-11,"4","ABHD14A"
1.82251492645873e-15,0.695969273308183,0.027,0.322,6.67058688233159e-11,"4","HMGB2"
1.83862635252437e-15,0.279957023531968,0.016,0.3,6.72955631287446e-11,"4","HOOK3"
1.85630581555636e-15,0.51656841209682,0.109,0.481,6.79426491551784e-11,"4","IGFBP5"
2.02957857855601e-15,0.458362968067738,0.033,0.332,7.42846055537284e-11,"4","CRISPLD2"
2.04109239244418e-15,0.568469270703536,0.022,0.31,7.47060226558494e-11,"4","ANPEP"
2.09587744346522e-15,0.45123175330049,0.016,0.299,7.67112103082706e-11,"4","POLR2C"
2.17777753357052e-15,0.52110776077634,0.022,0.31,7.97088355062146e-11,"4","ESYT2"
2.32349899837813e-15,1.13337494167039,0.022,0.31,8.50423868396378e-11,"4","CCSER2"
2.48987183479816e-15,0.275349008877648,0.022,0.309,9.11317990254474e-11,"4","MCTS1"
2.56719521382146e-15,0.88747471072169,0.027,0.319,9.39619120210792e-11,"4","ORMDL1"
2.76637295103089e-15,0.800043057738876,0.011,0.287,1.01252016380682e-10,"4","NDUFA3"
2.76637305859043e-15,0.731919737162614,0.011,0.287,1.01252020317468e-10,"4","EMILIN1"
2.88521815541492e-15,0.474833992511142,0.038,0.34,1.05601869706341e-10,"4","SMG1"
3.19387905823475e-15,0.900394323804729,0.066,0.394,1.1689916741045e-10,"4","MAP4"
3.2563966481166e-15,0.438203678667628,0.033,0.329,1.19187373717716e-10,"4","UTRN"
3.40540498794785e-15,0.883764331890468,0.022,0.307,1.24641227963879e-10,"4","FOXO1"
3.41259199325881e-15,1.0449469914503,0.022,0.307,1.24904279545266e-10,"4","ZYX"
3.41259205595274e-15,0.812296832334146,0.022,0.307,1.24904281839926e-10,"4","CEBPZ"
3.47331630292189e-15,0.479612259573859,0.027,0.318,1.27126850003244e-10,"4","COX17"
3.52798077633011e-15,0.746539469195101,0.027,0.318,1.29127624394458e-10,"4","DPY30"
3.56376566029971e-15,0.250442824175721,0.022,0.307,1.3043738693263e-10,"4","BICC1"
3.66948205330862e-15,0.670192354343976,0.027,0.317,1.34306712633149e-10,"4","ARPC1A"
3.72683771973111e-15,0.613968941494544,0.016,0.296,1.36405987379878e-10,"4","SAP30BP"
3.80437225680678e-15,1.80615515201678,0.049,0.36,1.39243828971385e-10,"4","GUSB"
4.00033853257938e-15,0.993908809227154,0.016,0.295,1.46416390630938e-10,"4","JOSD2"
4.13969013326522e-15,1.37595257872253,0.038,0.338,1.5151679856764e-10,"4","HSPB2"
4.25400304092303e-15,1.24031440158734,0.033,0.327,1.55700765300824e-10,"4","STX4"
4.3681051829332e-15,1.29922867215325,0.022,0.305,1.59877017800538e-10,"4","ALG5"
4.80858965519812e-15,0.29879896428996,0.033,0.326,1.75999189969906e-10,"4","LSM4"
6.38933063784453e-15,0.519862440900705,0.011,0.281,2.33855890675748e-10,"4","OAZ2"
6.81194211073664e-15,0.333006353767816,0.011,0.281,2.49323893195072e-10,"4","NID1"
6.88361636759807e-15,0.556089151529882,0.022,0.302,2.51947242670457e-10,"4","LSM6"
6.99767710160626e-15,0.429236166370531,0.027,0.313,2.56121979595891e-10,"4","CTDSP2"
7.11949897218291e-15,0.924119289912654,0.016,0.291,2.60580781880867e-10,"4","MED28"
7.14402314391713e-15,0.278355893661762,0.027,0.313,2.61478391090511e-10,"4","PYCARD"
7.26662554002136e-15,0.586406321212499,0.049,0.356,2.65965761390322e-10,"4","RNASET2"
7.32614187342783e-15,0.870641204374326,0.044,0.345,2.68144118709332e-10,"4","LUZP1"
7.78024608471381e-15,1.01683972291578,0.033,0.323,2.8476478694661e-10,"4","KPNA4"
7.80413147146492e-15,1.71801111105379,0.033,0.323,2.85639015987088e-10,"4","ELF2"
8.25258558895376e-15,0.827529369792935,0.011,0.279,3.02052885141297e-10,"4","COL16A1"
8.33302037910478e-15,1.25513631318019,0.055,0.365,3.04996878895614e-10,"4","FBL"
8.4742505221796e-15,0.419007670335022,0.038,0.33,3.10166043362296e-10,"4","CPE"
8.78040658666111e-15,1.20586236425182,0.033,0.322,3.21371661478383e-10,"4","TMEM9B"
8.92200889420722e-15,0.711816642111389,0.022,0.301,3.26554447536878e-10,"4","RBM42"
9.993516099439e-15,1.25537344660731,0.011,0.278,3.65772682755567e-10,"4","LTBR"
1.04509514234458e-14,0.778064498519404,0.016,0.289,3.82515273049541e-10,"4","PPP2CB"
1.04509520041311e-14,0.446965888162231,0.016,0.289,3.82515294303201e-10,"4","CMC2"
1.06308798283186e-14,1.58938764915192,0.033,0.321,3.89100832596289e-10,"4","BNIP2"
1.14108339726033e-14,0.699978287133865,0.022,0.299,4.17647934231253e-10,"4","AKT1"
1.14825202815309e-14,0.696986252395779,0.022,0.299,4.20271724824314e-10,"4","HYI"
1.1530558543556e-14,1.02946760961901,0.022,0.299,4.22029973252695e-10,"4","HIGD1A"
1.18553395763809e-14,0.345159485122427,0.027,0.31,4.33917283835116e-10,"4","TRA2A"
1.2488533016091e-14,1.02198178525231,0.055,0.363,4.57092796921945e-10,"4","MYH9"
1.27223090787897e-14,1.18840479982796,0.033,0.32,4.65649234592783e-10,"4","EBPL"
1.34283254446346e-14,0.822662969876016,0.033,0.319,4.91490139599073e-10,"4","C12orf10"
1.43640379883338e-14,1.44125111624053,0.027,0.308,5.25738154411006e-10,"4","CHMP4B"
1.44500542623154e-14,1.33588616201422,0.066,0.383,5.28886436055006e-10,"4","RHOQ"
1.52853805497578e-14,1.20178801185469,0.027,0.308,5.59460213501687e-10,"4","SH3D19"
1.55935390396839e-14,0.285404490271719,0.011,0.275,5.70739122391469e-10,"4","HINT2"
1.64543491210135e-14,0.254039683460838,0.011,0.275,6.02245632178215e-10,"4","WIPI2"
1.67118814323168e-14,1.03675495471563,0.038,0.329,6.11671572304227e-10,"4","RAB4A"
1.68101145278571e-14,0.628740702342754,0.022,0.296,6.15267001834098e-10,"4","RASSF8"
1.7362976143772e-14,0.647113757895472,0.016,0.285,6.35502289838197e-10,"4","RFNG"
1.84964025598516e-14,0.920287645337647,0.016,0.285,6.76986830093127e-10,"4","TERF1"
1.89941974028749e-14,0.84297115511361,0.022,0.296,6.95206619142623e-10,"4","FBXO7"
1.9266544167215e-14,0.35302303840801,0.022,0.295,7.05174783064238e-10,"4","FNDC4"
2.13912746150343e-14,0.305025454470133,0.022,0.295,7.8294204218487e-10,"4","WBP4"
2.13959928411941e-14,0.571983904513569,0.011,0.273,7.83114733980547e-10,"4","BABAM1"
2.13959960680646e-14,0.625477042018962,0.011,0.273,7.83114852087232e-10,"4","FOSL1"
2.20781525185901e-14,1.30482206812486,0.038,0.327,8.08082460332918e-10,"4","COPA"
2.43109867302811e-14,1.45552646653372,0.033,0.316,8.89806425315017e-10,"4","PHYH"
2.44388590255497e-14,0.640708770824821,0.022,0.294,8.94486679194146e-10,"4","SELENBP1"
2.53030650645444e-14,0.614483360508025,0.016,0.283,9.26117484427391e-10,"4","NIT2"
2.59712144070465e-14,0.63091744728584,0.022,0.293,9.50572418512308e-10,"4","LUC7L"
2.63234559864082e-14,0.903016655667239,0.049,0.347,9.63464812558527e-10,"4","ID3"
2.68805075159428e-14,0.994082580654458,0.027,0.304,9.83853455591022e-10,"4","SASH1"
2.75337705507564e-14,0.581571508222616,0.011,0.271,1.00776353592823e-09,"4","EHD2"
2.85160355011886e-14,0.695122185202111,0.016,0.282,1.043715415379e-09,"4","PALM2-AKAP2"
2.87566582426256e-14,0.887349707856817,0.016,0.282,1.05252244833834e-09,"4","FAM126A"
2.9612840294439e-14,0.280830369921876,0.366,0.986,1.08385956761676e-09,"4","NACA"
3.13546545872501e-14,1.30706487167443,0.022,0.292,1.14761171254794e-09,"4","FEZ2"
3.13638508969198e-14,0.828056025296255,0.027,0.303,1.14794830667816e-09,"4","CCDC82"
3.18773374284761e-14,0.47691635152464,0.153,0.535,1.16674242721965e-09,"4","TNFAIP3"
3.31206250750057e-14,1.10519465496029,0.038,0.324,1.21224799837029e-09,"4","CAPZA1"
3.49992111337229e-14,0.895121371547569,0.06,0.366,1.28100612670539e-09,"4","CD68"
3.72106048845666e-14,0.437976185788319,0.027,0.301,1.36194534938002e-09,"4","CTNNB1"
3.75462768082533e-14,0.800677702730288,0.044,0.333,1.37423127745888e-09,"4","RNMT"
3.90901449687739e-14,1.09233544800417,0.027,0.301,1.43073839600209e-09,"4","ATP6AP1"
4.16358812925158e-14,1.58477278134335,0.038,0.322,1.52391489118737e-09,"4","MTIF3"
4.1897765051559e-14,0.515497424440383,0.016,0.279,1.53350009865211e-09,"4","MIA3"
4.53097970979136e-14,0.356263163967764,0.033,0.311,1.65838388358074e-09,"4","SOX4"
4.64712867423652e-14,0.545955282017177,0.022,0.289,1.70089556605731e-09,"4","EIF4E"
5.29531052376248e-14,1.12566223222753,0.033,0.31,1.93813660480231e-09,"4","SKIL"
5.49509138019715e-14,0.357811476063081,0.011,0.266,2.01125839606596e-09,"4","HSPB11"
5.53039000728089e-14,0.300494721911047,0.005,0.255,2.02417804656488e-09,"4","KHSRP"
6.00534993734764e-14,1.08081893463339,0.066,0.373,2.19801813056861e-09,"4","CHMP1B"
6.02566415899516e-14,0.604931133478522,0.115,0.463,2.20545333883382e-09,"4","MT1A"
6.06898485064033e-14,2.08729462473974,0.027,0.299,2.22130914518287e-09,"4","PCYOX1"
6.21654375560015e-14,0.34152901431346,0.011,0.266,2.27531717998721e-09,"4","SLC19A2"
6.29023280981133e-14,0.824763121485117,0.022,0.287,2.30228811071904e-09,"4","TP53I3"
6.290233029729e-14,1.17962058009319,0.022,0.287,2.30228819121111e-09,"4","EI24"
6.29670903908173e-14,1.31888245965905,0.022,0.287,2.3046584753943e-09,"4","MYL6B"
6.45104433253168e-14,1.16850788528261,0.027,0.298,2.36114673614992e-09,"4","SYS1"
6.48536066081981e-14,0.619537387564329,0.016,0.276,2.37370685546666e-09,"4","ZFR"
6.55202766542152e-14,0.876528921913715,0.235,0.701,2.39810764582093e-09,"4","EGR1"
6.65243164835013e-14,1.01422250453461,0.022,0.287,2.43485650761263e-09,"4","GSDMD"
6.66192882412463e-14,1.74456556930469,0.038,0.319,2.43833256891786e-09,"4","NIFK"
6.93370596885689e-14,0.952695858256425,0.033,0.308,2.53780572166131e-09,"4","NUDT1"
7.721960604188e-14,0.993603351948248,0.027,0.297,2.82631480073885e-09,"4","M6PR"
8.83870913315318e-14,0.675806038232038,0.016,0.274,3.2350559298254e-09,"4","ALG13"
9.27686831680246e-14,1.51486422158107,0.027,0.296,3.39542657263287e-09,"4","WDR61"
9.46345465925055e-14,0.332238248584929,0.022,0.284,3.46371903983229e-09,"4","AGPAT2"
9.53163701886825e-14,0.397427218985533,0.022,0.284,3.48867446527597e-09,"4","PARL"
9.68217220870696e-14,0.364628668172385,0.005,0.252,3.54377185010884e-09,"4","USP14"
9.72671827133745e-14,0.325008295343321,0.361,0.981,3.56007615449222e-09,"4","RPL7"
9.90757166160294e-14,1.49439514874419,0.027,0.295,3.62627030386329e-09,"4","IMPAD1"
9.96323767627222e-14,0.257099133976731,0.016,0.273,3.64664462189239e-09,"4","ANP32E"
1.0015176489458e-13,0.894888041970317,0.016,0.273,3.66565474690653e-09,"4","CNN2"
1.06545824662754e-13,1.02902977348459,0.016,0.273,3.89968372848145e-09,"4","OXA1L"
1.1334270672409e-13,0.838981518244176,0.016,0.272,4.14845640880841e-09,"4","SEC22B"
1.15674557428449e-13,0.553528357321662,0.18,0.576,4.23380447643865e-09,"4","THY1"
1.20442337758979e-13,0.432397329931254,0.016,0.272,4.40831000431641e-09,"4","PFKL"
1.20567468714921e-13,1.39489396903921,0.016,0.272,4.41288992243481e-09,"4","RO60"
1.20567468714921e-13,0.588144827818728,0.016,0.272,4.41288992243481e-09,"4","NIPSNAP2"
1.21975429208098e-13,1.8015699509159,0.033,0.304,4.4644226844456e-09,"4","GTF2I"
1.25616293971412e-13,0.308498851061748,0.027,0.293,4.59768197564763e-09,"4","EXOSC6"
1.30897104705768e-13,0.709347359379639,0.011,0.261,4.7909649293358e-09,"4","ATP2B4"
1.36940684400708e-13,1.3627256946355,0.033,0.304,5.0121659897503e-09,"4","FNDC3B"
1.39233984912596e-13,0.445210854805011,0.011,0.26,5.09610308178592e-09,"4","ALYREF"
1.39233984912596e-13,0.790032075952641,0.011,0.26,5.09610308178592e-09,"4","KIAA0930"
1.44183138614714e-13,0.479134647318076,0.016,0.271,5.27724705643714e-09,"4","DHRS4L2"
1.45082860119184e-13,1.03858090160478,0.016,0.271,5.31017776322224e-09,"4","CUTC"
1.47939056836864e-13,0.340456292274221,0.011,0.26,5.41471741928607e-09,"4","HPF1"
1.51958137703445e-13,1.4038571836481,0.027,0.292,5.5618197980838e-09,"4","COPB2"
1.62550418696472e-13,1.30478523913261,0.027,0.292,5.94950787470957e-09,"4","NAGK"
1.6649906993673e-13,0.5721457808441,0.022,0.281,6.09403245875426e-09,"4","PDCD2"
1.67520789260075e-13,0.824482288623748,0.011,0.259,6.13142840770802e-09,"4","COA8"
1.79049912057445e-13,1.62539922042083,0.055,0.345,6.55340583121453e-09,"4","GPS2"
1.88434938252594e-13,0.663011223278151,0.022,0.28,6.89690717498321e-09,"4","CHD4"
2.08831224758691e-13,0.701620911393694,0.033,0.301,7.64343165739285e-09,"4","LACTB"
2.11274299634403e-13,1.08308727858268,0.022,0.279,7.73285064091877e-09,"4","NME4"
2.14669388357126e-13,1.28279758870571,0.06,0.353,7.85711428325919e-09,"4","ARID5A"
2.22173491640970e-13,1.08303820424297,0.033,0.3,8.13177196755116e-09,"4","RPN1"
2.34396371443548e-13,1.16207614159643,0.027,0.289,8.57914159120532e-09,"4","WASL"
2.66928299892361e-13,0.580000394152141,0.033,0.299,9.76984270436032e-09,"4","GCSH"
2.79431622915922e-13,0.688542694581793,0.016,0.266,1.02274768303457e-08,"4","ELOVL1"
2.81429459192037e-13,0.863527632694679,0.027,0.288,1.03005996358877e-08,"4","SAR1B"
2.82037262348964e-13,0.663256526577835,0.016,0.266,1.03228458392344e-08,"4","MFAP2"
2.91032970388502e-13,0.921657807772976,0.011,0.255,1.06520977491896e-08,"4","NAGLU"
2.99688643100489e-13,1.2044722319035,0.027,0.287,1.0968904026121e-08,"4","ITGAV"
3.02286352089121e-13,0.587390629971055,0.016,0.266,1.10639827728139e-08,"4","PUM1"
3.18350443424966e-13,1.27200075197426,0.033,0.298,1.16519445797972e-08,"4","FKBP10"
3.20980609442813e-13,0.955967216456099,0.038,0.308,1.17482112862164e-08,"4","CSRP1"
3.41975369637318e-13,1.40977258286434,0.038,0.308,1.25166405040955e-08,"4","TMEM256"
3.4589266824952e-13,0.26644131036123,0.016,0.264,1.26600175506007e-08,"4","MTHFD2"
3.48089682687441e-13,0.603060311839567,0.055,0.339,1.2740430476043e-08,"4","INTS6"
3.76215244937621e-13,0.583399898996189,0.027,0.284,1.37698541799619e-08,"4","DDX3Y"
3.84981504224336e-13,0.274035191950754,0.016,0.264,1.40907080361149e-08,"4","STK25"
3.9490975606256e-13,0.750571958722792,0.011,0.253,1.44540919816458e-08,"4","MRPS18C"
3.95572683755419e-13,0.995452251947492,0.022,0.275,1.44783557981321e-08,"4","SIK3"
3.96374690137296e-13,0.828310453125359,0.022,0.275,1.45077100337152e-08,"4","SMIM20"
3.979835701936e-13,1.67379765439386,0.022,0.275,1.4566596652656e-08,"4","PIP4P2"
4.19709378338608e-13,0.524305510867284,0.011,0.252,1.53617829565714e-08,"4","RBM22"
4.35681096002951e-13,1.10403669664414,0.016,0.263,1.5946363794804e-08,"4","PLEKHM2"
4.36515162231266e-13,0.464334409443165,0.033,0.295,1.59768914528265e-08,"4","NAXE"
4.46045633967001e-13,0.598419841889505,0.011,0.252,1.63257162488262e-08,"4","DUS1L"
4.63925268756355e-13,1.58269735468041,0.016,0.263,1.69801287617513e-08,"4","NOP16"
4.73848923817725e-13,0.991981865152977,0.044,0.316,1.73433444606526e-08,"4","TIMM8B"
4.74012626152961e-13,0.482373926355943,0.011,0.252,1.73493361298245e-08,"4","SLC25A37"
4.74241212123627e-13,1.17998772993665,0.06,0.347,1.73577026049369e-08,"4","IDI1"
4.76475856279374e-13,0.561819827184958,0.022,0.273,1.74394928156814e-08,"4","DAP3"
4.76957841318105e-13,1.31040743291299,0.022,0.273,1.7457133950084e-08,"4","PMPCB"
5.03709875010512e-13,0.491830154885595,0.011,0.251,1.84362851352597e-08,"4","TOPORS"
5.23794806365102e-13,0.987045840909179,0.016,0.262,1.91714137077691e-08,"4","MARCH7"
5.37826628646392e-13,1.12349874003205,0.022,0.272,1.96849924350866e-08,"4","HDGFL3"
5.81274863475678e-13,1.29205105365541,0.038,0.304,2.12752412780733e-08,"4","PTPN12"
5.98386410810867e-13,0.692139918956876,0.06,0.346,2.19015410220885e-08,"4","UPP1"
6.0364230951148e-13,0.343499607871282,0.011,0.25,2.20939121704297e-08,"4","ASAP1"
6.04271426793301e-13,0.652918506526096,0.011,0.25,2.21169384920616e-08,"4","TNRC6A"
6.16689366444096e-13,0.723532308400076,0.027,0.282,2.25714475012204e-08,"4","MAP4K4"
6.6448372543769e-13,1.18363746281648,0.033,0.293,2.43207688347449e-08,"4","STK24"
6.66654044025275e-13,0.609890274643003,0.016,0.26,2.44002046653691e-08,"4","ZNF622"
6.67336845367386e-13,0.611469869830866,0.016,0.26,2.44251958772917e-08,"4","PLXDC2"
6.6733686842864e-13,1.14930250577195,0.016,0.26,2.44251967213567e-08,"4","OLFML2B"
6.71234158967601e-13,0.664132736124178,0.044,0.313,2.45678414523732e-08,"4","SLC20A1"
6.90853063755433e-13,0.300035588821804,0.027,0.281,2.52859129865126e-08,"4","ID4"
7.02119589105049e-13,0.723165994943563,0.038,0.303,2.56982790808339e-08,"4","SURF1"
7.23771797730668e-13,1.1506738666856,0.022,0.27,2.64907715687402e-08,"4","CHORDC1"
7.62253426314429e-13,0.700643101941519,0.027,0.281,2.78992376565344e-08,"4","CCND2"
7.99372492835214e-13,1.4826435172639,0.033,0.291,2.92578326102617e-08,"4","BACH1"
8.19725381647546e-13,1.14124691536665,0.022,0.27,3.00027686936818e-08,"4","ECHDC2"
8.42668859817328e-13,0.259903038444407,0.016,0.258,3.0842522938174e-08,"4","PICALM"
8.87046279265427e-13,1.28545276142648,0.033,0.29,3.24667808673939e-08,"4","IMP4"
9.4269418629854e-13,1.02258891986069,0.038,0.301,3.45035499127128e-08,"4","NUDT4"
9.5833493021489e-13,1.62863537769631,0.016,0.258,3.50760167807952e-08,"4","COL5A1"
9.76809836480002e-13,0.467068872928112,0.022,0.268,3.57522168250045e-08,"4","SCO2"
1.16820476852631e-12,1.06890120993643,0.022,0.267,4.27574627328316e-08,"4","CDC123"
1.21870287530634e-12,1.18817688824313,0.016,0.256,4.46057439390873e-08,"4","TNFRSF14"
1.30021215392347e-12,0.260446849194004,0.027,0.277,4.75890650457529e-08,"4","GABPB1-IT1"
1.36254930372081e-12,1.44461179522713,0.033,0.287,4.98706670654853e-08,"4","ABCA9"
1.38537709778408e-12,0.944256370383762,0.022,0.266,5.07061871559951e-08,"4","TFDP2"
1.43219781760759e-12,1.35305914074615,0.044,0.308,5.24198723222554e-08,"4","LAP3"
1.44320126477207e-12,0.972055361489366,0.033,0.287,5.28226094919224e-08,"4","KATNBL1"
1.53612653271718e-12,1.28020506230658,0.016,0.254,5.62237672239814e-08,"4","ANTKMT"
1.5863483907873e-12,1.0818150460541,0.022,0.265,5.80619374512059e-08,"4","CDC42SE1"
1.60776840842334e-12,0.562941865443315,0.027,0.275,5.88459315167027e-08,"4","FNBP1"
1.61921669255144e-12,0.288872278888437,0.016,0.254,5.92649501640754e-08,"4","TAOK3"
1.74529999078344e-12,0.589689816215438,0.016,0.253,6.38797249626646e-08,"4","APMAP"
1.92081633230468e-12,0.975274497517844,0.033,0.285,7.03037985786835e-08,"4","KIDINS220"
1.92921478670106e-12,1.37216042520541,0.027,0.274,7.06111904080455e-08,"4","ELAVL1"
2.03261765159635e-12,0.921769621436823,0.022,0.263,7.43958386660781e-08,"4","MARCH2"
2.08519864073004e-12,0.523306052117231,0.016,0.252,7.63203554493602e-08,"4","CLTC"
2.08731419683914e-12,1.10691128760162,0.016,0.252,7.63977869185093e-08,"4","KDELR3"
2.30475771553404e-12,1.40067508942765,0.033,0.284,8.43564371462614e-08,"4","SORBS3"
2.54303712759232e-12,1.02248195040596,0.022,0.261,9.30777019070064e-08,"4","RABGGTB"
2.81009730282119e-12,1.36738024438863,0.016,0.25,1.02852371380558e-07,"4","DNAJB12"
2.84931470782622e-12,0.319014504680433,0.027,0.271,1.04287767621148e-07,"4","SAFB2"
2.8744433673484e-12,0.590608622064031,0.022,0.261,1.05207501688319e-07,"4","DCXR"
2.89021690337175e-12,1.15225109617592,0.022,0.26,1.05784828880309e-07,"4","RECK"
3.0613203223655e-12,0.967659318157941,0.027,0.271,1.12047385118899e-07,"4","RFC1"
3.10951229669491e-12,0.967017656934677,0.038,0.292,1.1381125957133e-07,"4","DAZAP1"
3.2857110460068e-12,1.65378267781709,0.049,0.313,1.20260309994895e-07,"4","ITGA5"
3.48061023021115e-12,1.65771510334836,0.033,0.281,1.27393815035958e-07,"4","ITGBL1"
3.58546522398203e-12,0.518714229957731,0.022,0.258,1.31231612662966e-07,"4","ZEB1"
3.81501562830074e-12,0.527982747575788,0.022,0.258,1.39633387011435e-07,"4","SMARCA2"
4.41809499992044e-12,0.82966037530457,0.027,0.268,1.61706695092088e-07,"4","TXNDC17"
4.44737315700187e-12,1.43845469561592,0.033,0.279,1.62778304919426e-07,"4","MAP7D1"
5.19486468885478e-12,0.717436274292328,0.022,0.256,1.90137242476774e-07,"4","GTPBP4"
5.6935195868044e-12,0.29347994118084,0.033,0.277,2.08388510396628e-07,"4","ADAMTS5"
5.7519878266443e-12,0.470657395309623,0.027,0.266,2.10528506443008e-07,"4","TGIF1"
5.78462906035524e-12,1.25643204164674,0.022,0.255,2.11723208238062e-07,"4","CCNG1"
5.84085411580752e-12,2.05689801133338,0.049,0.309,2.13781101492671e-07,"4","CSNK1D"
5.87644907870173e-12,1.15909763247269,0.027,0.266,2.15083912729562e-07,"4","AZIN1"
5.91424986890853e-12,1.4847685313492,0.038,0.287,2.16467459451921e-07,"4","FAM174C"
5.9470327946536e-12,0.689283833095943,0.049,0.308,2.17667347317116e-07,"4","EHD1"
6.1400786060351e-12,0.740734454952374,0.022,0.255,2.24733017059491e-07,"4","PDHA1"
6.24719785676599e-12,1.3431733636986,0.033,0.276,2.28653688755492e-07,"4","CLEC11A"
6.26065884951343e-12,1.32851982332336,0.027,0.266,2.29146374551041e-07,"4","REEP3"
6.29175977949602e-12,0.773835967457288,0.027,0.265,2.30284699689334e-07,"4","VTI1B"
6.56226000931822e-12,1.16692729100697,0.022,0.255,2.40185278601056e-07,"4","RYBP"
7.9630533986809e-12,1.48854309845834,0.038,0.285,2.9145571744512e-07,"4","TMEM126B"
8.35491863369456e-12,1.63247836346673,0.033,0.274,3.05798376911855e-07,"4","MBNL2"
8.75559841166384e-12,0.899691344307965,0.022,0.252,3.20463657465308e-07,"4","TPD52L2"
8.79014432908745e-12,0.765741127366188,0.022,0.252,3.2172807258893e-07,"4","TTC1"
9.31806105942749e-12,0.53458456954265,0.022,0.252,3.41050352836105e-07,"4","SVIL"
9.56945859233027e-12,0.34451817294242,0.033,0.273,3.5025175393788e-07,"4","TRIM8"
9.90330773931854e-12,1.67137802551497,0.049,0.305,3.62470966566798e-07,"4","KLC1"
9.96601032384667e-12,0.933782717175124,0.049,0.304,3.64765943863112e-07,"4","TOB1"
1.1532264663093e-11,1.76240015017449,0.082,0.367,4.22092418933868e-07,"4","JPT1"
1.32812197985941e-11,0.304024422306569,0.027,0.26,4.86105925848343e-07,"4","SPRYD3"
1.4099091425034e-11,1.13697748847879,0.027,0.26,5.1604084524767e-07,"4","ABL1"
1.49918336331732e-11,1.78698959447466,0.038,0.281,5.48716102807771e-07,"4","TM9SF1"
1.50624352395682e-11,0.653110731927437,0.033,0.27,5.51300192203436e-07,"4","PTPN2"
1.54355143841867e-11,0.494857073416584,0.071,0.338,5.64955261975619e-07,"4","SERPINE1"
1.56843840140053e-11,1.2406772708478,0.033,0.27,5.74064139296608e-07,"4","PTGIS"
1.74135232848482e-11,1.77140392111289,0.049,0.301,6.37352365748729e-07,"4","VEGFA"
1.7802451554767e-11,1.2753498377512,0.038,0.279,6.51587529356026e-07,"4","PPT1"
1.83666334249457e-11,0.677733664887144,0.027,0.258,6.72237149986437e-07,"4","SNX29"
1.87388767267039e-11,0.805099230691353,0.027,0.257,6.85861627074091e-07,"4","CNPY3"
2.12094744698662e-11,1.75797111859452,0.027,0.257,7.76287975071574e-07,"4","NT5E"
2.2399374933002e-11,0.343207447269729,0.027,0.256,8.19839521922806e-07,"4","ADAMTSL4"
2.24424077277552e-11,0.917701998679573,0.027,0.256,8.21414565243568e-07,"4","CILP"
2.40748356420523e-11,0.313798277921817,0.033,0.266,8.81163059334757e-07,"4","DUSP5"
2.4825187225342e-11,0.919565238333717,0.033,0.265,9.08626677634741e-07,"4","PHIP"
2.58422031338797e-11,0.632455518274136,0.033,0.265,9.45850476903133e-07,"4","USF2"
2.59049815761009e-11,1.24715190472551,0.055,0.308,9.48148230666869e-07,"4","POLR2A"
2.65399259124627e-11,1.34913423522965,0.038,0.276,9.71387828322047e-07,"4","PHF20L1"
2.95632512023196e-11,1.09286700144748,0.044,0.286,1.0820445572561e-06,"4","DPH3"
3.15610364448016e-11,1.19177530588166,0.027,0.254,1.15516549491618e-06,"4","ZNF358"
3.71886859204847e-11,0.829013711433794,0.033,0.263,1.36114309337566e-06,"4","METRN"
3.72233877909551e-11,1.50755946159998,0.098,0.389,1.36241321653675e-06,"4","GEM"
3.95432239090103e-11,1.10577656145683,0.027,0.252,1.44732153829369e-06,"4","CRYL1"
4.52459197385262e-11,1.08165225544395,0.109,0.404,1.6560459083498e-06,"4","TPM2"
4.9661408650089e-11,1.98549260632407,0.033,0.261,1.81765721800191e-06,"4","B4GALT5"
4.9745507806713e-11,1.33344175007012,0.027,0.25,1.8207353312335e-06,"4","RASSF1"
5.35560608002468e-11,1.30370665990623,0.077,0.344,1.96020538134983e-06,"4","PFKFB3"
5.75307594639155e-11,0.811086159056778,0.12,0.418,2.10568332713877e-06,"4","ADM"
6.42074712425329e-11,0.713679065478867,0.033,0.258,2.35005765494795e-06,"4","NINJ1"
6.45412871653357e-11,0.904508814683102,0.044,0.28,2.36227565153845e-06,"4","EIF4G1"
6.63132878821675e-11,0.495255040351075,0.372,0.976,2.42713264977521e-06,"4","RPL22"
7.41389099396329e-11,1.5919538653335,0.033,0.258,2.7135582427005e-06,"4","ENAH"
1.19846369879625e-10,1.59614079718002,0.049,0.286,4.38649698396415e-06,"4","RAB13"
1.27602675300983e-10,1.63177880807656,0.033,0.254,4.67038551869127e-06,"4","RBM5"
1.7651819089474e-10,1.16757037830903,0.055,0.293,6.4607423049384e-06,"4","INSIG1"
1.80902757002228e-10,1.57929004668302,0.033,0.251,6.62122180903855e-06,"4","LLPH"
2.03247253175505e-10,0.332257054950611,0.415,0.985,7.43905271347665e-06,"4","RPS29"
2.36602213009202e-10,0.901070800554455,0.049,0.281,8.65987759834979e-06,"4","FAM200B"
2.52040652768091e-10,1.72936303609204,0.055,0.29,9.22493993196491e-06,"4","GAS7"
3.39930414092061e-10,1.33286402388107,0.049,0.278,1.24417930861835e-05,"4","KXD1"
3.60215773618738e-10,0.81590030999538,0.066,0.308,1.31842575302194e-05,"4","PPP1R10"
4.19599714554975e-10,0.841169380280952,0.038,0.255,1.53577691524266e-05,"4","TRIM44"
4.98972231010923e-10,1.55992931450298,0.049,0.275,1.82628826272308e-05,"4","NABP1"
5.43860795955329e-10,1.09532903493445,0.066,0.305,1.9905848992761e-05,"4","ATP2B1-AS1"
7.30916764721568e-10,1.13561757931097,0.038,0.251,2.67522845055741e-05,"4","SNHG12"
1.76917092124649e-09,0.344091790680259,0.049,0.262,6.47534248885428e-05,"4","TAGLN"
2.25899845625049e-09,0.401287491812921,0.404,0.972,8.26816024972242e-05,"4","RPLP0"
4.26947883553936e-09,1.29984445095739,0.066,0.288,0.000156267194859576,"4","NFKB2"
5.90944833944911e-09,1.33409686228458,0.066,0.285,0.000216291718672177,"4","ETS2"
9.14936206387035e-09,0.327028977512687,0.399,0.99,0.000334875800899719,"4","RPS13"
9.86592123000001e-09,0.802218986059794,0.109,0.359,0.00036110258293923,"4","IL6"
2.0130507194557e-08,0.508541866395713,0.093,0.321,0.000736796693827979,"4","FABP5"
2.1995044781833e-08,0.645955998661996,0.137,0.393,0.000805040634059871,"4","FABP4"
4.38753968149647e-08,1.50558320991347,0.06,0.258,0.00160588339882452,"4","CTSS"
5.13807513456954e-08,1.75251870119757,0.06,0.257,0.0018805868800038,"4","CTSH"
7.17697400737332e-08,1.39857313507128,0.066,0.264,0.00262684425643871,"4","RILPL2"
1.42441518698605e-07,0.302523188123401,0.377,0.825,0.00521350202588763,"4","SOD2"
2.11025096275689e-07,0.40228167384998,0.213,0.507,0.00772372954878648,"4","CCL2"
5.0333261202982e-07,0.328131928558849,0.448,0.986,0.0184224769329034,"4","RPL5"
1.35056894505137e-06,0.399092034759741,0.361,0.683,0.0494321739578254,"4","COL6A2"
1.98171167265808e-06,0.292241986594047,0.486,0.99,0.0725326289309582,"4","ACTB"
2.73523956459857e-06,0.409816244788378,0.448,0.968,0.100112503303872,"4","FOSB"
8.78499288373285e-06,0.348843506601024,0.235,0.493,0.321539524537506,"4","CXCL2"
0.00173804701590081,0.434974737264461,0.492,0.991,1,"4","RPL8"
0.00194091800675238,0.354975486565571,0.503,0.992,1,"4","RPL34"
0.00199805950291947,0.323935029751649,0.383,0.629,1,"4","CXCL14"
0.00717979568517552,0.388853293335447,0.497,0.992,1,"4","RPL12"
0.00882267691853244,0.330311067404025,0.918,0.976,1,"4","VIM"
0,5.30278522681439,0.978,0.028,0,"5","AIF1"
0,5.30496410198098,0.961,0.037,0,"5","LYZ"
0,6.31798936821191,0.832,0.013,0,"5","MS4A6A"
0,6.72052441197384,0.81,0.012,0,"5","MS4A7"
0,6.95032839788115,0.788,0.012,0,"5","FCGR2A"
0,6.12408676371198,0.709,0.009,0,"5","CLEC10A"
0,7.03376270562906,0.698,0.004,0,"5","VSIG4"
6.12232995310849e-315,5.34047343375062,0.654,0.005,2.24083398613724e-310,"5","FCGR2B"
1.87659060868213e-311,4.92501418568051,0.793,0.021,6.86850928683745e-307,"5","SPI1"
1.49831121499052e-301,4.56215126868564,0.788,0.023,5.48396887798681e-297,"5","NLRP3"
1.1396834060459e-299,5.81446305521734,0.637,0.006,4.1713552344686e-295,"5","TREM1"
1.04093987278005e-292,4.74728294627414,0.693,0.014,3.80994402836227e-288,"5","CD86"
1.58421644731016e-290,4.58897006030332,0.693,0.013,5.79839061879991e-286,"5","CLEC7A"
3.40415251950964e-289,4.69705102322404,0.872,0.04,1.24595386366572e-284,"5","LST1"
3.8893424522866e-284,7.19264693900758,0.575,0.003,1.42353823096142e-279,"5","FCN1"
8.73062764525226e-278,5.94125642017239,0.642,0.011,3.19549702443878e-273,"5","C5AR1"
8.99255660849777e-278,4.95517502424379,0.927,0.061,3.29136564427627e-273,"5","IFI30"
1.26822397868352e-275,5.75000477241003,0.587,0.006,4.64182658437953e-271,"5","IGSF6"
2.65099164978624e-268,6.10598248022583,0.542,0.003,9.70289453738261e-264,"5","MRC1"
9.48223703600307e-261,6.27889050127014,0.592,0.009,3.47059357754748e-256,"5","KYNU"
5.12833747294775e-258,3.84884680208887,0.793,0.034,1.87702279847361e-253,"5","ITGAX"
1.66306766021669e-257,6.21610239421474,0.547,0.005,6.08699394315912e-253,"5","CSF1R"
2.36487081492162e-247,4.14800392813546,0.883,0.062,8.65566366969462e-243,"5","CXCL16"
1.16257645355669e-245,6.3380950086003,0.547,0.007,4.25514607766285e-241,"5","NCF2"
1.81776374342531e-243,4.22256971191369,0.972,0.089,6.65319707731097e-239,"5","FCER1G"
2.84446918068108e-239,5.36351517672112,0.514,0.005,1.04110416482108e-234,"5","CD163"
5.96257155162902e-238,3.82735514985338,0.899,0.066,2.18236081361174e-233,"5","C1orf162"
1.52839929402269e-237,5.48315018068424,0.575,0.011,5.59409425605244e-233,"5","LY86"
1.19251191768482e-235,4.2563100784403,0.642,0.02,4.3647128699182e-231,"5","CSF2RA"
1.61138040957115e-234,4.90651764803001,0.603,0.015,5.89781343707136e-230,"5","RNF144B"
6.6737656644182e-234,6.82103648733674,0.464,0.002,2.44266497083371e-229,"5","FPR3"
8.87614681179274e-231,6.17639569828313,0.698,0.032,3.24875849458426e-226,"5","IL1B"
6.89607229357137e-228,6.65643019738698,0.508,0.007,2.52403142017006e-223,"5","FCER1A"
1.17273145070421e-226,4.60760025158019,0.559,0.012,4.29231438272247e-222,"5","MNDA"
2.22697506391535e-225,4.63110664061028,0.855,0.066,8.15095143143657e-221,"5","HLA-DQA1"
1.35258459374232e-223,4.70902350834995,0.922,0.088,4.95059487155627e-219,"5","HLA-DQB1"
1.79633058659869e-223,3.759873019219,0.626,0.02,6.57474958000986e-219,"5","LGALS2"
1.12270603996463e-221,6.3357194523537,0.62,0.022,4.10921637687455e-217,"5","EREG"
1.11718845742693e-220,3.89731485112987,0.804,0.052,4.08902147302832e-216,"5","PLEK"
1.18031580064061e-220,5.57244458674638,0.536,0.011,4.32007386192468e-216,"5","IL1RN"
1.47184361407372e-220,4.70497977599736,0.76,0.046,5.38709481187122e-216,"5","PHACTR1"
4.18924412245454e-220,4.14373405800678,0.749,0.043,1.53330524125959e-215,"5","HLA-DMB"
6.26949995105464e-220,4.74461167069114,0.503,0.007,2.29469967708551e-215,"5","LILRB3"
2.08587387390688e-219,6.32061014343427,0.542,0.012,7.63450696588657e-215,"5","FBP1"
5.16770217104364e-219,8.24412523597893,0.425,0.001,1.89143067162368e-214,"5","CLEC4E"
5.50421696004799e-217,5.02619547545561,0.508,0.009,2.01459844954716e-212,"5","LILRB2"
1.64593296746117e-216,5.28130142563274,0.575,0.017,6.02427925420464e-212,"5","CFP"
1.11970648987583e-215,6.5609847674047,0.52,0.01,4.09823772359454e-211,"5","CD1C"
3.00874601877991e-213,3.73384578756842,0.994,0.117,1.10123113033364e-208,"5","TYROBP"
1.16231103083501e-208,3.55217171188709,0.575,0.018,4.25417460395921e-204,"5","CSTA"
4.99165957560942e-207,5.34225920469018,0.62,0.026,1.82699732126881e-202,"5","LUCAT1"
9.39391282473055e-207,4.24531749987773,0.57,0.017,3.43826603297963e-202,"5","RNASE6"
9.36212731607255e-196,5.65268997527558,0.469,0.009,3.42663221895571e-191,"5","CYBB"
1.27308818394145e-195,3.66704229410901,0.821,0.069,4.65963006204409e-191,"5","RASGEF1B"
9.01834942405398e-194,4.05507111143944,0.592,0.026,3.300806072698e-189,"5","IL1R2"
2.34029097125486e-193,6.64105537665291,0.413,0.004,8.5656989838899e-189,"5","TLR2"
2.96213403466157e-193,4.58467488917424,0.453,0.007,1.08417067802648e-188,"5","ADGRE2"
6.24531112685452e-193,4.12954278880811,0.603,0.026,2.28584632554002e-188,"5","FGR"
4.61957048523301e-190,5.49422906631554,0.464,0.009,1.69080899330014e-185,"5","C1QA"
5.44948403035263e-190,5.16914753838618,0.469,0.01,1.99456564994937e-185,"5","SERPINA1"
1.13400289985298e-187,4.32216851262696,0.486,0.012,4.1505640137519e-183,"5","LILRB4"
9.87826326643398e-187,5.13445792895475,0.408,0.004,3.6155431381475e-182,"5","C1QC"
2.83275305405976e-186,6.70130713932739,0.413,0.005,1.03681594531641e-181,"5","C1QB"
6.9910746011404e-181,5.87043185721166,0.413,0.006,2.5588032147634e-176,"5","MS4A4A"
5.0270805740543e-180,5.57757921877586,0.425,0.007,1.83996176090961e-175,"5","PILRA"
2.53588349621973e-179,4.20889948283332,0.894,0.123,9.28158718451384e-175,"5","HLA-DMA"
3.52667314228249e-177,9.34648188227048,0.352,0.001,1.29079763680681e-172,"5","FPR1"
1.45441540789181e-176,4.66212526511373,0.737,0.064,5.3233058344248e-172,"5","HLA-DRB5"
1.02862299497626e-174,6.81606118608097,0.369,0.003,3.76486302391263e-170,"5","MARCO"
9.23304336258821e-174,5.9523908967532,0.363,0.003,3.37938620114091e-169,"5","PTAFR"
1.18822417332804e-173,4.94265202027061,0.531,0.023,4.34901929679795e-169,"5","RBM47"
2.7750296047927e-172,5.52974105778247,0.402,0.006,1.01568858565018e-167,"5","CCRL2"
8.32941048029882e-171,4.34150432051755,0.994,0.194,3.04864752989417e-166,"5","HLA-DRB1"
1.0765063462883e-170,4.25303043914601,0.547,0.025,3.94012087804982e-166,"5","ADA2"
2.70415204291461e-166,4.58243476344607,0.994,0.206,9.89746689227178e-162,"5","HLA-DRA"
7.69709718340998e-165,2.91086026616585,0.81,0.085,2.81721454009989e-160,"5","ARRB2"
9.53931959143961e-165,4.39505122516635,0.419,0.01,3.49148636366281e-160,"5","HCK"
1.57265360381142e-164,4.68813246357691,0.341,0.002,5.75606945531017e-160,"5","F13A1"
2.83073258407142e-164,3.16990290700017,0.654,0.044,1.03607643309598e-159,"5","THEMIS2"
1.22773456374653e-163,3.33020024071403,0.369,0.005,4.49363127676867e-159,"5","CSF3R"
2.83331283902671e-163,3.98789949171044,0.598,0.036,1.03702083221217e-158,"5","JAML"
7.02135090568872e-162,2.80015716259092,0.453,0.014,2.56988464499113e-157,"5","AC020656.1"
5.80797044006764e-160,7.25566557592898,0.346,0.003,2.12577526076916e-155,"5","C3AR1"
3.99399357581877e-158,5.76469336116279,0.352,0.004,1.46184158868543e-153,"5","CD300E"
1.45930465752546e-157,6.078231877642,0.369,0.006,5.34120097700895e-153,"5","CD33"
1.55944864246528e-157,4.19528839426045,0.972,0.2,5.70773797628717e-153,"5","HLA-DPA1"
2.53917681911434e-156,3.03223236665473,0.888,0.12,9.29364107564041e-152,"5","GPR183"
8.55524072778802e-156,6.92422411091334,0.369,0.006,3.13130365877769e-151,"5","OLR1"
1.30369072779364e-154,4.25713554643399,0.436,0.014,4.77163843279751e-150,"5","PKIB"
1.4217727518895e-153,4.79105296422755,0.358,0.006,5.20383044919074e-149,"5","BTK"
1.097767656858e-152,6.62425368127405,0.346,0.005,4.01793940086598e-148,"5","FOLR2"
3.23661287370762e-151,4.04290002602908,0.598,0.044,1.18463267790573e-146,"5","GK"
2.97614714792326e-150,3.47033901978528,0.955,0.189,1.08929961761139e-145,"5","CTSS"
1.62107292978654e-148,4.21510191816606,0.972,0.221,5.9332890303117e-144,"5","HLA-DPB1"
4.25485081989969e-148,3.03210001443052,0.609,0.043,1.55731794859148e-143,"5","GNA15"
6.27886339541191e-148,3.14649801250253,0.916,0.158,2.29812679135471e-143,"5","CD83"
2.17869646830876e-147,3.7561621840776,0.547,0.033,7.9742469436569e-143,"5","SPINT2"
5.75920134153681e-147,3.02299819718216,0.972,0.193,2.10792528301589e-142,"5","LAPTM5"
6.50629799933344e-147,5.88175568284661,0.335,0.005,2.38137013073603e-142,"5","MIR3945HG"
9.50262463681402e-147,3.60922235663073,0.615,0.049,3.4780556433203e-142,"5","BCL2A1"
2.12804269659431e-146,3.74075755547296,0.486,0.024,7.78884907380483e-142,"5","IL18"
8.03348492066407e-146,3.05435335993921,0.866,0.121,2.94033581581226e-141,"5","VAMP8"
1.36951198865672e-140,3.9085527661664,0.52,0.032,5.01255082968245e-136,"5","SNX10"
7.4425597230681e-140,3.07854330667428,0.771,0.094,2.72405128424016e-135,"5","STX11"
9.67443829760897e-140,3.48481605434146,1,0.268,3.54094116130786e-135,"5","CD74"
3.89232565995852e-138,3.63252449556971,0.536,0.037,1.42463011480142e-133,"5","B3GNT5"
5.04631413951287e-138,3.55258985993037,0.469,0.024,1.84700143820311e-133,"5","VMO1"
5.25249780808361e-138,3.59184705852602,0.648,0.062,1.92246672273668e-133,"5","LYN"
4.32314446308147e-137,5.38609069067141,0.38,0.012,1.58231410493245e-132,"5","MSR1"
5.17269438081965e-136,3.21569262797072,0.508,0.031,1.8932578703238e-131,"5","PTPN6"
1.506328404837e-135,3.0455207193349,0.626,0.057,5.51331259454389e-131,"5","LGALS9"
9.3945946083644e-135,5.85004477657799,0.352,0.009,3.43851557260746e-130,"5","ADAP2"
2.24825821490517e-134,5.84268774208263,0.307,0.004,8.22884989237441e-130,"5","CLEC4A"
2.83190697470517e-133,3.10043053434028,0.559,0.041,1.03650627181184e-128,"5","CD4"
4.09971592402584e-133,5.31821042189464,0.318,0.006,1.5005370253527e-128,"5","MARCH1"
8.89157729526981e-133,6.88287400214158,0.285,0.003,3.2544062058417e-128,"5","HCAR3"
9.60386944989862e-133,7.04650768205355,0.335,0.008,3.51511225735739e-128,"5","S100A9"
6.32348457865711e-132,2.40164828140579,0.777,0.093,2.31445859063429e-127,"5","HCLS1"
2.9030772723339e-131,3.44971008397123,0.413,0.017,1.06255531244693e-126,"5","TBXAS1"
3.10557296039488e-131,3.49217954189241,0.425,0.019,1.13667075923413e-126,"5","NCF4"
1.07558929122222e-129,7.39683612877473,0.268,0.002,3.93676436480245e-125,"5","RTN1"
1.09159982944944e-128,4.53418744943329,0.358,0.011,3.99536453576789e-124,"5","SLC11A1"
1.17599261862248e-128,4.9346542978221,0.33,0.008,4.30425058342013e-124,"5","SLC16A10"
3.40952609536475e-128,4.76282348271124,0.413,0.019,1.24792064616445e-123,"5","GPAT3"
6.32127387650621e-128,6.90684322038326,0.285,0.003,2.31364945154004e-123,"5","PLA2G7"
7.3235878518614e-128,2.84760975712385,0.899,0.192,2.68050638965979e-123,"5","CTSH"
1.27451258020909e-127,4.70156224274073,0.413,0.019,4.66484349482328e-123,"5","C15orf48"
3.95938870657091e-127,7.01981937588378,0.274,0.003,1.44917586049202e-122,"5","GPR84"
1.82968424263465e-126,2.96535625175279,0.62,0.059,6.69682729646707e-122,"5","SYNGR2"
2.2927503444689e-126,7.17818491706956,0.263,0.002,8.39169553579061e-122,"5","TFEC"
1.01645573814261e-124,3.04800819931042,0.838,0.155,3.72032964717575e-120,"5","CPVL"
1.89780080008473e-124,4.7725703274332,0.346,0.011,6.94614070839013e-120,"5","HLA-DOA"
2.02894807081224e-124,5.4629265284601,0.335,0.009,7.42615283397988e-120,"5","ACP5"
1.47584295779792e-123,2.30916785309815,0.894,0.143,5.40173280983618e-119,"5","ITGB2"
7.40902004335188e-123,3.45445706598886,0.408,0.019,2.71177542606722e-118,"5","TSPAN33"
8.60655929538866e-122,2.65114309834529,0.575,0.049,3.15008676770521e-117,"5","HAVCR2"
2.53744522733971e-120,3.52659233073016,0.425,0.023,9.28730327658606e-116,"5","SH3TC1"
2.72872258445118e-120,5.12027876971534,0.33,0.01,9.98739753134977e-116,"5","MPEG1"
5.70054347793705e-120,3.1186919562993,0.631,0.069,2.08645591835974e-115,"5","TET2"
6.09690515417559e-120,3.04570938463489,0.436,0.026,2.23152825547981e-115,"5","SLC15A3"
6.11113345447391e-120,3.49000569018133,0.559,0.052,2.236735955672e-115,"5","HBEGF"
5.05384472538344e-119,5.60575649361786,0.268,0.003,1.84975770793759e-114,"5","LRRC25"
6.86693672520831e-119,3.53389910357409,0.385,0.017,2.51336751079349e-114,"5","SLC8A1"
2.45333312537627e-117,4.55271138771667,0.324,0.01,8.97944457218967e-113,"5","SLAMF8"
3.43682693996491e-117,2.67830109519868,0.726,0.099,1.25791302829656e-112,"5","PTPRE"
2.48928684896759e-116,3.17577737863117,0.486,0.035,9.11103879590627e-112,"5","STXBP2"
6.55220390768452e-116,2.34991550731126,0.838,0.131,2.39817215225161e-111,"5","LCP1"
2.28254376618427e-115,2.7128975493762,0.899,0.2,8.35433843861103e-111,"5","RILPL2"
2.03513308610108e-114,2.71838827348744,0.911,0.221,7.44879060843858e-110,"5","ETS2"
2.48863335330127e-113,2.53730111158581,0.587,0.06,9.10864693641796e-109,"5","FERMT3"
8.60896422641089e-112,3.2150550067245,0.531,0.049,3.15096699650865e-107,"5","SH2B3"
3.45721269733045e-111,3.92283099992298,0.397,0.022,1.26537441934992e-106,"5","CIITA"
1.78887832088082e-110,3.2709277574267,0.469,0.035,6.54747354225589e-106,"5","LCP2"
9.09149524782717e-110,5.55404216327873,0.268,0.005,3.32757817565722e-105,"5","LILRA5"
2.31537694521495e-108,3.47449333598874,0.408,0.025,8.47451115718125e-104,"5","MIR181A1HG"
2.55847269057537e-107,4.94895284169182,0.263,0.005,9.36426589477491e-103,"5","AC090559.1"
3.90161067933032e-107,3.02395787425532,0.676,0.099,1.42802852474169e-102,"5","TGFBI"
2.57128378691162e-106,1.49899090075283,0.76,0.121,9.41115578847522e-102,"5","CCL3"
5.25611476631123e-105,2.47382593094368,0.38,0.02,1.92379056561757e-100,"5","CD300A"
1.0624254385882e-104,2.15710838416104,0.475,0.038,3.88858334777668e-100,"5","PARVG"
1.32221521817405e-104,3.45175878079196,0.553,0.062,4.83943992003882e-100,"5","CPM"
4.81513954977049e-104,2.05052967298875,0.905,0.173,1.7623892266115e-99,"5","GMFG"
2.21133594219403e-103,2.48648889614829,0.793,0.135,8.09371068202437e-99,"5","SAMSN1"
2.34369061054062e-103,4.65013933462315,0.291,0.009,8.57814200363973e-99,"5","SNCA"
2.76100134422828e-103,4.96971962619459,0.296,0.01,1.01055410200099e-98,"5","CYP2S1"
4.47106249468879e-103,2.64215406200974,0.715,0.116,1.63645358368104e-98,"5","JARID2"
1.62117434671809e-101,2.44682767515705,0.838,0.173,5.93366022642289e-97,"5","GLIPR1"
1.97922062857371e-98,3.63469608621928,0.318,0.014,7.24414542264263e-94,"5","SYK"
5.12160116898841e-98,2.48205888594801,0.531,0.054,1.87455724386145e-93,"5","WAS"
2.62626777966952e-97,2.14551116082974,0.838,0.165,9.61240270036841e-93,"5","FAM49B"
3.882287871729e-97,4.74970757901316,0.268,0.008,1.42095618393153e-92,"5","C19orf38"
4.35138313273412e-97,2.96656603544151,0.274,0.009,1.59264974041202e-92,"5","CXorf21"
4.56367127696272e-96,2.56944012538003,0.732,0.141,1.67034932408112e-91,"5","OTUD1"
4.87922177309387e-96,2.1027643633604,0.642,0.086,1.78584396117009e-91,"5","EVI2B"
2.3080928188663e-95,2.96348484916546,0.782,0.173,8.44785052633256e-91,"5","AP1S2"
2.71422818508122e-95,3.11176396662774,0.358,0.021,9.93434658021578e-91,"5","CD72"
1.04571927950578e-94,3.59435986887132,0.268,0.009,3.82743713491912e-90,"5","KCNQ1"
3.13997530337379e-94,2.80812526785687,0.279,0.01,1.14926236078784e-89,"5","PLD4"
5.77969173161978e-94,2.15858668516628,0.654,0.093,2.11542497069015e-89,"5","RAB11FIP1"
3.95578334026406e-93,1.7975650672436,1,0.975,1.44785626037005e-88,"5","FTH1"
4.29297558531973e-93,2.70438763580737,0.441,0.038,1.57127199398287e-88,"5","NCKAP1L"
8.59352321819267e-93,2.2738441644217,0.385,0.028,3.1453154330907e-88,"5","RAB20"
2.10660467941767e-92,1.9142555554799,0.872,0.175,7.71038378713662e-88,"5","HCST"
3.53222202916885e-92,3.92509673087359,0.38,0.028,1.29282858489609e-87,"5","OPN3"
5.60997995434444e-92,1.82678818492789,0.838,0.158,2.05330876308961e-87,"5","CD53"
6.25455582595781e-92,3.41602595479316,0.832,0.221,2.28922997785882e-87,"5","CXCL8"
1.64703454009785e-91,2.77153143563408,0.788,0.173,6.02831112021212e-87,"5","PELI1"
1.66363772755716e-91,1.82759650631858,0.542,0.066,6.08908044663196e-87,"5","LDLRAD4"
5.02220282280116e-89,3.73725225405286,0.296,0.014,1.83817645517345e-84,"5","GRK3"
9.17920872445405e-89,1.78904360245615,0.536,0.061,3.35968218523743e-84,"5","DOK2"
3.57516326613343e-88,2.03401046910914,1,0.33,1.3085455070375e-83,"5","SRGN"
1.54599312664431e-87,2.79336307501498,0.715,0.151,5.65848944283083e-83,"5","RAB31"
1.25820628277187e-86,1.82959467013452,0.737,0.125,4.60516081557332e-82,"5","GPSM3"
6.15432292829062e-86,2.51023202688888,0.955,0.529,2.25254373498365e-81,"5","CTSZ"
1.03844136265887e-84,2.26653011751687,0.709,0.135,3.80079923146771e-80,"5","ZNF267"
3.1908568834232e-84,2.78826515315691,0.749,0.182,1.16788552790173e-79,"5","CCDC88A"
4.65406915021661e-84,4.5367055749029,0.257,0.01,1.70343584967078e-79,"5","PKP2"
6.86229524587531e-84,3.09431505625572,0.899,0.368,2.51166868294282e-79,"5","PLAUR"
1.85390742021017e-83,4.56163815203087,0.268,0.012,6.78548654871123e-79,"5","OSCAR"
6.83467899420732e-83,2.7914219217738,0.324,0.021,2.50156085866982e-78,"5","CD93"
1.21676132104893e-82,4.9171168496382,0.274,0.013,4.4534681111712e-78,"5","NPL"
1.57343223831877e-82,1.85075052741526,0.754,0.149,5.75891933547052e-78,"5","UCP2"
5.43516507549785e-82,2.75259731693014,0.285,0.014,1.98932476928297e-77,"5","MCTP1"
1.49148152280379e-81,2.29928892263219,0.397,0.034,5.45897152161416e-77,"5","AOAH"
3.50894405586158e-80,3.33713024105855,0.385,0.036,1.2843086138859e-75,"5","CALHM6"
6.3619992059504e-80,2.78755299316733,0.43,0.047,2.32855532936991e-75,"5","SLC43A2"
1.17159943098043e-79,1.67459175572217,0.48,0.056,4.28817107733145e-75,"5","SLC16A3"
1.6887120616903e-79,2.28238246173277,0.324,0.022,6.18085501699268e-75,"5","ADAP1"
8.29582418883285e-79,2.89338024685408,0.57,0.094,3.03635461135471e-74,"5","ZNF385A"
1.14411343316927e-78,4.00237425646651,0.531,0.084,4.18756957674285e-74,"5","CD14"
1.36216137986327e-78,2.96307673062782,0.86,0.304,4.98564686643757e-74,"5","CD68"
2.90315204929438e-77,2.97550088171318,0.609,0.116,1.06258268156224e-72,"5","ACSL1"
1.14645014286192e-76,2.31302142008185,0.413,0.042,4.19612216788893e-72,"5","ARHGAP30"
1.83631735153756e-76,3.31124505151737,0.346,0.029,6.72110513836263e-72,"5","SLC7A7"
4.58035894833567e-76,2.76721092231641,0.268,0.014,1.67645717868034e-71,"5","STAB1"
3.99918664161124e-75,3.10751061667014,0.397,0.042,1.46374230269613e-70,"5","CCR7"
4.72997487844129e-75,3.41918628070525,0.302,0.02,1.7312181052583e-70,"5","IL4I1"
7.6382205628057e-75,2.33357240984208,0.581,0.103,2.79566510819252e-70,"5","FAM49A"
7.26372374156274e-74,2.63683400196798,0.441,0.053,2.65859552664938e-69,"5","AVPI1"
9.30546018973655e-74,2.97949617791382,0.335,0.028,3.40589148404547e-69,"5","VDR"
1.02618587945688e-73,2.74749920814217,0.816,0.247,3.75594293740013e-69,"5","ATP2B1-AS1"
2.01065425121187e-73,3.61404125999906,0.346,0.031,7.35919562486058e-69,"5","TTYH3"
2.3995996273416e-73,2.81730270077768,0.687,0.161,8.78277459603297e-69,"5","TNFSF13B"
3.05448297935964e-73,1.39650445561967,0.989,0.901,1.11797131527542e-68,"5","H3F3A"
1.1108804267273e-72,1.73207467328482,0.966,0.751,4.06593344986457e-68,"5","ARPC3"
2.26082589067721e-72,3.08013796920866,0.743,0.201,8.27484884246764e-68,"5","CXCL3"
1.96724633696636e-71,1.9247028946426,0.592,0.101,7.20031831793056e-67,"5","PDE4B"
3.29655159614077e-71,2.358237314074,0.48,0.065,1.20657084970348e-66,"5","IGFLR1"
5.23407180172721e-71,2.62542188181489,0.547,0.096,1.91572262015018e-66,"5","MXD1"
7.99652043757921e-71,1.99230868003354,0.866,0.293,2.92680644535837e-66,"5","RNASET2"
1.85779131206762e-70,1.75622287933668,0.989,0.716,6.79970198129868e-66,"5","CYBA"
4.22855476138214e-70,2.7043477981647,0.486,0.071,1.54769332821348e-65,"5","ATP1B1"
1.17533097302168e-69,1.39907448382591,0.715,0.151,4.30182889435664e-65,"5","RGS1"
1.46925625806749e-69,1.96864347451996,0.397,0.043,5.37762483015281e-65,"5","AC007384.1"
1.54606876307496e-69,3.84154127506139,0.313,0.026,5.65876627973066e-65,"5","RNASE1"
2.43128130754491e-69,2.14610245649127,0.978,0.427,8.89873271374511e-65,"5","SGK1"
5.2559510128485e-69,1.65242643062,0.52,0.077,1.92373063021268e-64,"5","IL10RA"
7.94081711816908e-69,2.40885559187154,0.922,0.483,2.90641847342106e-64,"5","COTL1"
1.36357447118438e-68,2.08719481491269,0.307,0.024,4.99081892198196e-64,"5","ITGAM"
1.901053345126e-68,2.11275536518986,0.553,0.095,6.95804534849568e-64,"5","SIPA1L1"
2.03369666797129e-68,1.9138387569733,0.944,0.486,7.44353317444173e-64,"5","ATP6V0B"
4.34929242333563e-68,2.50383226028275,0.67,0.155,1.59188451986507e-63,"5","EMILIN2"
4.51999648414698e-68,2.50174531678605,0.374,0.039,1.65436391316264e-63,"5","LPXN"
6.89451463690709e-68,3.83156259021599,0.374,0.043,2.52346130225436e-63,"5","BCAT1"
7.31222471095055e-68,1.98650331483181,0.994,0.806,2.67634736645501e-63,"5","SAT1"
2.80639133836035e-67,2.28707060078886,0.419,0.054,1.02716729375327e-62,"5","TRPS1"
3.05715540952652e-67,2.73110198652593,0.687,0.176,1.1189494514408e-62,"5","BID"
1.00418993860728e-66,2.61117574287369,0.285,0.021,3.67543559429651e-62,"5","NRGN"
1.65915831312473e-66,2.87394019765006,0.453,0.065,6.07268534186782e-62,"5","GCA"
3.79945133007828e-66,1.95547096993256,0.682,0.152,1.39063718132195e-61,"5","TNFRSF1B"
5.36872459956329e-66,1.80524911055517,0.447,0.059,1.96500689068616e-61,"5","KCNAB2"
6.0011995329551e-66,3.04130598745164,0.352,0.037,2.1964990410569e-61,"5","CHML"
1.75382701363639e-65,2.55401947308689,0.302,0.025,6.41918225261054e-61,"5","DAPP1"
2.44565322799248e-65,1.86476932302703,0.737,0.178,8.95133537977528e-61,"5","CD52"
4.13863775124767e-65,1.49484589004935,0.855,0.235,1.51478280333416e-60,"5","EZR"
4.17975652845383e-65,3.86135191664819,0.257,0.017,1.52983268697938e-60,"5","HRH2"
4.83337921361127e-65,2.25307644915627,0.291,0.023,1.76906512597386e-60,"5","RHBDF2"
5.53581218861577e-65,2.84733515537134,0.274,0.02,2.02616261915526e-60,"5","ENTPD1"
5.6641412578773e-65,2.82533702823439,0.682,0.179,2.07313234179567e-60,"5","PPIF"
1.02129011502142e-64,2.81667468891346,0.458,0.07,3.73802394998988e-60,"5","FGD4"
1.28374999514347e-64,2.20170537815523,0.682,0.175,4.69865335722463e-60,"5","RIPK2"
2.92629974653402e-64,3.1436191727793,0.441,0.066,1.07105497022892e-59,"5","ALCAM"
1.75174229636827e-63,1.61895482244472,0.419,0.053,6.41155197893752e-59,"5","ARHGAP45"
5.97009848321966e-63,2.602746259479,0.291,0.024,2.18511574584323e-58,"5","GPR132"
1.17306977176673e-62,2.86683200647412,0.441,0.069,4.29355267164341e-58,"5","MPP1"
1.5042677159521e-62,2.75722764968628,0.346,0.038,5.50577026715629e-58,"5","CCL3L1"
4.45276311482483e-62,2.1483597405611,0.291,0.024,1.62975582765704e-57,"5","LAIR1"
7.82653719835642e-61,1.0598230520805,0.994,0.889,2.86459087997043e-56,"5","OAZ1"
1.10495691154596e-60,2.07295730960449,1,0.954,4.04425279194938e-56,"5","FTL"
1.3583261340252e-60,2.02014682943518,0.844,0.359,4.97160948314562e-56,"5","H2AFY"
1.45255624487302e-60,2.76801944710687,0.877,0.392,5.31650111185974e-56,"5","CTSB"
1.79319691717032e-60,2.51217237907127,0.447,0.069,6.56328003653511e-56,"5","EDEM1"
1.91372202372086e-60,2.71851514029665,0.615,0.144,7.00441397902071e-56,"5","MFSD1"
3.67623900336109e-60,1.85452154241171,0.385,0.049,1.34554023762019e-55,"5","AC025164.1"
1.87491739114827e-59,4.08043413035232,0.251,0.019,6.86238514334179e-55,"5","TNFRSF21"
5.13717124170131e-59,1.80475520747377,0.799,0.256,1.8802560461751e-54,"5","GRB2"
6.1600702256687e-59,1.63720862668805,0.933,0.595,2.254647303297e-54,"5","ARPC1B"
7.20441728695104e-59,2.0346438516188,0.894,0.416,2.63688877119695e-54,"5","ATP2B1"
7.24694039358049e-59,1.81622085593432,0.709,0.192,2.65245265345439e-54,"5","VASP"
1.02822454530107e-58,2.1058372254671,0.704,0.206,3.76340465825643e-54,"5","NINJ1"
1.03270372135778e-58,1.68118336275675,0.397,0.052,3.7797988905416e-54,"5","MYO1F"
1.96170605340408e-58,1.8987126663386,0.81,0.292,7.18004032606428e-54,"5","RGS10"
2.49097304542284e-58,1.79746343313813,0.922,0.438,9.11721044355214e-54,"5","ZEB2"
2.72217316201233e-58,2.11769693949774,0.754,0.233,9.96342599028132e-54,"5","AREG"
2.83784090449524e-58,2.63527830478352,0.469,0.085,1.0386781494543e-53,"5","NRP2"
3.95374882135289e-58,2.09246569304742,0.33,0.035,1.44711160610337e-53,"5","DOCK2"
7.26117338936626e-58,1.87105818961632,0.86,0.379,2.65766207224195e-53,"5","RNF130"
7.5581737413825e-58,1.96860145341933,0.441,0.068,2.76636717108341e-53,"5","RGS19"
1.29390415455019e-57,3.06073343791368,0.268,0.023,4.73581859606914e-53,"5","LYL1"
3.19815725160005e-57,1.87473275209293,0.631,0.141,1.17055753565814e-52,"5","PMAIP1"
3.92476863664244e-57,2.13613320030839,0.564,0.126,1.4365045686975e-52,"5","MAP2K1"
7.91945829881894e-57,2.29437282415946,0.346,0.041,2.89860093195072e-52,"5","ST8SIA4"
1.07888040546957e-56,2.41355329845141,0.43,0.069,3.94881017205919e-52,"5","SLC6A6"
4.43239488506913e-56,3.31494873733907,0.279,0.027,1.62230085188415e-51,"5","HLX"
8.40724093982308e-56,1.81827982707381,0.307,0.032,3.07713425638464e-51,"5","LAT2"
1.13912571062864e-55,2.12117666585605,0.38,0.054,4.16931401347187e-51,"5","THBD"
1.21368169536371e-55,1.45684741019385,0.626,0.132,4.44219637320072e-51,"5","IQGAP2"
3.94839606165416e-55,2.43930296812798,0.592,0.144,1.44515244252604e-50,"5","TNFAIP8"
3.98550183873885e-55,2.82101578441426,0.391,0.059,1.45873352799681e-50,"5","SNX8"
4.05895517964439e-55,1.7733336245904,0.86,0.355,1.48561818530164e-50,"5","CMTM6"
4.35912395477611e-55,1.61927041834441,0.693,0.194,1.5954829586876e-50,"5","GNA13"
7.17709798895914e-55,1.45229199782281,0.916,0.427,2.62688963493893e-50,"5","EFHD2"
9.33728456682184e-55,1.74275538827059,0.899,0.467,3.41753952430246e-50,"5","GRN"
9.63186119916063e-55,1.5336815242132,0.832,0.296,3.52535751750478e-50,"5","GRASP"
9.19920222513604e-54,3.18745238212077,0.251,0.022,3.36700000642204e-49,"5","OSM"
9.99696909731277e-54,1.4318354256683,0.726,0.196,3.65899065930745e-49,"5","SMAP2"
1.16770708879683e-53,1.65179564660477,0.385,0.054,4.27392471570529e-49,"5","ADAM8"
2.49233803573379e-53,1.84832007604183,0.698,0.229,9.12220644458924e-49,"5","PPT1"
2.79386987252735e-53,3.05158059883544,0.263,0.024,1.02258431204373e-48,"5","CD84"
2.86550422145736e-53,1.88255506447309,0.492,0.091,1.04880320009561e-48,"5","NEDD9"
4.4979523124612e-53,3.28034031019684,0.581,0.158,1.64629552588392e-48,"5","G0S2"
4.63594864259139e-53,2.00369772188978,0.743,0.258,1.69680356267487e-48,"5","PYCARD"
7.91636483384473e-53,2.23855647190401,0.709,0.229,2.89746869283551e-48,"5","SLC31A2"
9.57963551529386e-53,1.70374500808375,0.385,0.055,3.5062423949527e-48,"5","PREX1"
1.54303025764865e-52,2.58592160370379,0.274,0.027,5.64764504601983e-48,"5","CYTH4"
1.95114483612496e-52,1.96112849925124,0.592,0.149,7.14138521470096e-48,"5","TPP1"
2.15838640300456e-52,1.80241937162987,0.788,0.29,7.89991007363699e-48,"5","UPP1"
2.32840099418297e-52,1.76999679521229,0.838,0.355,8.5221804788091e-48,"5","REL"
5.9605318807268e-52,1.41529239304918,1,0.91,2.18161427366482e-47,"5","NEAT1"
6.0192333413779e-52,1.67234302862631,0.408,0.064,2.20309959527773e-47,"5","TNF"
6.55414939135392e-52,2.50169056654884,0.413,0.069,2.39888421872945e-47,"5","CASP1"
2.00146646336479e-51,1.37093469394717,0.654,0.162,7.32556740256146e-47,"5","FMNL1"
2.38309252291913e-51,2.89991006990806,0.397,0.066,8.72235694313631e-47,"5","SRGAP2"
2.55706284841181e-51,2.83985344832139,0.492,0.109,9.35910573147208e-47,"5","TFRC"
2.6871247386596e-51,2.07952091174172,0.419,0.069,9.835145255968e-47,"5","CARD16"
3.55568279919479e-51,1.46182606345491,0.978,0.629,1.30141546133329e-46,"5","FCGRT"
1.72681792227823e-50,0.778870097242502,0.821,0.215,6.32032627733056e-46,"5","PTPRC"
2.97492239133281e-50,1.30602236623161,0.637,0.147,1.08885134445172e-45,"5","CORO1A"
4.22900673818631e-50,1.06375577026434,0.43,0.072,1.54785875624357e-45,"5","IRF8"
4.29576642448978e-50,2.11818635587829,0.391,0.063,1.5722934690275e-45,"5","CYB5R4"
6.28513401665595e-50,1.69366696679953,0.397,0.063,2.30042190143624e-45,"5","FRMD4B"
6.98707512113203e-50,1.26648726263213,0.978,0.74,2.55733936508553e-45,"5","PABPC1"
9.48956139882391e-50,1.16751878308678,0.966,0.741,3.47327436758354e-45,"5","RNASEK"
9.56364924391259e-50,0.848309453829446,1,0.956,3.50039125976445e-45,"5","MT-CO1"
1.18513581387179e-49,2.17763561363867,0.48,0.1,4.33771559235213e-45,"5","LTA4H"
1.31139769264434e-49,1.69426118775262,0.458,0.084,4.79984669484756e-45,"5","CHST11"
1.83831163337054e-49,1.70786756311958,0.682,0.207,6.72840440929953e-45,"5","CNPY3"
6.63137618321032e-49,1.46830523053765,0.385,0.059,2.42714999681681e-44,"5","ARHGAP4"
1.97972778431432e-48,1.84149099488644,0.754,0.275,7.24600166336882e-44,"5","ATP6V0D1"
4.40221790456844e-48,2.03557350011742,0.492,0.107,1.6112557752511e-43,"5","UNC93B1"
5.81925944562146e-48,0.967284536722406,0.994,0.826,2.12990714969191e-43,"5","ATP5F1E"
8.49303732459472e-48,1.73228846905792,0.95,0.693,3.10853659117491e-43,"5","DBI"
1.74316361010842e-47,2.36865939287266,0.302,0.038,6.38015312935783e-43,"5","NRIP3"
1.88126532556618e-47,1.53840606442842,0.788,0.294,6.88561921810478e-43,"5","MAP2K3"
2.06542501673531e-47,2.29069627015976,0.352,0.054,7.55966210375289e-43,"5","MAPKAPK3"
2.68335628769424e-47,1.35280469754248,0.95,0.627,9.8213523485897e-43,"5","GNAI2"
3.67272837893751e-47,1.697358572411,0.581,0.149,1.34425531397492e-42,"5","AC016831.1"
8.8520206809153e-47,1.34292619651808,0.939,0.63,3.23992808942181e-42,"5","GNG5"
1.47446616277061e-46,1.78243807138542,0.291,0.035,5.39669360235672e-42,"5","PIK3R5"
1.51023401257322e-46,1.91262215486244,0.486,0.105,5.52760750941923e-42,"5","TES"
2.92007892528104e-46,1.49147578987629,0.905,0.562,1.06877808744211e-41,"5","ARPC5"
3.15611970367778e-46,3.57281188143475,0.704,0.274,1.15517137274311e-41,"5","FABP5"
3.87746269108065e-46,1.32024184029908,0.369,0.057,1.41919011956243e-41,"5","GPRIN3"
4.44100748510395e-46,1.11679916610364,0.972,0.824,1.6254531496229e-41,"5","PFN1"
4.60463437447105e-46,1.12294899103054,0.302,0.039,1.68534222740015e-41,"5","PTK2B"
1.0322179029461e-45,1.89560917349815,0.642,0.201,3.77802074657302e-41,"5","RAP2B"
1.10777316041534e-45,2.73939620968829,0.324,0.048,4.0545605444362e-41,"5","LPCAT2"
1.30351018873857e-45,0.877702251755405,0.721,0.187,4.77097764180205e-41,"5","CD37"
1.36760603469458e-45,1.77401240734465,0.927,0.604,5.00557484758562e-41,"5","NPC2"
2.42522359517999e-45,2.16240027449116,0.804,0.351,8.87656088071826e-41,"5","MAFB"
3.91132138366978e-45,1.85731842589701,0.676,0.222,1.43158273963698e-40,"5","MAN2B1"
7.4453522546774e-45,1.81270807249552,0.358,0.057,2.72507337873447e-40,"5","RIN3"
8.93395003900924e-45,1.14347654615154,1,0.95,3.26991505377777e-40,"5","ACTB"
2.67218040610974e-44,1.51011299845836,0.888,0.505,9.78044750440225e-40,"5","AP2S1"
8.80775642985334e-44,1.39307967325333,0.782,0.318,3.22372693089062e-39,"5","CHMP1B"
1.10893410041672e-43,0.893016292415362,0.989,0.874,4.05880970093522e-39,"5","YBX1"
1.23156031636159e-43,2.33666537674991,0.385,0.072,4.50763391391507e-39,"5","SHTN1"
1.48230648844943e-43,2.45841133889357,0.391,0.074,5.42538997837374e-39,"5","CPEB4"
1.55432655918767e-43,2.47511143447062,0.341,0.056,5.68899063928278e-39,"5","C9orf72"
2.18073940571295e-43,1.96993499778602,0.391,0.072,7.98172429884997e-39,"5","C4orf48"
2.49931491840077e-43,1.90082984003082,0.682,0.245,9.14774253283867e-39,"5","INSIG1"
3.44867303166238e-43,2.12003041907478,0.508,0.131,1.26224881631875e-38,"5","IL6R"
5.73259218144293e-43,2.19985883221442,0.453,0.102,2.09818606432993e-38,"5","NUP214"
7.50367214564549e-43,1.27851375608953,0.944,0.625,2.74641904202771e-38,"5","TPM3"
8.53675292346945e-43,1.58097713052298,0.313,0.046,3.12453693751905e-38,"5","MAP3K11"
1.12996831415324e-42,1.25264428583124,0.933,0.542,4.13579702663226e-38,"5","TYMP"
1.19151844448222e-42,2.08945512746814,0.413,0.085,4.36107665864939e-38,"5","MBOAT7"
2.68158081332478e-42,1.41967619050818,0.391,0.069,9.81485393485002e-38,"5","EVI2A"
2.93589941140568e-42,2.15655018282584,0.352,0.06,1.07456854356859e-37,"5","PAK1"
3.14636512221216e-42,1.56939096885919,0.777,0.312,1.15160109838087e-37,"5","PLSCR1"
3.79886315375532e-42,2.07081268032274,0.374,0.068,1.39042190290598e-37,"5","RASSF2"
3.98477847852741e-42,2.06934288636936,0.436,0.093,1.45846877092582e-37,"5","NFKBIE"
4.3562061355601e-42,1.73545510321147,0.547,0.153,1.59441500767635e-37,"5","IRAK3"
5.12314191511037e-42,1.94950186477866,0.508,0.129,1.87512117234955e-37,"5","SERPINB9"
6.08869376056197e-42,1.46427504077543,0.749,0.291,2.22852280330329e-37,"5","PTPN1"
7.87829073494209e-42,1.23157765713158,0.397,0.074,2.88353319189615e-37,"5","SATB1"
1.05840103791207e-41,1.73159599906848,0.447,0.096,3.87385363886196e-37,"5","SHKBP1"
1.07560069899329e-41,1.7546526383239,0.525,0.136,3.93680611838535e-37,"5","PLEKHB2"
1.58172878841077e-41,1.90261822320477,0.363,0.067,5.78928553846226e-37,"5","SNN"
1.99548029907235e-41,1.12476334024727,0.469,0.097,7.3036574426347e-37,"5","FYB1"
3.54028590002405e-41,1.51529143489665,0.944,0.68,1.2957800422678e-36,"5","NAMPT"
5.73228271241507e-41,1.47732134961961,0.994,0.762,2.09807279557104e-36,"5","CST3"
6.12564347023847e-41,1.92651653946809,0.352,0.063,2.24204676654198e-36,"5","MIR155HG"
1.10601453364663e-40,1.54779586816349,0.642,0.218,4.04812379460002e-36,"5","PNP"
1.58529976333525e-40,0.951718863397217,0.609,0.157,5.80235566378335e-36,"5","CYTIP"
2.06034288523686e-40,2.30114604021262,0.547,0.164,7.54106099425544e-36,"5","FNIP2"
5.04042717263015e-40,2.567300161806,0.307,0.049,1.84484674945436e-35,"5","AP1B1"
5.20097433464044e-40,2.57808617823753,0.469,0.12,1.90360861622175e-35,"5","MFSD12"
5.32929584828909e-40,1.04550795019714,0.575,0.158,1.95057557343229e-35,"5","NR4A3"
6.77116524019367e-40,0.943250554588324,0.894,0.368,2.47831418956328e-35,"5","ARHGDIB"
7.43775882022531e-40,1.52227595121793,0.743,0.274,2.72229410579067e-35,"5","CHCHD10"
7.74302598164873e-40,2.54204118546893,0.318,0.054,2.83402493954325e-35,"5","AMPD2"
1.67844130501311e-39,1.27480976437044,0.469,0.112,6.14326302047849e-35,"5","RAPGEF1"
2.77192958747454e-39,2.40061554492123,0.346,0.064,1.01455394831156e-34,"5","MANBA"
3.47203731252899e-39,0.725523026993882,0.994,0.896,1.27080037675874e-34,"5","PFDN5"
5.73397997718857e-39,2.05921793282756,0.43,0.1,2.09869401145079e-34,"5","ETV6"
6.23297714123206e-39,1.7913120831509,0.464,0.115,2.28133196346234e-34,"5","RASSF4"
7.07057514632681e-39,1.75865887626782,0.698,0.259,2.58790120930708e-34,"5","ATP13A3"
8.01813043722031e-39,0.931523351881017,0.704,0.217,2.93471592132701e-34,"5","DUSP2"
9.52718861178867e-39,1.78690443240364,0.726,0.334,3.48704630380077e-34,"5","NFKB1"
9.61285469668181e-39,1.11918576881006,0.955,0.677,3.51840094753251e-34,"5","ATP6V0C"
1.53470024361039e-38,1.02963594737889,0.989,0.819,5.61715636163841e-34,"5","CLIC1"
2.4295158210284e-38,1.91776050617273,0.603,0.197,8.89227085654604e-34,"5","ACSL3"
4.6081974564077e-38,0.871978494904196,0.43,0.09,1.68664635101978e-33,"5","NFKBID"
5.02850449260246e-38,3.84010859759351,0.285,0.046,1.84048292933743e-33,"5","AZIN1-AS1"
5.86719644404386e-38,2.31098260668424,0.291,0.045,2.14745257048449e-33,"5","LRRC8C"
1.49297940990047e-37,1.9859093856551,0.363,0.073,5.46445393817671e-33,"5","MYD88"
1.80492273369098e-37,2.20189503922034,0.385,0.084,6.60619769758234e-33,"5","HEIH"
2.01943568213096e-37,0.699462336790026,0.57,0.154,7.39133654016754e-33,"5","BIRC3"
2.30269699345533e-37,1.75350646394006,0.274,0.04,8.42810126574584e-33,"5","DGKA"
2.58022902634506e-37,1.64158854513179,0.525,0.149,9.44389625932554e-33,"5","MYO9B"
2.63778666968898e-37,1.81779198388293,0.408,0.091,9.65456298972865e-33,"5","ETV3"
4.09299901084926e-37,1.69842098625216,0.631,0.22,1.49807856796094e-32,"5","DUSP5"
4.24453175661211e-37,1.51147473824591,0.866,0.418,1.5535410682376e-32,"5","RGS2"
4.25597695112132e-37,2.14429229661808,0.346,0.066,1.55773012387992e-32,"5","SH3BP2"
4.70098120210805e-37,1.41825612815095,0.603,0.183,1.72060612978357e-32,"5","CTSC"
6.84752928736457e-37,1.7233745652785,0.38,0.081,2.50626419446831e-32,"5","FES"
9.38741991751206e-37,1.01373518297631,0.966,0.779,3.43588956400859e-32,"5","EMP3"
1.50059407660886e-36,1.3702386677053,0.883,0.554,5.49232437979608e-32,"5","ATP6V1F"
1.7937506927559e-36,2.12986493586229,0.536,0.17,6.56530691055585e-32,"5","ZFYVE16"
1.802225757975e-36,1.27848251925356,0.458,0.112,6.59632649676431e-32,"5","STMN1"
2.41896910832931e-36,1.25734957665859,0.883,0.415,8.85366883339609e-32,"5","IER3"
2.91552082165995e-36,1.20837250790974,0.922,0.62,1.06710977593576e-31,"5","LRRFIP1"
2.98508269670541e-36,2.55543212689843,0.263,0.039,1.09257011782115e-31,"5","VIM-AS1"
5.95596258397365e-36,2.72127980653214,0.564,0.182,2.17994186536019e-31,"5","HMOX1"
6.20826776630659e-36,2.34421275157926,0.263,0.04,2.27228808514587e-31,"5","AC092803.1"
7.18604413263078e-36,1.43819588040255,0.587,0.19,2.63016401298419e-31,"5","HMGA1"
8.00278709712673e-36,2.20588230429738,0.285,0.047,2.92910010541936e-31,"5","LTC4S"
9.50281032864176e-36,1.33548823230188,0.637,0.219,3.47812360838617e-31,"5","TGIF1"
9.94468478708467e-36,1.99969616081088,0.391,0.087,3.63985407892086e-31,"5","SPTLC2"
1.09782583307435e-35,1.56135944895343,0.732,0.307,4.01815233163543e-31,"5","RHOG"
1.10819898780895e-35,2.04074246804884,0.251,0.036,4.05611911527954e-31,"5","TRAF1"
1.51493260402054e-35,1.41782455835805,0.832,0.441,5.54480482397559e-31,"5","MAP3K8"
2.3484790017464e-35,2.05155410710796,0.369,0.078,8.59566799429199e-31,"5","NAGA"
2.54612207812826e-35,1.03445837295254,0.961,0.772,9.31906141815723e-31,"5","ARPC2"
3.30291514495947e-35,1.4123790564242,0.749,0.332,1.20889997220662e-30,"5","AKIRIN2"
8.85175148941206e-35,0.47238583963864,0.453,0.1,3.23982956263971e-30,"5","IKZF1"
9.07968071869715e-35,1.51935016761329,0.547,0.168,3.32325393985034e-30,"5","CSGALNACT2"
9.09899627087871e-35,1.29315561605945,0.771,0.358,3.33032362510432e-30,"5","SYAP1"
1.28521360915523e-34,1.7533018129234,0.291,0.051,4.70401033086905e-30,"5","BMP2K"
1.48653060356899e-34,1.58050046840063,0.615,0.21,5.44085066212287e-30,"5","GPCPD1"
1.83983046826812e-34,2.06864026349842,0.464,0.132,6.73396349690813e-30,"5","TRMT6"
1.93740093327837e-34,1.20372937240861,0.838,0.447,7.09108115589214e-30,"5","ACTR2"
2.82638355194098e-34,1.13761213135563,0.877,0.513,1.03448464384592e-29,"5","ANKRD28"
2.99205995542609e-34,2.02089090526785,0.458,0.124,1.0951238642855e-29,"5","GNA12"
3.27308750775693e-34,2.02076240784058,0.458,0.126,1.19798275871411e-29,"5","PARVB"
3.41269723525235e-34,1.68260083323325,0.447,0.119,1.24908131507471e-29,"5","MEF2C"
4.70885659750898e-34,1.34169847031252,0.821,0.443,1.72348860325426e-29,"5","LITAF"
4.82400035496816e-34,1.13985384677471,0.916,0.555,1.7656323699219e-29,"5","GLUL"
5.01732855445311e-34,0.669413760518602,0.559,0.15,1.83639242421538e-29,"5","LIMD2"
6.0252937325958e-34,1.51369558164303,0.665,0.252,2.20531775906739e-29,"5","LACTB"
6.06121898898292e-34,0.884743534273137,0.793,0.33,2.21846676215764e-29,"5","NR4A2"
8.41810266855344e-34,1.17301230196285,0.905,0.601,3.08110975771725e-29,"5","SERP1"
1.26208297758864e-33,1.31191599125931,0.397,0.088,4.61934990627217e-29,"5","DUSP4"
1.31861639217623e-33,1.08884316058451,0.816,0.399,4.82626785700421e-29,"5","PPP1CB"
1.35502872647924e-33,1.15186935666742,0.67,0.253,4.95954064178667e-29,"5","VEGFA"
1.45462177362526e-33,1.38350046456339,0.821,0.38,5.32406115364583e-29,"5","ARL4A"
1.63853091094872e-33,1.57471163353987,0.575,0.194,5.99718698716342e-29,"5","RNF145"
1.93462479062563e-33,1.14078856745888,0.749,0.302,7.08092019616887e-29,"5","PRR13"
2.74082227170747e-33,1.39174339168859,0.832,0.416,1.00316835966765e-28,"5","CD55"
3.06888826252767e-33,0.393330139868515,0.821,0.336,1.12324379296775e-28,"5","CREM"
3.27100179582871e-33,1.09594924680982,0.804,0.361,1.19721936729127e-28,"5","ADGRE5"
3.55117937503098e-33,1.23078325648226,0.492,0.132,1.29976716305509e-28,"5","SEC11C"
4.11306669371235e-33,1.42864788907669,0.615,0.223,1.50542354056566e-28,"5","SCO2"
4.15168235637023e-33,1.31078640159935,0.827,0.42,1.51955725925507e-28,"5","KDM6B"
6.34478024563384e-33,1.61295841391769,0.62,0.232,2.32225301770444e-28,"5","IL13RA1"
7.75417690633565e-33,0.984022227569386,0.994,0.849,2.83810628948791e-28,"5","SH3BGRL3"
9.46893700027226e-33,1.15025152436729,0.475,0.131,3.46572563146965e-28,"5","MALT1"
1.18579484679788e-32,1.3631149274442,0.827,0.511,4.34012771876493e-28,"5","ATP1B3"
1.46743510157285e-32,1.49851296792521,0.827,0.456,5.3709592152668e-28,"5","TKT"
1.60156863219586e-32,2.53951890313039,0.397,0.104,5.86190135070006e-28,"5","PAPSS2"
1.62619677018803e-32,1.44846606479083,0.302,0.055,5.9520427985652e-28,"5","RHOF"
1.738583740171e-32,1.85953641607643,0.352,0.077,6.36339034739987e-28,"5","LMO2"
1.80463998851431e-32,0.856758159690809,0.715,0.256,6.60516282196123e-28,"5","ARL4C"
2.15189194718125e-32,1.44819125466625,0.849,0.492,7.87613971587809e-28,"5","GSTO1"
3.5360718317461e-32,1.31041741390821,0.754,0.342,1.29423765113739e-27,"5","PABPC4"
5.18146948570499e-32,1.76889920885073,0.631,0.242,1.89646964646288e-27,"5","EIF4E"
5.81614700994593e-32,1.54514005478165,0.369,0.085,2.12876796711031e-27,"5","AC253572.2"
6.33517566135977e-32,1.8586235985989,0.413,0.107,2.31873764381429e-27,"5","HOTAIRM1"
6.88628357471357e-32,1.51519446214312,0.553,0.181,2.52044865118091e-27,"5","ZBTB43"
1.28350473966532e-31,1.57570894478841,0.911,0.667,4.69775569764905e-27,"5","CSTB"
1.41624540935814e-31,0.86712652102823,0.994,0.739,5.18359982279175e-27,"5","GABARAP"
1.89174034997899e-31,1.52435291959468,0.698,0.305,6.92395885495809e-27,"5","CKLF"
2.113978113042e-31,1.08380081439188,0.659,0.248,7.73737129154504e-27,"5","M6PR"
3.24772981085731e-31,1.53877309531144,0.771,0.437,1.18870158807188e-26,"5","SERPINB1"
3.84040039391633e-31,0.976663349662508,0.771,0.322,1.40562494817732e-26,"5","STK17B"
6.24153673932414e-31,0.766833021739824,0.369,0.08,2.28446486196003e-26,"5","EMB"
7.79428428750513e-31,1.0501338512995,0.62,0.225,2.85278599206975e-26,"5","PTPN2"
1.68923766062947e-30,1.61266131428709,0.609,0.24,6.18277876166992e-26,"5","ARL8B"
1.87967080158052e-30,1.88382834007799,0.48,0.149,6.87978310086488e-26,"5","EIF4EBP1"
2.47850440721063e-30,1.8777582505959,0.475,0.148,9.07157398083163e-26,"5","MPHOSPH6"
3.43073110726473e-30,1.34202541338242,0.57,0.205,1.25568189256996e-25,"5","LY96"
5.21012917049556e-30,1.01814320684874,0.933,0.62,1.90695937769308e-25,"5","AKAP13"
6.3506344061015e-30,1.57778727264603,0.48,0.148,2.32439569897721e-25,"5","CD58"
6.84077367994207e-30,1.45186870742857,0.285,0.055,2.5037915745956e-25,"5","HSPA6"
8.52420870649231e-30,2.25740042697585,0.363,0.09,3.11994562866325e-25,"5","WARS"
1.04932904643718e-29,1.07427077902115,0.324,0.067,3.84064924286473e-25,"5","CDC42EP3"
1.33476401711605e-29,2.19602340429717,0.279,0.054,4.88536977904644e-25,"5","SULF2"
1.37815102382541e-29,1.34919563851391,0.296,0.057,5.04417056230337e-25,"5","MYO1G"
1.39408176326937e-29,1.60418548303258,0.274,0.052,5.10247866174223e-25,"5","CHKA"
2.62562668347919e-29,2.40045373330373,0.296,0.062,9.61005622420218e-25,"5","TNFSF13"
3.78796867793084e-29,1.80659624455343,0.335,0.075,1.38643441580947e-24,"5","RB1"
3.97984615317874e-29,1.05052726157429,0.844,0.511,1.45666349052495e-24,"5","PIM3"
1.14793394113132e-28,1.39413528746869,0.453,0.138,4.20155301793473e-24,"5","CORO1C"
1.19861588060092e-28,1.46778008561171,0.453,0.134,4.38705398458744e-24,"5","PDE4A"
1.7035576594742e-28,0.506890649050006,1,0.957,6.23519138944152e-24,"5","MT-CO2"
1.96546892552243e-28,1.4928834850308,0.385,0.101,7.19381281430463e-24,"5","SERPINB8"
2.35145967305826e-28,0.744033278753347,0.983,0.91,8.60657754936052e-24,"5","GAPDH"
2.95578720366166e-28,1.20072492144517,0.911,0.582,1.08184767441221e-23,"5","RGCC"
3.33864180000362e-28,0.6926275721116,0.598,0.189,1.22197628521933e-23,"5","CD48"
3.9201944359586e-28,1.61813240749593,0.263,0.049,1.43483036550521e-23,"5","AC016831.7"
4.38932236147929e-28,1.89851570027607,0.307,0.069,1.60653587752504e-23,"5","SLC39A8"
4.76067893701487e-28,1.44120539532658,0.749,0.391,1.74245609773681e-23,"5","GLIPR2"
7.38477420472172e-28,1.84048863060963,0.369,0.095,2.7029012066702e-23,"5","OXSR1"
8.41844965446701e-28,1.11670965505903,0.542,0.183,3.08123675803147e-23,"5","AC016831.5"
9.24877349985106e-28,1.58373111141198,0.704,0.355,3.38514358868049e-23,"5","MGAT1"
1.03427735271227e-27,0.466051086262571,0.363,0.087,3.78555853866219e-23,"5","SLC7A5"
1.0584439988317e-27,1.58045620935208,0.313,0.07,3.87401088012391e-23,"5","BAIAP2"
1.18184159766125e-27,1.66577232867846,0.447,0.14,4.32565843159993e-23,"5","FUOM"
1.53770194781738e-27,1.18379438044977,0.626,0.255,5.62814289920638e-23,"5","ATP6AP1"
2.96782416117315e-27,1.84474576027383,0.302,0.066,1.08625332123099e-22,"5","RELT"
4.12506873625504e-27,2.10089886082611,0.346,0.089,1.50981640815671e-22,"5","THAP2"
5.24442528010244e-27,1.12761246453387,0.855,0.445,1.91951209677029e-22,"5","CXCL2"
6.01675886927234e-27,0.890946655388896,0.855,0.481,2.20219391374237e-22,"5","TNFAIP3"
6.11461618847186e-27,1.58226747736896,0.587,0.237,2.23801067114259e-22,"5","EIF2AK4"
6.32365671724163e-27,2.04449604730029,0.274,0.057,2.31452159507761e-22,"5","NIBAN2"
7.89330900277109e-27,1.51985021791323,0.302,0.068,2.88903002810425e-22,"5","CH25H"
9.31047393254938e-27,1.6205965112697,0.352,0.089,3.4077265640524e-22,"5","MAD1L1"
1.04552470476462e-26,1.67925398488475,0.318,0.074,3.82672497190897e-22,"5","NRARP"
1.07373972678657e-26,1.76703565301947,0.441,0.141,3.92999477401152e-22,"5","ATF5"
1.32934451319447e-26,1.06761359462847,0.302,0.065,4.86553385274309e-22,"5","DOCK8"
1.3363630333277e-26,1.04926374571394,0.933,0.699,4.89122233828273e-22,"5","TSPO"
1.34939073901313e-26,0.894255310557541,0.899,0.626,4.93890504386195e-22,"5","SLC25A5"
1.36242597751911e-26,1.42591802134311,0.503,0.175,4.9866153203177e-22,"5","PHLDA2"
2.10244016000941e-26,1.27642171411405,0.43,0.13,7.69514122965045e-22,"5","RIT1"
2.2273103639385e-26,1.77887336241519,0.369,0.098,8.15217866305132e-22,"5","CLN8"
2.9038605591433e-26,1.11196457317809,0.838,0.508,1.06284200325204e-21,"5","CAP1"
3.96117099402957e-26,0.944346491913019,0.313,0.07,1.44982819552476e-21,"5","DUSP10"
4.97170488401476e-26,2.40956867729849,0.263,0.054,1.81969370459824e-21,"5","GM2A"
5.22029693523888e-26,0.790617003276764,0.939,0.739,1.91068088126678e-21,"5","ATP5MC2"
6.96157878803662e-26,1.44228814507106,0.631,0.273,2.54800745220928e-21,"5","DDIT3"
7.03640071914549e-26,0.903914348304774,0.838,0.47,2.57539302721444e-21,"5","ELF1"
1.4142917766942e-25,0.652873210893779,0.966,0.869,5.17644933187843e-21,"5","COX4I1"
1.58504055226478e-25,0.969149306343203,0.385,0.103,5.80140692534433e-21,"5","RASSF5"
1.95556175836625e-25,1.16282550783419,0.413,0.12,7.15755159179633e-21,"5","CKS2"
2.28678333946659e-25,1.67184725355215,0.497,0.178,8.36985570078167e-21,"5","ARRDC3"
2.63326240265116e-25,1.80130230423467,0.536,0.211,9.63800371994349e-21,"5","DUSP6"
3.11672820644058e-25,0.504136254351507,1,0.868,1.14075369083932e-20,"5","HLA-B"
3.4791128755671e-25,1.87676779361912,0.307,0.074,1.27339010358631e-20,"5","CPPED1"
3.86705964741716e-25,1.43815874651937,0.352,0.092,1.41538250155115e-20,"5","PLEKHG2"
4.52448027417705e-25,0.618061096993392,1,0.976,1.65600502515154e-20,"5","TMSB4X"
5.43620266512612e-25,1.44256331197705,0.637,0.29,1.98970453746281e-20,"5","OGFRL1"
5.51105628563795e-25,0.921086717049916,0.436,0.132,2.01710171110635e-20,"5","MRPL23"
5.64192700521803e-25,1.5538483253131,0.263,0.055,2.06500170317985e-20,"5","NET1"
6.99687993823742e-25,1.06332569866227,0.587,0.229,2.56092802619428e-20,"5","AGO2"
9.11603465994427e-25,0.80781306179444,0.402,0.112,3.3365598458862e-20,"5","STK10"
1.08145727088571e-24,1.76813411480759,0.413,0.129,3.95824175716879e-20,"5","CEP170"
1.39707928706229e-24,1.30640553529865,0.38,0.107,5.1134498985767e-20,"5","CMTM7"
1.41544155030704e-24,2.10925681825272,0.279,0.065,5.18065761827878e-20,"5","TLR4"
2.43019628498924e-24,1.57195455433211,0.43,0.137,8.89476142268912e-20,"5","BCKDK"
2.54165074410437e-24,1.51096027588293,0.581,0.248,9.30269588849642e-20,"5","MAFG"
3.06585633198887e-24,1.66185696399841,0.341,0.095,1.12213407607125e-19,"5","ZSWIM6"
3.18368874589567e-24,1.68019849907122,0.38,0.112,1.16526191788527e-19,"5","CAB39"
3.32836481987032e-24,1.04048468667223,0.754,0.406,1.21821480772074e-19,"5","CFLAR"
3.76979897616726e-24,0.665444565702312,0.894,0.589,1.37978412326698e-19,"5","METRNL"
4.53042520539296e-24,1.6566122278057,0.257,0.054,1.65818092942588e-19,"5","ELMO1"
5.2396164853971e-24,1.39281975333537,0.598,0.257,1.91775202982019e-19,"5","CTNNB1"
5.54862502864628e-24,1.34000798880266,0.771,0.467,2.03085224673482e-19,"5","HSPA1B"
7.29350533702543e-24,0.9560225766145,0.782,0.464,2.66949588840468e-19,"5","HMGN1"
7.74428936019356e-24,0.910775641713997,0.52,0.187,2.83448734872445e-19,"5","ABRACL"
9.39627744560519e-24,1.47616654483525,0.715,0.382,3.43913150786596e-19,"5","ASAH1"
1.19109112227508e-23,0.908377494689813,0.626,0.264,4.35951261663903e-19,"5","LAP3"
2.69362648200803e-23,1.45123861499831,0.352,0.099,9.8589422867976e-19,"5","IQSEC1"
2.70807397474677e-23,1.65242151749967,0.274,0.063,9.91182155497066e-19,"5","AGPAT3"
2.90126458266251e-23,0.622887299028247,0.983,0.897,1.0618918499003e-18,"5","CFL1"
2.91490739091534e-23,1.59923081734519,0.374,0.114,1.06688525414892e-18,"5","SIRPA"
3.87478246265401e-23,1.10188145651636,0.659,0.305,1.41820912915599e-18,"5","PPP1CA"
4.69921106511298e-23,1.78145350383406,0.318,0.085,1.719958241942e-18,"5","DNMBP"
6.19398304913879e-23,1.74847933142037,0.302,0.078,2.26705973581529e-18,"5","TICAM1"
8.17820453836241e-23,1.57271099223838,0.816,0.582,2.99330464308602e-18,"5","HSPA1A"
9.73565111916306e-23,1.42864308941861,0.564,0.235,3.56334566612487e-18,"5","ELL2"
1.24299482873459e-22,1.09389421637746,0.346,0.097,4.54948537265146e-18,"5","EHBP1L1"
2.78729913550615e-22,1.41627955435821,0.648,0.309,1.0201793565866e-17,"5","AHR"
3.29738495609556e-22,1.33596270181506,0.341,0.097,1.20687586778053e-17,"5","ARHGEF2"
3.42062066110029e-22,0.836894789632517,0.905,0.597,1.25198136816932e-17,"5","SH3BGRL"
3.46378264051366e-22,1.41986782068237,0.419,0.136,1.2677790842544e-17,"5","PTPN18"
3.73821138767184e-22,1.21343084037952,0.592,0.261,1.36822275000177e-17,"5","PLEKHO1"
5.26573395412318e-22,0.850181338468303,0.397,0.119,1.92731128454863e-17,"5","RNF166"
6.55447715893716e-22,1.09108908542956,0.52,0.206,2.39900418494259e-17,"5","TCIRG1"
6.87109016526345e-22,1.5739091688822,0.492,0.202,2.51488771138808e-17,"5","PDXK"
7.75985454552509e-22,1.00870969509178,0.771,0.435,2.84018436220764e-17,"5","ACTR3"
9.31926596365498e-22,1.55941696019904,0.436,0.158,3.41094453535736e-17,"5","GLA"
1.01155655475136e-21,0.963306143237542,0.715,0.369,3.70239814604546e-17,"5","BHLHE40"
1.03171188976418e-21,0.627849496530184,0.43,0.132,3.77616868772589e-17,"5","ALOX5AP"
1.15473957816585e-21,2.11815863078412,0.291,0.077,4.22646233004481e-17,"5","AGAP3"
1.32051614049783e-21,0.882502944471514,0.67,0.323,4.8332211258361e-17,"5","BAX"
1.41297279963237e-21,1.57085812981159,0.268,0.065,5.17162174393444e-17,"5","HPCAL1"
1.48752563039905e-21,1.0178229905308,0.436,0.148,5.44449255982356e-17,"5","DENND4A"
1.82382073250292e-21,1.39064326467527,0.436,0.146,6.67536626303392e-17,"5","AGPAT4"
2.30740159098541e-21,0.714149866901215,0.916,0.594,8.44532056316569e-17,"5","AC020916.1"
2.40992028296916e-21,1.20112740404433,0.475,0.172,8.82054922769544e-17,"5","IRS2"
2.84435159569838e-21,1.97628264776311,0.263,0.064,1.04106112754156e-16,"5","PLXNB2"
2.84550718303879e-21,1.07183067076001,0.682,0.335,1.04148408406403e-16,"5","RHOQ"
2.90332432405911e-21,1.62646441953239,0.285,0.074,1.06264573584888e-16,"5","CYB5D1"
3.00609223447033e-21,0.309693280213059,0.385,0.109,1.10025981873849e-16,"5","TAGAP"
3.16299984113746e-21,1.31573006333997,0.453,0.161,1.15768957185472e-16,"5","TUBGCP2"
3.36753118467521e-21,1.87249855123982,0.251,0.059,1.23255008890297e-16,"5","TTC7A"
3.88650326890506e-21,0.959328587232735,0.777,0.495,1.42249906145194e-16,"5","COX5A"
4.0128445081024e-21,0.434802355083558,1,0.963,1.46874121841056e-16,"5","MT-CO3"
4.52212670374117e-21,0.525694261246986,0.257,0.057,1.6551435948363e-16,"5","PSTPIP1"
5.04743596997253e-21,0.311295488540169,1,0.968,1.84741203936965e-16,"5","B2M"
5.78150513832008e-21,1.01068109135689,0.358,0.107,2.11608869567653e-16,"5","ANAPC15"
5.80548565274072e-21,1.16347168801302,0.38,0.117,2.12486580375963e-16,"5","IDH2"
6.52136880815537e-21,0.763935889596305,0.816,0.462,2.38688619747295e-16,"5","ROCK1"
8.04153407670325e-21,1.27424651036942,0.469,0.175,2.94328188741416e-16,"5","PGP"
9.19179737292411e-21,0.998139805788213,0.38,0.119,3.36428975646395e-16,"5","FURIN"
1.38020608747536e-20,1.40465978671082,0.425,0.157,5.05169230076857e-16,"5","MIS18BP1"
1.48028729004028e-20,1.70759042342912,0.263,0.067,5.41799951027643e-16,"5","QPCT"
1.56269215967602e-20,1.35662852488651,0.425,0.149,5.71960957363022e-16,"5","PDCL3"
1.61864339903659e-20,1.03087043283111,0.425,0.144,5.92439670481381e-16,"5","GRK2"
1.67162126911477e-20,1.61282790456222,0.508,0.211,6.11830100708695e-16,"5","ATP6V1B2"
1.67432237064061e-20,0.942727957142845,0.642,0.299,6.12818730878169e-16,"5","TMEM123"
1.89102092961968e-20,1.414880239575,0.324,0.095,6.92132570450098e-16,"5","MOB3A"
1.91925892772347e-20,1.91441316592949,0.318,0.093,7.02467960136067e-16,"5","P2RX4"
2.07052351905212e-20,1.00520980383662,0.57,0.25,7.57832313208265e-16,"5","BACH1"
2.33446209418344e-20,1.39066971517426,0.307,0.085,8.54436471092079e-16,"5","RCC2"
2.70411530828651e-20,1.01736542128635,0.257,0.061,9.89733243985947e-16,"5","LRCH4"
3.3000496710829e-20,1.02844010399164,0.307,0.086,1.20785118011305e-15,"5","C1orf54"
3.96065031019165e-20,0.420102534762932,1,0.956,1.44963762003325e-15,"5","RPS24"
3.99902010562538e-20,1.07992846801432,0.793,0.487,1.46368134885995e-15,"5","SH3BP5"
4.16159062250644e-20,0.538322824092515,1,0.96,1.52318378374358e-15,"5","TMSB10"
4.36357860052698e-20,1.52323103181276,0.547,0.256,1.59711340357888e-15,"5","DSE"
4.47717973424105e-20,1.21583675450096,0.547,0.236,1.63869255452957e-15,"5","ATG3"
4.94106299825182e-20,0.725091586896692,0.883,0.627,1.80847846799015e-15,"5","COX8A"
7.12861359885978e-20,1.23222298892354,0.436,0.159,2.60914386331867e-15,"5","PRKAG2"
9.11695472339817e-20,1.31604896974042,0.268,0.067,3.33689659831096e-15,"5","DENND1B"
9.49284537346821e-20,0.504412972556224,1,0.843,3.4744763351431e-15,"5","BTG1"
1.90761598785167e-19,1.36269949018791,0.413,0.149,6.98206527713588e-15,"5","IRAK1"
2.0430307564142e-19,1.16599906830986,0.447,0.163,7.47769687155163e-15,"5","RARA"
2.11284591404666e-19,0.830467348723908,0.503,0.195,7.73322733000219e-15,"5","SEPTIN6"
2.43097779077211e-19,1.10540080672907,0.52,0.22,8.89762181200501e-15,"5","PICALM"
2.4719314972316e-19,1.24981210631956,0.793,0.516,9.04751647301739e-15,"5","BLVRB"
2.63428080435693e-19,0.822907330924466,0.832,0.49,9.6417311720268e-15,"5","IQGAP1"
2.65809054047122e-19,0.870959457398057,0.352,0.111,9.72887718717872e-15,"5","AMZ2"
3.67230939596498e-19,0.895592916986205,0.385,0.133,1.34410196201714e-14,"5","AC007952.4"
4.20010321976899e-19,0.532637123995266,0.609,0.252,1.53727977946765e-14,"5","STK4"
4.83850992857819e-19,1.14112508981042,0.425,0.152,1.77094301895891e-14,"5","C7orf50"
5.53297519452336e-19,0.878856922926517,0.838,0.562,2.0251242509475e-14,"5","PRELID1"
6.63117354181763e-19,1.31264047394796,0.257,0.066,2.42707582804067e-14,"5","BANP"
6.79860011028379e-19,2.71380738102601,0.33,0.113,2.48835562636497e-14,"5","THBS1"
6.91062887112729e-19,0.616696919462816,0.291,0.082,2.5293592731213e-14,"5","AC103591.3"
7.95023201699139e-19,0.865250592187357,0.508,0.208,2.90986442053902e-14,"5","TP53BP2"
9.22151766429603e-19,1.66689522452872,0.268,0.073,3.37516768030899e-14,"5","SLC12A9"
1.19957064914293e-18,1.84794709215256,0.268,0.074,4.39054853292804e-14,"5","TRAK1"
1.26761501825276e-18,0.371445721785431,0.983,0.931,4.63959772830694e-14,"5","UBA52"
1.27346061385241e-18,0.575638886681501,0.268,0.07,4.66099319276119e-14,"5","ITPRIP"
1.37839662761207e-18,0.749637883001173,0.436,0.153,5.04506949672294e-14,"5","THUMPD3-AS1"
1.47097544833844e-18,1.11124307488844,0.559,0.246,5.38391723846352e-14,"5","CREB5"
1.48383335012931e-18,0.555738926503779,0.894,0.578,5.43097844480829e-14,"5","FXYD5"
1.69558216614129e-18,0.352664799633111,0.888,0.56,6.20600028629374e-14,"5","ID2"
1.81153143107779e-18,0.768403298695522,0.966,0.83,6.6303861908878e-14,"5","PPP1R15A"
1.88278892905581e-18,1.18387971768825,0.419,0.157,6.89119575923715e-14,"5","VMA21"
2.29619463533603e-18,1.4930890590886,0.279,0.079,8.4043019847934e-14,"5","TCOF1"
2.50739203968925e-18,0.574425829805141,0.263,0.068,9.17730560446661e-14,"5","AC008105.3"
2.70561308682478e-18,1.51769462410594,0.296,0.086,9.90281445908738e-14,"5","AL133330.1"
2.78650123675252e-18,1.2343265551469,0.324,0.1,1.01988731766379e-13,"5","MTMR14"
3.03987098779792e-18,1.11052477324443,0.626,0.313,1.11262318024392e-13,"5","NANS"
3.24698122386576e-18,0.767571621988844,0.263,0.072,1.18842759774711e-13,"5","MT1G"
3.3525874343092e-18,0.817622796248582,0.922,0.671,1.22708052683151e-13,"5","BRI3"
3.93646686260244e-18,1.53331108793492,0.251,0.066,1.44078623638112e-13,"5","TPMT"
4.38738858925589e-18,1.20467173542552,0.553,0.254,1.60582809755355e-13,"5","UBE2D1"
4.46699307105733e-18,1.55149541554495,0.492,0.219,1.63496413393769e-13,"5","ARHGAP18"
5.17382853171344e-18,1.62316618720868,0.318,0.102,1.89367298089244e-13,"5","PTGS2"
5.49990882147209e-18,1.22021618998696,0.341,0.111,2.013021627747e-13,"5","PYM1"
5.75205643057189e-18,0.813423386521375,0.637,0.313,2.10531017415362e-13,"5","SELENOT"
6.19797614867608e-18,0.913141148343979,0.76,0.466,2.26852125017693e-13,"5","TALDO1"
7.07836555572098e-18,1.23918606765242,0.743,0.474,2.59075257704944e-13,"5","LIMS1"
7.85144800117247e-18,1.06186598377703,0.542,0.243,2.87370848290913e-13,"5","ACAA1"
9.58985243620555e-18,1.30112577798323,0.285,0.081,3.50998189017559e-13,"5","TBC1D1"
1.0204717052469e-17,1.45319756373617,0.397,0.149,3.73502848837417e-13,"5","PURB"
1.12596926923526e-17,1.29593347562052,0.486,0.21,4.12116012232797e-13,"5","AGFG1"
1.39671362701908e-17,1.1454814265347,0.425,0.163,5.11211154625252e-13,"5","C6orf62"
1.48868816540751e-17,0.64182087344263,0.475,0.183,5.44874755420804e-13,"5","RNPEPL1"
1.68664774916586e-17,0.530279129118424,0.693,0.358,6.17329942672196e-13,"5","TAPBP"
1.73868099850344e-17,1.10986491570727,0.525,0.233,6.36374632262245e-13,"5","IVNS1ABP"
1.73904290874717e-17,1.24503007850857,0.285,0.084,6.36507095030553e-13,"5","SMCO4"
1.77342832793949e-17,0.768088382263393,0.687,0.384,6.49092502309133e-13,"5","ARPC4"
1.82595726884792e-17,1.32066986269529,0.397,0.153,6.68318619971027e-13,"5","C20orf27"
1.8382532105046e-17,0.803471095611667,0.559,0.235,6.72819057576788e-13,"5","FNBP1"
1.83925880435761e-17,1.14968906068104,0.609,0.307,6.73187114982928e-13,"5","TWF2"
1.95298264129886e-17,0.935857646183029,0.726,0.444,7.14811176541795e-13,"5","SPAG9"
2.15541861804064e-17,1.33324680682392,0.609,0.317,7.88904768389053e-13,"5","HSPH1"
2.38214467021606e-17,0.954469834399802,0.469,0.187,8.71888770745779e-13,"5","PTBP3"
2.7411034254623e-17,0.598295598136144,0.743,0.401,1.00327126475346e-12,"5","DAZAP2"
3.29464345815036e-17,1.07229110315116,0.665,0.372,1.20587245211761e-12,"5","SNHG15"
3.29837745414853e-17,0.759222827969451,0.291,0.085,1.2072391319929e-12,"5","CMIP"
3.40033846029325e-17,1.37514760288945,0.402,0.145,1.24455787985193e-12,"5","SEMA4A"
3.71852420006618e-17,0.470988649417061,0.927,0.794,1.36101704246622e-12,"5","EIF3K"
4.18475406379235e-17,2.08267362296897,0.285,0.09,1.53166183488864e-12,"5","ABCA1"
4.95339404863299e-17,1.04555380326816,0.525,0.233,1.81299175574016e-12,"5","FNIP1"
5.75655846218468e-17,0.996350336766184,0.62,0.314,2.10695796274421e-12,"5","PEA15"
6.02449526570743e-17,0.831027192174466,0.67,0.346,2.20502551220158e-12,"5","PER1"
6.57793492570573e-17,0.941355442076269,0.492,0.213,2.40758996215755e-12,"5","DRAM2"
6.58766961374566e-17,0.555214140879386,0.754,0.433,2.41115295532705e-12,"5","MSN"
6.80735469219012e-17,0.747939483039783,0.86,0.603,2.49155989088851e-12,"5","HERPUD1"
8.60282868905781e-17,1.48534840322614,0.313,0.103,3.14872132848205e-12,"5","TUT7"
8.88298218596477e-17,0.684790090766665,0.737,0.418,3.25126030988497e-12,"5","RAP1A"
9.17088525377276e-17,0.960001383106568,0.782,0.511,3.35663571173337e-12,"5","TRAPPC5"
1.09814997213999e-16,0.644021427572716,0.961,0.82,4.01933871302958e-12,"5","TAGLN2"
1.13457523318106e-16,1.52127532933051,0.38,0.141,4.15265881096599e-12,"5","GAA"
1.42419384124628e-16,1.73140244745226,0.385,0.152,5.21269187834551e-12,"5","A2M"
1.44331631289215e-16,1.5321719352682,0.268,0.08,5.28268203681657e-12,"5","MCRIP2"
1.54327415465368e-16,0.470365752603004,0.402,0.145,5.64853773344795e-12,"5","CYTH1"
1.60809567335803e-16,0.419589805255656,0.933,0.746,5.88579097405771e-12,"5","UQCRB"
1.93233201270439e-16,1.2934808514351,0.402,0.157,7.07252839969932e-12,"5","C12orf45"
2.37834057528618e-16,1.06961611158232,0.637,0.349,8.70496433960493e-12,"5","ALDH2"
2.83767532114802e-16,0.420340537028241,0.966,0.88,1.03861754429339e-11,"5","EEF1B2"
3.67521488371137e-16,0.789336563222999,0.676,0.37,1.3451653995872e-11,"5","CD302"
3.95379458857383e-16,0.978579947501833,0.553,0.268,1.44712835736391e-11,"5","NUDT1"
4.27723847828004e-16,1.11541664409564,0.749,0.466,1.56551205543528e-11,"5","FGL2"
4.82525839526381e-16,0.729963076636361,0.525,0.238,1.76609282525051e-11,"5","NABP1"
5.09667418009044e-16,0.825787579314676,0.592,0.283,1.8654337166549e-11,"5","LSM4"
6.23840544298859e-16,0.968986561627984,0.358,0.129,2.28331877618825e-11,"5","IFNAR2"
6.58614487604001e-16,1.03755776437102,0.642,0.36,2.41059488607941e-11,"5","LAMTOR2"
7.19467932131291e-16,1.26401628929655,0.274,0.084,2.63332457839374e-11,"5","ORAI2"
7.26052693048522e-16,0.727411411888321,0.397,0.145,2.6574254618269e-11,"5","ITSN2"
1.02454186215597e-15,0.666832259481218,0.318,0.103,3.74992566967705e-11,"5","DEDD2"
1.03852976623423e-15,1.38858479074064,0.274,0.084,3.80112279739389e-11,"5","ARRDC1"
1.10034532345468e-15,1.25556774594368,0.425,0.182,4.02737391837649e-11,"5","KCTD12"
1.27521053507737e-15,1.3155324806073,0.324,0.114,4.66739807943669e-11,"5","DENND5A"
1.30064920169856e-15,0.807608283360869,0.654,0.322,4.76050614313691e-11,"5","SPCS3"
1.42422915561166e-15,1.19186242321281,0.447,0.199,5.21282113245425e-11,"5","GNAQ"
1.52222462674423e-15,1.0462287189579,0.57,0.281,5.57149435634657e-11,"5","DNAJC7"
1.64912072501239e-15,1.32388038867568,0.291,0.096,6.03594676561784e-11,"5","RAPH1"
1.6800754379902e-15,1.07321430991166,0.285,0.093,6.14924411058792e-11,"5","TRMT1"
1.68968800088378e-15,1.07390735040517,0.263,0.08,6.18442705203473e-11,"5","SYNJ2"
1.73727935788225e-15,1.03357101745451,0.358,0.131,6.35861617778484e-11,"5","ARHGAP26"
2.06340868878705e-15,0.473726400208268,0.978,0.865,7.55228214182947e-11,"5","PPIA"
2.10614730196999e-15,1.02357560117352,0.592,0.307,7.70870973994037e-11,"5","RNF149"
2.89931607662382e-15,1.13277295242065,0.615,0.348,1.06117867720509e-10,"5","RNF13"
2.96550501917968e-15,1.15048797822809,0.397,0.159,1.08540449206995e-10,"5","NUDT16"
3.04548504551167e-15,0.832410901548696,0.972,0.913,1.11467798150773e-10,"5","HSP90AA1"
3.59799108749742e-15,2.31154742611177,0.369,0.155,1.31690071793493e-10,"5","LIPA"
3.76600973101341e-15,1.04043552463743,0.335,0.119,1.37839722164822e-10,"5","TMEM107"
3.80054666312759e-15,1.74204732833072,0.492,0.254,1.39103808417133e-10,"5","MMP19"
4.14064903358836e-15,0.595634639521026,0.251,0.071,1.51551895278368e-10,"5","TMC6"
4.331000961353e-15,0.872990096049483,0.307,0.105,1.58518966186481e-10,"5","ADAM15"
4.37227434615361e-15,1.01203759715076,0.352,0.132,1.60029613343568e-10,"5","PSEN1"
4.39726262851515e-15,0.495035960316261,0.961,0.751,1.60944209466283e-10,"5","RAC1"
4.41921243287952e-15,0.831117772776049,0.587,0.303,1.61747594255823e-10,"5","WDR1"
4.48721885133627e-15,0.616423573403941,0.799,0.472,1.64236697177759e-10,"5","CANX"
4.9728380680359e-15,0.97329426810731,0.475,0.208,1.82010846128182e-10,"5","NDUFA7"
5.43160624893232e-15,0.606941048827578,0.911,0.716,1.98802220317172e-10,"5","UBE2D3"
5.55760343102687e-15,1.44713922863097,0.251,0.077,2.03413843179015e-10,"5","RP2"
5.56727171198752e-15,1.08375024997598,0.274,0.087,2.03767711930455e-10,"5","UNC119"
5.61562891697964e-15,1.0668007050203,0.38,0.152,2.05537633990372e-10,"5","EPB41L3"
5.7337718528673e-15,0.47138476376461,0.955,0.874,2.09861783586796e-10,"5","RPL4"
5.7875055880111e-15,0.779627598331132,0.274,0.084,2.11828492026794e-10,"5","PPP6R1"
7.52336423782244e-15,0.740753211696097,0.872,0.558,2.75362654468539e-10,"5","APLP2"
7.5481442061746e-15,0.420124425649962,0.536,0.24,2.76269626090196e-10,"5","FAM107B"
8.11686741556287e-15,0.720536921750298,0.827,0.573,2.97085464277017e-10,"5","PKM"
8.20245135476704e-15,0.704974651834477,0.469,0.202,3.00217922035828e-10,"5","UBE2F"
1.01225252663945e-14,0.565949744119353,0.346,0.122,3.70494547275304e-10,"5","BCL2"
1.01553360909611e-14,1.6166505572443,0.279,0.095,3.71695456265266e-10,"5","TRIM25"
1.02515349271246e-14,0.858849781017962,0.503,0.229,3.75216429867686e-10,"5","USF2"
1.17433615304846e-14,0.8659997624983,0.335,0.118,4.29818775377266e-10,"5","HTATIP2"
1.2273851980018e-14,0.588972225495805,0.832,0.553,4.49235256320637e-10,"5","TPM4"
1.3951079000436e-14,0.811355846551458,0.352,0.134,5.10623442494958e-10,"5","GGA1"
1.40714297605499e-14,0.690712073201305,0.324,0.112,5.15028400665887e-10,"5","SCNM1"
1.50312123606841e-14,0.819726556852387,0.458,0.194,5.501574036134e-10,"5","ERN1"
1.55812149464752e-14,0.553179308740559,0.743,0.438,5.70288048255939e-10,"5","ANP32B"
1.62524423992157e-14,1.28575161241885,0.402,0.17,5.94855644253693e-10,"5","PITPNA"
1.87753206479552e-14,0.692883231356473,0.559,0.284,6.87195511035808e-10,"5","CAPZA1"
1.92252296189302e-14,0.830257838936741,0.648,0.36,7.03662629282464e-10,"5","MAT2A"
1.94777099455148e-14,1.02328197268556,0.352,0.135,7.12903661715788e-10,"5","CNDP2"
1.95623550858555e-14,1.31928656217057,0.279,0.092,7.16001758497395e-10,"5","TLE3"
2.42753075627666e-14,0.375935142734264,0.263,0.078,8.88500532104821e-10,"5","AC004687.1"
3.06525644687617e-14,0.93394906143916,0.48,0.224,1.12191451212115e-09,"5","UQCRC1"
3.20498655017106e-14,0.57512188497079,0.475,0.212,1.17305712722811e-09,"5","SLC66A2"
3.22802092865867e-14,0.50667675808796,0.542,0.252,1.18148794009836e-09,"5","NFKB2"
3.25571010681104e-14,1.05021412748223,0.346,0.135,1.19162245619391e-09,"5","ARL5B"
3.29969048217737e-14,0.728823757349616,0.782,0.512,1.20771971338174e-09,"5","PGLS"
3.49737790204546e-14,0.777693858646194,0.346,0.129,1.28007528592766e-09,"5","MIF4GD"
4.28460513767459e-14,1.01573454746867,0.38,0.155,1.56820832644028e-09,"5","LYPLA1"
5.12661963714878e-14,0.698237827337138,0.682,0.386,1.87639405339283e-09,"5","MOB1A"
5.33015357082075e-14,1.27241551942226,0.274,0.092,1.9508895084561e-09,"5","ACER3"
5.41454653183028e-14,0.710488638520379,0.302,0.101,1.9817781761152e-09,"5","LINC00513"
5.48249006056974e-14,0.779304280350149,0.682,0.379,2.00664618706913e-09,"5","TRAPPC1"
6.42965726526332e-14,1.08314068135392,0.358,0.14,2.35331885565903e-09,"5","MSRA"
6.45590860418807e-14,0.516711273097075,0.631,0.327,2.36292710821888e-09,"5","UBALD2"
6.51643948174684e-14,0.722851112610111,0.397,0.16,2.38508201471416e-09,"5","ZBTB1"
6.70505968050639e-14,0.694005036669902,0.832,0.553,2.45411889366214e-09,"5","IER5"
7.05067680813563e-14,0.677557568778429,0.62,0.317,2.58061821854572e-09,"5","OSTF1"
7.11286306705643e-14,0.920917261939845,0.626,0.355,2.60337901117333e-09,"5","UBE2R2"
7.32824025298889e-14,0.561581078319131,0.978,0.711,2.68220921499646e-09,"5","PSAP"
8.56710602116765e-14,0.934913274948905,0.251,0.078,3.13564647480757e-09,"5","A1BG"
8.95314007390514e-14,1.00036894959551,0.385,0.158,3.27693879845002e-09,"5","ADPGK"
9.17014415826289e-14,0.477920224338226,0.615,0.301,3.3563644633658e-09,"5","USP15"
9.45794741237562e-14,0.696612155945703,0.598,0.306,3.4617033324036e-09,"5","MAP3K2"
1.01211974922098e-13,1.36074413075158,0.268,0.091,3.7044594941237e-09,"5","DUSP3"
1.07108016240247e-13,1.36036444672424,0.268,0.09,3.92026050240928e-09,"5","PTTG1"
1.11686652202119e-13,0.715004062139216,0.358,0.138,4.08784315724975e-09,"5","PRKACA"
1.19926886168615e-13,1.01435256449758,0.425,0.183,4.38944396065746e-09,"5","ZFAND2A"
1.23942508396799e-13,0.788515155903289,0.508,0.233,4.53641974983123e-09,"5","SEC14L1"
1.29308489502083e-13,0.642505460400469,0.872,0.627,4.73282002426574e-09,"5","NAP1L1"
1.44027906167787e-13,0.831421182817167,0.458,0.201,5.27156539364718e-09,"5","TRAPPC6A"
1.56368660940636e-13,0.94017299831534,0.922,0.744,5.72324935908823e-09,"5","TIMP1"
1.60202891154782e-13,1.32409635876972,0.341,0.136,5.86358601915616e-09,"5","TRIM38"
1.63569110266228e-13,0.926087432393453,0.536,0.265,5.98679300485423e-09,"5","USP12"
1.90975087253041e-13,0.299899859874503,1,0.947,6.98987916854857e-09,"5","RPS16"
1.91865785530592e-13,0.378779212613084,0.983,0.904,7.0224796162052e-09,"5","RPL36A"
2.15102078808667e-13,1.0315191347688,0.257,0.085,7.87295118647603e-09,"5","MTMR6"
2.20462814465489e-13,0.688054729573224,0.38,0.158,8.06915947225135e-09,"5","HPRT1"
2.3302286120307e-13,1.54260736356207,0.302,0.114,8.52886974289356e-09,"5","ATP6V1H"
2.4308702695683e-13,0.428294980383696,0.81,0.532,8.89722827364692e-09,"5","RAB7A"
2.66697438560761e-13,0.934574183392911,0.33,0.126,9.7613929487624e-09,"5","CTNNBIP1"
2.66777354961966e-13,1.02227417155399,0.419,0.187,9.76431796896292e-09,"5","ZC3H12A"
2.88546396431333e-13,0.727498334103869,0.709,0.424,1.05610866557832e-08,"5","ARF6"
3.0551923820377e-13,0.769553782244316,0.793,0.521,1.11823096374962e-08,"5","JMJD1C"
3.77449485343697e-13,0.523944177131979,0.983,0.812,1.38150286130646e-08,"5","CD44"
3.85972079019502e-13,1.41123431214142,0.363,0.149,1.41269640641928e-08,"5","ADIPOR1"
3.9827234894013e-13,0.99469606817187,0.497,0.244,1.45771662435577e-08,"5","CARD19"
4.11204731826405e-13,0.812400076543301,0.369,0.149,1.50505043895782e-08,"5","USP3"
4.12417636179274e-13,0.723902214629776,0.76,0.529,1.50948979017976e-08,"5","PSMA6"
4.42913580803863e-13,1.03152931574025,0.285,0.101,1.62110799710022e-08,"5","MKNK1"
4.44609440285029e-13,0.868166331371315,0.296,0.108,1.62731501238724e-08,"5","SLC30A1"
4.98031123428313e-13,0.467622447299389,0.994,0.811,1.82284371485997e-08,"5","S100A11"
5.2978143227656e-13,1.12748634653274,0.285,0.101,1.93905302027544e-08,"5","UBXN11"
5.85476199585983e-13,0.560184905635986,0.531,0.258,2.14290143810466e-08,"5","JOSD1"
7.04613360677695e-13,0.31482138727787,1,0.951,2.57895536141643e-08,"5","PTMA"
7.22173322382633e-13,1.17796263488754,0.285,0.103,2.64322657725268e-08,"5","RNF19B"
7.22699175654369e-13,0.551920848372846,0.296,0.106,2.64515125281256e-08,"5","CSK"
7.32821262358352e-13,0.338535216042311,0.994,0.931,2.68219910235781e-08,"5","RPS11"
7.68377519702725e-13,0.565607567826996,0.67,0.392,2.81233855986394e-08,"5","TAF10"
8.34396481092e-13,0.855094465454509,0.67,0.385,3.05397456044483e-08,"5","GLUD1"
9.84472841303277e-13,0.764050985114489,0.324,0.123,3.60326904645413e-08,"5","SNRNP25"
1.08824879978305e-12,0.61727387635521,0.391,0.162,3.98309943208595e-08,"5","CDK2AP2"
1.30490582008743e-12,0.428002175420458,0.955,0.77,4.77608579210199e-08,"5","ATP5MG"
1.36329488444938e-12,0.502353148016709,0.816,0.573,4.98979560657319e-08,"5","EIF4G2"
1.38083972631071e-12,1.19938173503676,0.291,0.106,5.05401148226985e-08,"5","SLC36A4"
1.43557298372355e-12,0.837809570721375,0.631,0.367,5.25434067772658e-08,"5","RALA"
2.12743563712758e-12,0.562600616846438,0.777,0.511,7.78662717545064e-08,"5","GDI2"
2.46781142603188e-12,1.06904561426801,0.263,0.092,9.03243660041929e-08,"5","RAP2A"
2.61948021505102e-12,0.295821710194683,0.989,0.949,9.58755953510824e-08,"5","RPS9"
2.7254363810624e-12,0.784514824702792,0.827,0.593,9.97536969832648e-08,"5","NFE2L2"
3.09802481445773e-12,0.496424464497174,0.726,0.424,1.13390806233967e-07,"5","MBD2"
3.32389637606342e-12,0.737564014827635,0.296,0.113,1.21657931260297e-07,"5","HACD4"
3.64148581077696e-12,0.524826226065966,0.849,0.597,1.33282022160248e-07,"5","DRAP1"
3.77049104059013e-12,1.01954229716125,0.592,0.347,1.38003742576639e-07,"5","CREG1"
3.80607982104747e-12,1.28065024831238,0.302,0.12,1.39306327530158e-07,"5","CHSY1"
4.00483256546912e-12,1.21733005405514,0.419,0.201,1.46580876728735e-07,"5","NCOA4"
4.1831640770851e-12,0.78908844252457,0.486,0.25,1.53107988385392e-07,"5","PTRHD1"
4.63051644056295e-12,0.870720123788637,0.425,0.199,1.69481532241045e-07,"5","MGST2"
4.81839617591574e-12,0.748584910498351,0.615,0.354,1.76358118434692e-07,"5","IFNGR2"
4.97967380397375e-12,1.12615704920457,0.257,0.09,1.82261040899243e-07,"5","MTMR9"
5.755103586823e-12,0.859215556980514,0.603,0.343,2.10642546381308e-07,"5","SNX2"
6.28472441155686e-12,0.829940518532785,0.609,0.344,2.30027198187393e-07,"5","HIF1A"
6.40933129889104e-12,0.521499369885555,0.838,0.599,2.34587934870711e-07,"5","HIGD2A"
6.54978709506382e-12,0.517090598559201,0.67,0.403,2.39728757466431e-07,"5","FOSL2"
6.5851075348563e-12,1.51755186380808,0.263,0.099,2.41021520883275e-07,"5","CTTNBP2NL"
7.2206185067849e-12,0.922870285386208,0.257,0.09,2.64281857966834e-07,"5","ME2"
7.65895176798677e-12,0.422829069736667,0.905,0.666,2.80325293660084e-07,"5","EIF3H"
7.9579412374205e-12,0.531357572207333,0.475,0.23,2.91268607230828e-07,"5","CDC42SE1"
9.26211900097965e-12,1.23753110249017,0.341,0.143,3.39002817554856e-07,"5","PGD"
1.01021563239027e-11,1.43528641462827,0.33,0.14,3.69749023611162e-07,"5","PON2"
1.01733774901068e-11,0.604232539856751,0.933,0.805,3.723557895154e-07,"5","TUBA1B"
1.09979543454411e-11,0.543480003732401,0.799,0.564,4.0253612699749e-07,"5","COX7B"
1.2162131564966e-11,1.12179308512116,0.363,0.157,4.45146177409322e-07,"5","MLXIP"
1.22149677245077e-11,0.617143907153628,0.313,0.121,4.47080033684705e-07,"5","APBB1IP"
1.24937179464424e-11,0.60897679044061,0.458,0.22,4.57282570557739e-07,"5","TAOK3"
1.40737726929517e-11,0.346653640247233,0.994,0.887,5.15114154334726e-07,"5","EIF4A1"
1.50039191610813e-11,0.643798537727874,0.804,0.588,5.49158445214735e-07,"5","LSP1"
1.50371720383981e-11,0.570228048806111,0.52,0.263,5.5037553377741e-07,"5","RELB"
1.586055448846e-11,0.397379243590987,0.788,0.493,5.80512154832123e-07,"5","MTPN"
1.60079393070586e-11,0.845688236593975,0.508,0.258,5.85906586577652e-07,"5","RAB8A"
1.69186048030631e-11,1.1706538861728,0.514,0.274,6.19237854396914e-07,"5","ADAM17"
1.95267507989913e-11,0.365754930714516,0.944,0.814,7.1469860599388e-07,"5","RPS17"
2.43132185913165e-11,0.808638684317872,0.257,0.094,8.89888113660775e-07,"5","SUSD6"
2.65520307189358e-11,0.81970975778849,0.318,0.128,9.71830876343769e-07,"5","WDR26"
2.73265778462337e-11,0.508095694567025,0.872,0.63,1.00018007575e-06,"5","COPE"
2.79665439268697e-11,0.306348605764164,0.983,0.875,1.02360347426736e-06,"5","RPL23"
2.82230641665144e-11,0.592922547673763,0.754,0.517,1.03299237155859e-06,"5","EIF3L"
2.84954084443753e-11,0.447576911038488,0.771,0.527,1.04296044447258e-06,"5","FLNA"
2.85198593430302e-11,0.688829890533855,0.704,0.455,1.04385537181425e-06,"5","PHLDA1"
2.97277800178021e-11,1.18074170142968,0.369,0.172,1.08806647643157e-06,"5","MPDU1"
3.14720965570761e-11,1.29570218607842,0.274,0.104,1.15191020608554e-06,"5","OSBPL11"
3.3857578675117e-11,0.9334193031088,0.296,0.116,1.23922123708796e-06,"5","THAP9-AS1"
3.39648160649368e-11,1.28707192827965,0.346,0.152,1.24314623279275e-06,"5","MDM2"
3.40480498871136e-11,1.22558726724485,0.318,0.135,1.24619267391824e-06,"5","SOAT1"
3.4782652237284e-11,0.482048189384133,0.564,0.306,1.27307985453683e-06,"5","PFKFB3"
3.49723963822752e-11,0.805946912101176,0.603,0.349,1.28002467998765e-06,"5","DYNC1H1"
3.50580133425413e-11,1.09134344152979,0.38,0.174,1.28315834635036e-06,"5","SGMS2"
3.87275568660719e-11,0.535163827452514,0.883,0.676,1.4174673088551e-06,"5","HNRNPU"
4.01889626288438e-11,0.919464206632367,0.307,0.123,1.47095622117831e-06,"5","SLC50A1"
4.32391858672214e-11,0.637405919183298,0.659,0.394,1.58259744192617e-06,"5","IRF2BP2"
4.47659784808538e-11,0.500252485988653,0.475,0.225,1.63847957837773e-06,"5","PLXDC2"
4.59350722722173e-11,1.4431753457122,0.302,0.127,1.68126958023543e-06,"5","MCOLN1"
4.6100040051089e-11,0.435277938294506,0.849,0.599,1.68730756590991e-06,"5","PCBP1"
4.73648303218808e-11,0.487100713327463,0.436,0.2,1.73360015461116e-06,"5","SEPTIN9"
5.17907360358802e-11,0.616331870724885,0.62,0.353,1.89559272964925e-06,"5","BAZ1A"
5.99364072953433e-11,0.34303771359503,0.598,0.325,2.19373244341686e-06,"5","CCNH"
6.14524193897878e-11,0.700087759737909,0.737,0.487,2.24922000208562e-06,"5","ARL6IP1"
6.25554981811002e-11,0.57464996395136,0.291,0.112,2.28959378892645e-06,"5","ADAM10"
6.45905649135977e-11,0.407361352258311,0.341,0.141,2.36407926640259e-06,"5","TLE1"
6.84089219956817e-11,0.581026798026375,0.788,0.559,2.50383495396395e-06,"5","UQCR11"
7.04161908927573e-11,0.905584484780052,0.391,0.183,2.57730300286581e-06,"5","BCL10"
8.15226831156687e-11,0.902018611710226,0.587,0.33,2.98381172471659e-06,"5","PNPLA8"
8.35881056967022e-11,0.989181869801483,0.268,0.103,3.059408256605e-06,"5","LCOR"
8.48550685832844e-11,0.696157657892361,0.62,0.353,3.10578036521679e-06,"5","ETF1"
9.82207652925341e-11,0.395853727946018,0.978,0.857,3.59497823047204e-06,"5","SLC25A6"
1.01977915048324e-10,0.72931652756045,0.352,0.152,3.73249366868371e-06,"5","ORMDL2"
1.0243276605648e-10,0.584538076014781,0.749,0.499,3.74914167043321e-06,"5","RAB5C"
1.04009044578778e-10,1.15125026617584,0.302,0.123,3.80683504062787e-06,"5","GPR137B"
1.05373593663383e-10,0.56777933332986,0.737,0.464,3.85677890167348e-06,"5","SSR3"
1.22983781003251e-10,0.767016345443723,0.458,0.233,4.50132936850001e-06,"5","AZIN1"
1.26994679038558e-10,0.938586871626806,0.318,0.138,4.64813224749024e-06,"5","RCOR1"
1.29088651663367e-10,0.77906253048173,0.486,0.275,4.72477373953089e-06,"5","EHD1"
1.35701827810769e-10,0.603531840588828,0.43,0.205,4.96682259970195e-06,"5","ZNF655"
1.49516216885595e-10,0.588614966818545,0.827,0.648,5.47244305422965e-06,"5","POMP"
1.77255645606381e-10,0.534814772690425,0.804,0.609,6.48773388483914e-06,"5","ATP5F1B"
1.7927985239483e-10,0.863691083550104,0.313,0.133,6.56182187750316e-06,"5","DCP2"
1.79429410858348e-10,0.520291710484437,0.425,0.202,6.56729586682641e-06,"5","TRABD"
1.83947395197517e-10,0.749613619054762,0.531,0.283,6.73265861162434e-06,"5","TNIP2"
1.89472042492587e-10,0.476865796747625,1,0.908,6.93486622727116e-06,"5","NFKBIA"
2.13381475694623e-10,0.398752274500819,0.43,0.205,7.8099753918989e-06,"5","PCGF5"
2.16301543427018e-10,0.504042714008694,0.302,0.123,7.91685279097228e-06,"5","N4BP2L1"
2.17728686679145e-10,0.593962668731097,0.777,0.545,7.96908766114339e-06,"5","CSNK2B"
2.23429425245789e-10,0.504286931200543,0.799,0.525,8.17774039342113e-06,"5","PLK3"
2.27877696126276e-10,0.446014905321359,0.737,0.477,8.34055155591782e-06,"5","CDC37"
2.33759509810838e-10,0.517997744511865,0.732,0.522,8.5558318185865e-06,"5","CIB1"
2.39079238848781e-10,0.341708975867222,0.955,0.782,8.75053922110422e-06,"5","CDC42"
2.51157839202489e-10,0.971240360372526,0.615,0.392,9.19262807265028e-06,"5","ABL2"
2.67036578424416e-10,1.03418352359433,0.291,0.12,9.77380580691203e-06,"5","RNPEP"
3.19846908755744e-10,0.60109394706641,0.648,0.406,1.1706716707369e-05,"5","C17orf49"
3.24821780879958e-10,0.398577704543808,0.447,0.221,1.18888020019873e-05,"5","PTGER4"
3.26015510786327e-10,0.502365034605314,0.475,0.24,1.19324937102903e-05,"5","SIK3"
3.31683161122362e-10,0.894970132377254,0.268,0.104,1.21399353802396e-05,"5","TAB2"
3.35221297282674e-10,0.485309855686874,0.648,0.377,1.22694347018431e-05,"5","PHF20"
3.40747296988511e-10,0.519143451831628,0.486,0.244,1.24716918170765e-05,"5","PLEC"
3.53023392639024e-10,0.377094475379457,0.872,0.629,1.29210091939809e-05,"5","HNRNPC"
3.72996737509465e-10,0.611899056441991,0.469,0.238,1.36520535895839e-05,"5","CNN2"
3.78392993601885e-10,0.869944481425765,0.475,0.258,1.38495619588226e-05,"5","SDF2L1"
3.82690210175894e-10,0.619738964431536,0.458,0.254,1.40068443826479e-05,"5","RAB13"
4.12687218219616e-10,0.470123892577151,0.676,0.422,1.51047648740561e-05,"5","H2AFV"
4.25082172474675e-10,0.728669990904123,0.263,0.103,1.55584325947456e-05,"5","CUX1"
4.48768175970672e-10,0.590310776683766,0.737,0.519,1.64253640087026e-05,"5","ATP5MF"
5.12665715561199e-10,0.559863532566926,0.698,0.473,1.87640778552555e-05,"5","NFKBIZ"
5.27321263363555e-10,0.539113938667606,0.492,0.259,1.93004855603695e-05,"5","ANP32A"
5.49419225795707e-10,0.834604795324678,0.268,0.11,2.01092930833487e-05,"5","CYB561A3"
5.56167782728588e-10,0.537061270044862,0.413,0.198,2.03562970156491e-05,"5","DIAPH1"
5.6062493895299e-10,0.692513681895101,0.542,0.305,2.05194333906184e-05,"5","OSER1"
7.00411455983176e-10,1.04040000605764,0.285,0.119,2.56357597004402e-05,"5","SQLE"
7.24854474235638e-10,0.85695577253215,0.313,0.136,2.65303986114986e-05,"5","OGDH"
7.70173307708382e-10,0.762917860410652,0.453,0.235,2.81891132354345e-05,"5","HGSNAT"
7.75837680602657e-10,0.474755137182973,0.263,0.101,2.83964349477379e-05,"5","FBXO34"
7.80454845016002e-10,0.621566749530618,0.475,0.247,2.85654277824307e-05,"5","NECTIN2"
8.214796397201e-10,0.299028582430272,0.603,0.347,3.00669762933954e-05,"5","CLK1"
9.31158080570755e-10,0.252298190647017,0.994,0.964,3.40813169069702e-05,"5","RPS2"
9.39362600427546e-10,0.51058257515267,0.62,0.381,3.43816105382486e-05,"5","C1orf43"
9.96443046959507e-10,0.915238295753608,0.425,0.22,3.64708119617649e-05,"5","RPS6KA3"
1.00314504125651e-09,0.721112381926373,0.291,0.12,3.67161116550297e-05,"5","USP36"
1.02248811322088e-09,0.509212355108106,0.888,0.713,3.74240874319974e-05,"5","ENO1"
1.03732419125331e-09,0.320891272770865,0.296,0.124,3.79671027240623e-05,"5","MGAT4B"
1.26358220869569e-09,0.523332340413297,0.587,0.347,4.6248372420471e-05,"5","EIF2S3"
1.29481388048638e-09,0.485627442741132,0.81,0.606,4.7391482839682e-05,"5","CAPZB"
1.42425548466369e-09,0.400438776432471,0.637,0.354,5.21291749941758e-05,"5","CTDNEP1"
1.43204887242808e-09,0.922482451232115,0.86,0.719,5.241442077974e-05,"5","HSPA5"
1.44901559002249e-09,0.933987451642114,0.419,0.217,5.30354196104133e-05,"5","MAPK6"
1.58051563179726e-09,0.528801309992656,0.76,0.555,5.78484526394114e-05,"5","PGK1"
1.59892244300859e-09,0.446746412521625,0.564,0.324,5.85221603365573e-05,"5","CITED2"
1.7039588205914e-09,1.11428847416517,0.665,0.441,6.23665967924657e-05,"5","BASP1"
1.7087278892997e-09,0.698067099495845,0.352,0.163,6.25411494762582e-05,"5","ATXN1"
1.78288097481359e-09,0.301375606073496,0.536,0.283,6.52552265591523e-05,"5","WIPF1"
1.8471168511157e-09,0.68326999118022,0.542,0.32,6.76063238676859e-05,"5","GLRX"
1.92591552171739e-09,0.910158626315733,0.492,0.272,7.04904340103783e-05,"5","TRIB1"
1.96950515652858e-09,0.560527067265342,0.464,0.23,7.20858582341025e-05,"5","BCL3"
2.13166070912526e-09,0.639782122716456,0.676,0.457,7.80209136146936e-05,"5","EIF4A3"
2.20370059589519e-09,0.998917351236465,0.291,0.127,8.065764551036e-05,"5","LAGE3"
2.25671071123584e-09,0.523994760929602,0.883,0.656,8.25978687419429e-05,"5","ZFAND5"
2.27967854243779e-09,0.461194838411816,0.257,0.1,8.34385143317655e-05,"5","FBRSL1"
2.52132643497732e-09,1.35448461480218,0.363,0.19,9.2283068846605e-05,"5","SAP30"
3.29226958062159e-09,0.554708845672467,0.346,0.159,0.000120500358920331,"5","CELF1"
3.48760243207185e-09,0.512095432861895,0.693,0.483,0.000127649736616262,"5","CAPZA2"
3.54659527273405e-09,0.471920385901982,0.536,0.296,0.000129808933577339,"5","DNAJB11"
3.55962511745527e-09,0.435668852756466,0.536,0.298,0.00013028583892398,"5","PSMB10"
4.00108345699033e-09,0.615229237341536,0.33,0.15,0.000146443655609303,"5","BOLA2"
4.38846408732081e-09,0.55329926003038,0.866,0.644,0.000160622174060029,"5","VAPA"
4.5127290325513e-09,0.551866380902131,0.492,0.271,0.00016517039532041,"5","ZYX"
4.74917105693717e-09,0.831384064265652,0.324,0.147,0.000173824409854957,"5","ATXN2L"
4.94256146408462e-09,0.484572266633394,0.615,0.365,0.000180902692146961,"5","NUFIP2"
5.11894004477718e-09,0.97251298712165,0.369,0.181,0.000187358324578889,"5","STX7"
5.71380085740873e-09,0.582527411942788,0.492,0.286,0.000209130825182017,"5","HMGB2"
5.80304915283145e-09,0.599969474270832,0.374,0.181,0.000212397402042784,"5","UBAC1"
5.82058163943843e-09,0.7818397994147,0.313,0.144,0.000213039108585086,"5","VOPP1"
5.86549024459396e-09,0.768619803161403,0.676,0.453,0.000214682808442383,"5","PSME2"
5.95874885451351e-09,0.436617243270443,0.352,0.169,0.000218096166824049,"5","MED29"
6.55158081486008e-09,0.886604434602324,0.324,0.149,0.000239794409404694,"5","CBX6"
6.87853041166012e-09,0.714728110479933,0.352,0.171,0.000251761091597172,"5","NCOR2"
6.88171515225039e-09,0.498562719623851,0.469,0.258,0.000251877656287517,"5","GAS7"
7.19529931717422e-09,1.08281906229575,0.324,0.154,0.000263355150307894,"5","HGS"
7.30151836010801e-09,0.47040564707058,0.263,0.108,0.000267242873498313,"5","TMEM131"
7.49637201872837e-09,0.685095361880542,0.268,0.113,0.000274374712257477,"5","RNF4"
7.7822136746504e-09,0.533513381696388,0.285,0.124,0.000284836802705879,"5","TENT4B"
7.81136451307186e-09,0.674494401826332,0.715,0.495,0.000285903752542943,"5","RBPJ"
8.31013101495127e-09,0.989596377409188,0.385,0.198,0.000304159105278232,"5","MTSS1"
8.3997637835065e-09,1.24835782656564,0.296,0.14,0.000307439754240121,"5","ZMIZ1"
9.32868713519172e-09,0.369104397388068,0.693,0.427,0.000341439277835152,"5","MIR22HG"
9.43310596425645e-09,1.0909602882024,0.363,0.182,0.00034526111139775,"5","LINC00963"
1.07425140550307e-08,0.516242738657199,0.358,0.17,0.000393186756928179,"5","BAG6"
1.131948386135e-08,0.585136159232606,0.67,0.416,0.00041430442880927,"5","DNAJC15"
1.16797267606467e-08,0.541972651869191,0.693,0.481,0.000427489679166429,"5","ATP5PB"
1.2104491224875e-08,0.32852923367484,0.497,0.275,0.000443036483321649,"5","PPP1R10"
1.22942257779489e-08,0.775342704260773,0.765,0.564,0.000449980957698709,"5","PLIN2"
1.28058178649151e-08,0.595007860320246,0.559,0.338,0.000468705739673758,"5","AFF4"
1.30348908268543e-08,0.72921583397698,0.497,0.291,0.000477090039153696,"5","STX4"
1.34782849010054e-08,0.315300805891943,0.905,0.699,0.000493318705661699,"5","COX6B1"
1.38862394832638e-08,0.741761974784567,0.313,0.143,0.000508250251326937,"5","C16orf72"
1.4611884632143e-08,0.45002714561127,0.408,0.206,0.000534809589421066,"5","ABI1"
1.67033434046472e-08,0.703211218729889,0.575,0.347,0.000611359071953492,"5","DNTTIP2"
1.69377200682655e-08,0.501713709439349,0.324,0.145,0.000619937492218587,"5","WDFY2"
1.74147035273906e-08,1.23401862580581,0.251,0.11,0.000637395563806022,"5","BATF3"
1.80485264747691e-08,0.762590918724556,0.358,0.183,0.000660594117503025,"5","NUMB"
1.91795933700012e-08,0.368471234089219,0.48,0.258,0.000701992296935414,"5","DAZAP1"
2.05812482754508e-08,0.544821041691615,0.296,0.132,0.000753294268129776,"5","PPP3R1"
2.06243375871772e-08,0.460107826417874,0.385,0.19,0.000754871380028274,"5","PPP4R3A"
2.19217996900594e-08,1.08005286020483,0.324,0.158,0.000802359790455864,"5","GPATCH2L"
2.23777393563539e-08,0.501593316241491,0.849,0.637,0.00081904763818191,"5","ATP6V1G1"
2.41673504275587e-08,0.947071258673482,0.296,0.138,0.000884549192999076,"5","PPA2"
2.45699725539496e-08,0.650592806719244,0.296,0.133,0.00089928556544711,"5","DNM2"
2.45733075173806e-08,0.679843397514977,0.279,0.123,0.000899407628443647,"5","ZDHHC12"
2.51848630900872e-08,0.510858943231421,0.531,0.306,0.000921791173960282,"5","PRCP"
2.61635774699607e-08,0.452200142328579,0.531,0.302,0.000957613098978033,"5","SMG1"
2.71190654671682e-08,0.610806140728337,0.559,0.328,0.000992584915163822,"5","VSIR"
2.72535533740311e-08,0.631963463067249,0.413,0.22,0.000997507307042913,"5","MRPL52"
2.86932728845112e-08,0.409733736543384,0.799,0.572,0.00105020248084599,"5","PTP4A2"
2.96994326631128e-08,0.671625236202617,0.402,0.213,0.00108702893490259,"5","DNAJC4"
3.2031910218302e-08,0.457254324298392,0.771,0.562,0.00117239994590007,"5","MICOS10"
3.68906273833841e-08,0.631513183859103,0.413,0.219,0.00135023385285924,"5","SRA1"
3.76074170382594e-08,0.491426972787116,0.313,0.143,0.00137646907101733,"5","CLIC2"
3.98537743751969e-08,1.11812080315465,0.291,0.14,0.00145868799590658,"5","YIF1B"
4.07303697704405e-08,0.448973383980219,0.743,0.488,0.00149077226396789,"5","GNB2"
4.245052611886e-08,0.670816090886204,0.413,0.224,0.0015537317064764,"5","RYBP"
4.40149015921915e-08,0.62139995966626,0.553,0.332,0.0016109894131758,"5","FIBP"
4.61518301075054e-08,0.466852633849788,0.676,0.417,0.00168920313376481,"5","GNB1"
4.63659896579698e-08,0.854489871669208,0.358,0.182,0.00169704158747135,"5","COMMD9"
5.04881244699078e-08,0.829226646316102,0.369,0.192,0.0018479158437231,"5","FLII"
5.10990252611836e-08,0.714652866199547,0.408,0.215,0.00187027542358458,"5","ATP2A2"
5.23084137229442e-08,0.982631048558586,0.313,0.154,0.00191454025067348,"5","TNFRSF10B"
5.23391735111355e-08,0.271294217427285,0.877,0.675,0.00191566608968107,"5","UQCRH"
5.2667236651207e-08,0.70606035457403,0.67,0.451,0.00192767352867083,"5","BNIP3L"
5.47405277453842e-08,0.375600520062681,0.436,0.232,0.00200355805600881,"5","MTHFD2"
5.59213803316101e-08,0.51340119714091,0.475,0.273,0.00204677844151726,"5","CORO1B"
5.68053423372719e-08,0.643365771145706,0.654,0.424,0.00207913233488649,"5","NOP10"
5.99783160977672e-08,1.00791399638641,0.43,0.251,0.00219526634749438,"5","PDE4DIP"
6.03856303365271e-08,0.341692161834397,0.391,0.199,0.00221017445594723,"5","KPNA2"
6.16932193479043e-08,0.681246225513896,0.531,0.326,0.00225803352135264,"5","GRINA"
6.40127777155988e-08,0.945012196983658,0.402,0.221,0.00234293167716863,"5","SLC25A37"
7.37522055732021e-08,0.667279505408297,0.564,0.355,0.00269940447618477,"5","PPP4C"
7.51849712315612e-08,0.587206838060414,0.737,0.56,0.00275184513204637,"5","DNAJB6"
7.74409746629285e-08,0.957538636981986,0.251,0.112,0.00283441711363785,"5","TFDP1"
7.77347464818383e-08,0.273140031371382,0.318,0.149,0.00284516945598176,"5","PIAS1"
7.95863444597249e-08,0.630522495284496,0.385,0.204,0.00291293979357039,"5","SLCO3A1"
8.28857161854277e-08,0.836300313553222,0.307,0.148,0.00303370009810284,"5","MLX"
8.39212443852557e-08,0.822477475892905,0.313,0.15,0.00307160146574475,"5","HAUS4"
8.4604090917582e-08,0.781028365989066,0.335,0.171,0.00309659433167442,"5","RALB"
9.32327556305933e-08,0.679901629879324,0.318,0.152,0.00341241208883535,"5","CYFIP1"
9.55107180426684e-08,0.685418974837506,0.296,0.138,0.00349578779107971,"5","TIMM17B"
9.68929329131647e-08,0.297930814583664,0.335,0.16,0.00354637823755474,"5","CDKN2D"
9.8763815459384e-08,0.480584580772421,0.486,0.284,0.00361485440962891,"5","SMS"
9.97934544710466e-08,0.591999507661416,0.43,0.24,0.00365254022709478,"5","NIPSNAP2"
1.15027601925369e-07,0.27214789740651,0.654,0.413,0.00421012525807043,"5","RAB21"
1.16799257711857e-07,0.355381714669489,0.419,0.22,0.00427496963151169,"5","PCF11"
1.26997841033388e-07,0.460528763820979,0.536,0.323,0.00464824797966302,"5","SUPT4H1"
1.28084689970981e-07,0.347064743891929,0.436,0.237,0.00468802773762786,"5","TXNDC17"
1.29123377367491e-07,0.25618855449469,0.62,0.374,0.00472604473502754,"5","ARFGAP3"
1.30247597605316e-07,0.748894828457151,0.324,0.159,0.00476719231995215,"5","SUPT6H"
1.3066409298394e-07,0.348984035459362,0.777,0.536,0.00478243646730519,"5","MIDN"
1.32518404546383e-07,0.636245919669693,0.313,0.155,0.00485030612480218,"5","SDCCAG8"
1.37741315368535e-07,0.533154353331542,0.559,0.327,0.00504146988380375,"5","MAPRE1"
1.39408945580064e-07,0.444595243300308,0.291,0.138,0.00510250681717591,"5","TOR3A"
1.40804871041287e-07,0.510236564021802,0.615,0.401,0.00515359908498216,"5","FKBP5"
1.43545137485605e-07,0.341807853774433,0.263,0.117,0.00525389557711064,"5","NIN"
1.50910134601168e-07,0.598017590692597,0.408,0.221,0.00552346183653736,"5","FAM120A"
1.53545623332558e-07,0.683419316349986,0.525,0.321,0.00561992335959497,"5","TANK"
1.61724970737145e-07,0.399747767794001,0.436,0.241,0.00591929565395025,"5","OXA1L"
1.89829935037611e-07,0.40472882697004,0.883,0.661,0.00694796545231161,"5","LAMTOR4"
2.07655792817696e-07,0.319478402215235,0.793,0.562,0.00760040967292049,"5","SET"
2.11486269441773e-07,0.416387746101269,0.682,0.441,0.00774060894783833,"5","ARF5"
2.13513775498071e-07,0.400800878113168,0.726,0.494,0.0078148176970049,"5","TMEM219"
2.16768099867498e-07,0.311136511661716,0.816,0.621,0.0079339292232503,"5","ATP5PO"
2.1917094292502e-07,0.635938251181375,0.369,0.191,0.00802187568199864,"5","ETHE1"
2.22212919547195e-07,0.512160149934399,0.603,0.378,0.0081332150683469,"5","TXNL4A"
2.4090138546734e-07,0.283407968528429,0.81,0.613,0.00881723160949009,"5","HNRNPA3"
2.63288527157246e-07,0.636637492673708,0.508,0.312,0.00963662338248236,"5","SARNP"
2.65351993525748e-07,0.324023027822622,0.754,0.535,0.00971214831503591,"5","GSTK1"
2.68764653445966e-07,0.581117696652856,0.391,0.22,0.00983705508077579,"5","CSNK1G2"
2.69790660225448e-07,0.840564580668976,0.296,0.15,0.00987460795491162,"5","KCTD20"
2.72926942268393e-07,0.864618149399287,0.274,0.131,0.00998939901396545,"5","CACUL1"
2.78513794821051e-07,0.75852251954727,0.296,0.146,0.0101938834042453,"5","ZBTB10"
2.8284547786709e-07,0.28106067759236,0.385,0.205,0.0103524273354134,"5","CHP1"
2.85678726890629e-07,0.366680995409883,0.771,0.564,0.0104561270829239,"5","PSMB6"
2.99694053084128e-07,0.5256553653817,0.385,0.21,0.0109691020369322,"5","DUSP23"
3.0335201597497e-07,0.618701184639717,0.318,0.163,0.0111029871366999,"5","SPNS1"
3.12559426268666e-07,0.788858278773491,0.419,0.241,0.0114399875608595,"5","ARF3"
3.14757627390066e-07,0.599568182908056,0.296,0.148,0.0115204439201038,"5","ABHD12"
3.16961737848683e-07,0.84088791043784,0.307,0.156,0.0116011165669996,"5","RXRA"
3.19199734030025e-07,0.443477588346099,0.358,0.186,0.0116830294652329,"5","TTC19"
3.25683985715697e-07,0.359507884072362,0.76,0.495,0.0119203595611802,"5","RAB1A"
3.31313174458119e-07,0.445940679126146,0.615,0.39,0.0121263934983416,"5","GTF3C6"
3.31574226525744e-07,0.61555395609731,0.43,0.238,0.0121359482650688,"5","PDCD6IP"
3.40462866536629e-07,0.372790639340434,0.279,0.129,0.0124612813781071,"5","ATF6B"
3.4048887823493e-07,0.630039277874884,0.33,0.164,0.0124622334322767,"5","SLC25A39"
3.52263815276215e-07,0.46521926418817,0.257,0.115,0.0128932079029247,"5","TMUB1"
3.53577398189759e-07,0.897559793924283,0.251,0.116,0.0129412863511434,"5","WASHC4"
3.60974595525465e-07,0.287023163262346,0.425,0.23,0.0132120311708275,"5","RABGGTB"
3.76944374547333e-07,0.953694521973957,0.385,0.216,0.0137965410528069,"5","SCAMP2"
3.88725826697776e-07,0.448149656534545,0.296,0.142,0.0142277539829653,"5","LENG8"
3.89846921942083e-07,0.299254973066279,0.922,0.739,0.0142687871900022,"5","SDCBP"
4.00659064309069e-07,0.346271865840286,0.391,0.205,0.0146645224127762,"5","DDX39A"
4.01057638270991e-07,0.811790630333338,0.257,0.12,0.0146791106183566,"5","PHF10"
4.10553298179076e-07,0.640938817052213,0.296,0.143,0.0150266612666524,"5","FOXN2"
4.12683330422688e-07,0.385484042284345,0.369,0.194,0.0151046225768008,"5","CYLD"
4.45968198515459e-07,0.676195069808306,0.67,0.477,0.0163228820338643,"5","MARCKS"
4.89277883991773e-07,0.306040085053135,0.994,0.95,0.0179080598319829,"5","UBC"
4.91588989600305e-07,0.369848735588574,0.352,0.185,0.0179926486083608,"5","AKAP17A"
4.93475419783611e-07,0.795284570017217,0.525,0.36,0.0180616938395,"5","MRPL18"
5.35319646168532e-07,0.648633577782421,0.268,0.128,0.0195932343694144,"5","GLRX2"
5.88034128260927e-07,0.885153028953942,0.274,0.135,0.0215226371284782,"5","SLC25A24"
5.95379171777675e-07,0.255395740619469,0.777,0.546,0.0217914730662347,"5","NSA2"
6.14512731270202e-07,0.467396185354447,0.531,0.313,0.0224917804772207,"5","BCL7B"
6.17944098195006e-07,0.343018951596503,0.905,0.674,0.0226173719380354,"5","RNH1"
6.45813569995891e-07,0.398489213576162,0.587,0.375,0.0236374224754196,"5","PAK2"
7.00790437366839e-07,0.47732255311373,0.486,0.29,0.0256496307980637,"5","SSR1"
7.26458886327642e-07,0.325600786077941,0.754,0.527,0.026589121698478,"5","ATP5MPL"
7.29598291206837e-07,0.473142495960665,0.458,0.266,0.0267040270564614,"5","RAB32"
7.38039054990772e-07,0.454373164313547,0.251,0.115,0.0270129674517172,"5","SCAMP4"
7.44408677137618e-07,0.331350220546331,0.62,0.399,0.0272461019919139,"5","SYF2"
7.95004728956097e-07,0.615882027994645,0.425,0.241,0.0290979680845221,"5","PFKL"
7.97714621661145e-07,0.764715863352039,0.274,0.135,0.0291971528674196,"5","SDE2"
7.99747381643706e-07,0.537526771524156,0.497,0.309,0.0292715539155413,"5","SSNA1"
8.01282855361868e-07,0.442327645331432,0.542,0.328,0.0293277537890997,"5","RUNX1"
8.06634840390088e-07,0.740930579573533,0.257,0.123,0.0295236417931176,"5","PNKP"
8.1542701882238e-07,0.359451585899097,0.408,0.229,0.0298454443159179,"5","ALYREF"
8.22070684164144e-07,0.540481230864793,0.687,0.48,0.0300886091110918,"5","SAMHD1"
8.57589147735185e-07,0.492025169701735,0.693,0.516,0.0313886203962555,"5","VPS29"
8.6221021392375e-07,0.474087602913671,0.804,0.591,0.0315577560398232,"5","MAP1LC3B"
8.72656414706494e-07,0.592841414487174,0.436,0.254,0.0319400974346724,"5","RIOK3"
8.77292225370025e-07,0.255946898098688,0.911,0.797,0.0321097727407683,"5","RBM3"
9.28564056960023e-07,0.584671165789511,0.447,0.269,0.0339863730487938,"5","DBNL"
9.72268171786712e-07,0.610829941384733,0.263,0.127,0.0355859873555654,"5","KLHL21"
1.00890537381205e-06,0.683493414249871,0.425,0.252,0.0369269455868947,"5","MAP4K4"
1.14287789442796e-06,0.623717928669757,0.251,0.12,0.0418304738139577,"5","TBK1"
1.17726995358751e-06,0.707384226798896,0.408,0.247,0.0430892575712565,"5","ARL8A"
1.23557059247275e-06,0.255080664538147,0.497,0.285,0.045223119255095,"5","SH3KBP1"
1.30132512068144e-06,0.504798189626464,0.302,0.153,0.0476298007420614,"5","ZMYM2"
1.33561897978282e-06,0.519986027030177,0.447,0.261,0.048884990279031,"5","EMD"
1.45494842679798e-06,0.55814559290268,0.324,0.166,0.0532525673692328,"5","HK1"
1.53481239022891e-06,0.535660994122234,0.413,0.232,0.0561756682947682,"5","ODF3B"
1.54972488065748e-06,0.706238254727949,0.307,0.158,0.0567214803569445,"5","HPS1"
1.57984497774227e-06,0.585872144211233,0.324,0.166,0.0578239060303449,"5","NAPRT"
1.62538472672763e-06,0.34545892277229,0.385,0.212,0.0594907063829581,"5","VPS13C"
1.62758704043838e-06,0.42615071293879,0.682,0.479,0.0595713132670853,"5","SLC3A2"
1.7063343314583e-06,0.366099329285345,0.754,0.573,0.0624535428657051,"5","ARHGDIA"
1.79347332358332e-06,0.261723132907923,0.598,0.39,0.065642917116473,"5","PPP1R15B"
1.80873908908697e-06,0.535460097469044,0.268,0.131,0.0662016593996721,"5","SETD3"
1.87072939945185e-06,0.326067102228577,0.777,0.605,0.0684705667493371,"5","SLC2A3"
1.9026041072619e-06,0.348930649544,0.447,0.276,0.0696372129298929,"5","CHMP4B"
2.12840918839202e-06,0.425412030000391,0.38,0.206,0.0779019047043364,"5","NECAP2"
2.1740288825595e-06,0.402908100594991,0.57,0.366,0.0795716311305604,"5","SERPINB6"
2.21827031927425e-06,0.409803769905926,0.268,0.13,0.0811909119557569,"5","KIF13B"
2.28296920458898e-06,0.353947849144078,0.547,0.345,0.0835589558571612,"5","EIF4E2"
2.47841019076673e-06,0.545454326431696,0.263,0.128,0.090712291392253,"5","PTGES2"
2.59406977974343e-06,0.613534853414991,0.291,0.149,0.0949455480083892,"5","MEF2D"
2.63801241524122e-06,0.358758295227968,0.374,0.214,0.096553892410244,"5","ZFC3H1"
2.76201958614343e-06,0.477793261017515,0.408,0.234,0.101092678872436,"5","PSMA3-AS1"
2.85938162929939e-06,0.308619057920922,0.855,0.697,0.104656227013987,"5","RAP1B"
2.90682254689712e-06,0.571345168016454,0.38,0.211,0.106392612038982,"5","PPP1R18"
2.91957893642008e-06,0.486196878096727,0.307,0.161,0.106859508651911,"5","PAFAH1B2"
3.05859956999458e-06,0.50356125886478,0.447,0.27,0.111947802861372,"5","IFT20"
3.09992898150218e-06,0.268543080629323,0.743,0.493,0.113460500651961,"5","ATP1A1"
3.16649122659157e-06,0.502598855615531,0.508,0.31,0.115896745384478,"5","MAPK1IP1L"
3.23630236851411e-06,0.284261080478271,0.564,0.34,0.118451902989985,"5","PPP1R2"
3.26073750137598e-06,1.04704251556009,0.268,0.14,0.119346253287862,"5","TLNRD1"
3.26252324119526e-06,0.439295527076525,0.469,0.289,0.119411613150988,"5","HBP1"
3.29666115133312e-06,0.429093283164655,0.598,0.4,0.120661094799944,"5","ERP44"
3.41394927137579e-06,0.310442950622528,0.48,0.289,0.124953957281625,"5","KPNA4"
3.52480883990458e-06,0.646716929607976,0.296,0.153,0.129011528349348,"5","NIPA2"
3.61227033655759e-06,1.05863899072855,0.274,0.144,0.132212706588344,"5","APH1B"
3.89704070101318e-06,0.550682284520332,0.346,0.188,0.142635586697783,"5","GALK1"
4.10175999853773e-06,0.359464659622802,0.749,0.559,0.150128517706479,"5","SRSF9"
4.40170129499824e-06,0.45150863070722,0.453,0.285,0.16110666909823,"5","COX17"
4.52526891003837e-06,0.654376119611659,0.257,0.126,0.165629367376314,"5","AL118516.1"
4.63383329512641e-06,0.423405401157927,0.464,0.287,0.169602932434922,"5","NAPA"
4.63671099627489e-06,0.268990564863125,0.95,0.781,0.169708259174657,"5","SOD2"
4.66038853505289e-06,0.32547748163469,0.263,0.129,0.170574880771471,"5","ZDHHC6"
4.73903797375333e-06,0.488809198433208,0.374,0.212,0.173453528877346,"5","OTUB1"
4.90663260667078e-06,0.358487955600979,0.346,0.189,0.179587660036757,"5","BRMS1"
4.94586969588982e-06,0.271527485440311,0.704,0.502,0.181023776739263,"5","TRA2B"
4.96429334571442e-06,0.45464539470673,0.341,0.187,0.181698100746494,"5","CYP51A1"
5.05165803944779e-06,0.366258101849014,0.497,0.307,0.184895735901829,"5","NONO"
5.13034907259488e-06,0.6383881565624,0.268,0.137,0.187775906406045,"5","ARL14EP"
5.34932380180952e-06,0.316566694226559,0.313,0.167,0.19579060047003,"5","ST3GAL1"
5.37911356727686e-06,0.333387322814173,0.698,0.478,0.1968809356759,"5","TUBA1C"
5.78603225839183e-06,0.423732064673389,0.888,0.745,0.211774566689399,"5","SQSTM1"
6.1227238127206e-06,1.18148892249749,0.263,0.14,0.224097814269387,"5","ATF6"
6.16307691900427e-06,0.512672547959377,0.268,0.135,0.225574778312475,"5","UBN1"
6.2021071213574e-06,0.50282646900762,0.637,0.435,0.227003322748802,"5","FOXP1"
6.41554578140764e-06,0.384419050448463,0.743,0.55,0.234815391145301,"5","CSNK1A1"
6.60919579542463e-06,0.356209148918014,0.57,0.369,0.241903175308337,"5","TMEM167A"
7.13638032110226e-06,0.633819986066937,0.279,0.144,0.261198656132664,"5","TOM1"
7.1434511762601e-06,0.494363112788754,0.296,0.155,0.261457456502296,"5","ACO2"
7.48509828977855e-06,0.398804465170303,0.341,0.184,0.273962082504185,"5","RPL26L1"
7.74206086397511e-06,0.62166466566806,0.654,0.476,0.283367169682353,"5","MTRNR2L8"
8.23414266000633e-06,0.608031658417365,0.525,0.342,0.301377855498892,"5","ZNF207"
8.64803686748001e-06,0.25984030114298,0.86,0.672,0.316526797386636,"5","H2AFZ"
8.6882748666355e-06,0.41788663581419,0.575,0.364,0.317999548393726,"5","PSMC4"
9.32716677200472e-06,0.392568230205882,0.374,0.221,0.341383631022145,"5","NDEL1"
9.35445764541849e-06,0.298913987412759,0.615,0.411,0.342382504279962,"5","RTF2"
9.45821437279796e-06,0.498641338883898,0.274,0.143,0.346180104258778,"5","ZC3H18"
9.63565499646524e-06,0.515597634403595,0.436,0.267,0.352674608525624,"5","AKT1"
1.03164969673085e-05,0.318519521143007,0.855,0.699,0.377594105500457,"5","YWHAZ"
1.04376188374786e-05,0.437952816876258,0.458,0.288,0.382027287070553,"5","BNIP2"
1.04677338007998e-05,0.302714115151544,0.397,0.234,0.383129524843073,"5","MARCH2"
1.13782014464367e-05,0.562552585695642,0.575,0.416,0.416453551141028,"5","CAPG"
1.21197170407381e-05,0.578873950727245,0.369,0.224,0.443593763408056,"5","AC100810.1"
1.26439236652672e-05,0.336976641825021,0.693,0.499,0.462780250072446,"5","VDAC1"
1.38327526070936e-05,0.478590635933484,0.318,0.173,0.506292578172232,"5","TMEM134"
1.38634950770099e-05,0.529212323813196,0.374,0.213,0.50741778331364,"5","SNAP23"
1.47337710613239e-05,0.446712470395805,0.358,0.208,0.539270754615516,"5","SND1"
1.56851534170695e-05,0.378104353596902,0.285,0.153,0.574092300218159,"5","EP300"
1.62553743937187e-05,0.414324400165387,0.453,0.279,0.594962958184497,"5","SKAP2"
1.64778834741413e-05,0.492702609181752,0.257,0.133,0.603107013037046,"5","LPGAT1"
1.65287936369767e-05,0.355829205212444,0.615,0.421,0.604970375906985,"5","NDUFA6"
1.67499947004771e-05,0.347032618071262,0.324,0.185,0.613066556032163,"5","QARS"
1.7825730202362e-05,1.19485910414925,0.296,0.165,0.652439551136652,"5","ANKH"
2.0313769389249e-05,0.677373043629687,0.251,0.133,0.743504273415904,"5","STARD3NL"
2.2553625977478e-05,0.379594835652513,0.709,0.518,0.825485264401671,"5","COMT"
2.25654233227222e-05,0.676387924501756,0.285,0.158,0.825917059034954,"5","MRPL12"
2.39290767619746e-05,0.410248514108035,0.486,0.306,0.875828138565031,"5","SNRPC"
2.62668209308442e-05,0.290141235684783,0.263,0.135,0.961391912889829,"5","NFYC"
2.63070658691999e-05,0.522675434283235,0.307,0.172,0.962864917878586,"5","MTCH2"
2.64423308092975e-05,0.620270239148987,0.263,0.14,0.967815749951099,"5","NUBP1"
2.69516554161664e-05,0.349435664352329,0.749,0.563,0.986457539887106,"5","ERP29"
2.83098988275965e-05,0.524476837398952,0.419,0.265,1,"5","DNPH1"
2.8495700346005e-05,0.389108966193896,0.62,0.428,1,"5","QKI"
2.89950438828804e-05,0.363392883769252,0.447,0.273,1,"5","CCNY"
2.91272644347312e-05,0.479997007063812,0.318,0.185,1,"5","ARMCX6"
2.9288379048814e-05,0.366710015822452,0.447,0.281,1,"5","NUTF2"
3.03304196481253e-05,0.576951518104357,0.715,0.574,1,"5","HSPD1"
3.07363987939655e-05,0.321797343391423,0.324,0.193,1,"5","TXNRD1"
3.16620488574113e-05,0.45025362527551,0.274,0.145,1,"5","AHCY"
3.19772108829843e-05,0.495606933292825,0.257,0.138,1,"5","OSGEP"
4.00491420767967e-05,0.630409054914073,0.346,0.217,1,"5","PTGER2"
4.11923698170093e-05,0.484009379667208,0.799,0.706,1,"5","CALR"
4.14329131547997e-05,0.544229511344778,0.324,0.189,1,"5","SERTAD2"
4.16424146240019e-05,0.260582078935655,0.441,0.27,1,"5","IER5L"
4.74037477826859e-05,0.381204815640912,0.458,0.292,1,"5","RNF114"
4.85048534803521e-05,0.300065833893085,0.603,0.412,1,"5","MRPL54"
4.86144458956598e-05,0.502939472084678,0.318,0.185,1,"5","PPP2R3C"
4.88828472762854e-05,0.325107936019876,0.654,0.476,1,"5","GHITM"
5.03749041291409e-05,0.288798992668514,0.291,0.16,1,"5","RABL6"
5.29517664012499e-05,0.258579637020628,0.721,0.523,1,"5","LAMTOR1"
5.46694175462394e-05,0.334586293504503,0.263,0.141,1,"5","APIP"
5.62390548870011e-05,0.415648430952582,0.38,0.23,1,"5","UBE2E1"
5.78131646939175e-05,0.285328315753745,0.391,0.237,1,"5","ELOVL1"
5.80161801665668e-05,0.433165317776018,0.268,0.147,1,"5","ZFAND3"
6.07197721316178e-05,0.520373418646782,0.475,0.307,1,"5","NQO2"
6.09780491684976e-05,0.382044559796469,0.346,0.201,1,"5","MRPS12"
6.13262473362389e-05,0.488141496760854,0.832,0.662,1,"5","VMP1"
6.19897694499616e-05,0.552073126719264,0.268,0.146,1,"5","RMDN1"
6.50759655803372e-05,0.273582174622724,0.436,0.277,1,"5","PFDN1"
6.51770684499152e-05,0.31431637137596,0.296,0.166,1,"5","EIF2AK1"
7.35498056659277e-05,0.778630435850789,0.268,0.153,1,"5","IMPA2"
7.49594425475453e-05,0.500183822942249,0.358,0.216,1,"5","STT3B"
7.79620978012418e-05,0.300485824341965,0.296,0.166,1,"5","BAZ2B"
7.85710013867198e-05,0.358285791348212,0.363,0.223,1,"5","ASAP1"
8.01198712992459e-05,0.264787782985816,0.559,0.374,1,"5","PSMA5"
8.37761442136637e-05,0.395567567771284,0.721,0.553,1,"5","TOP1"
8.66138410889865e-05,0.471712249873173,0.33,0.191,1,"5","AIG1"
8.84613889706105e-05,0.357658631104846,0.285,0.159,1,"5","NCOA3"
8.92680353278378e-05,0.35059334534709,0.52,0.341,1,"5","CLINT1"
9.03482201021357e-05,0.452411339489868,0.453,0.301,1,"5","GBP2"
9.56614569538685e-05,0.281138538933901,0.508,0.345,1,"5","SFT2D1"
9.70582443451434e-05,0.462333012622326,0.346,0.211,1,"5","UBE2Z"
9.9414440384175e-05,0.535061654489834,0.251,0.137,1,"5","PACSIN2"
0.000100182311679196,0.534962727803691,0.279,0.16,1,"5","COMMD8"
0.000103758883563459,0.450879737545176,0.402,0.255,1,"5","AGPAT2"
0.000113936944797645,0.667154255658841,0.33,0.201,1,"5","CISD2"
0.000115665068679664,0.355267961371134,0.296,0.169,1,"5","SUZ12"
0.000119792502130135,0.341664765996661,0.749,0.611,1,"5","HSPE1"
0.000127815867677239,0.505724552783897,0.38,0.232,1,"5","USP8"
0.000134256217423573,0.348528627612597,1,0.891,1,"5","KLF6"
0.000137958877563476,0.363356640976553,0.251,0.138,1,"5","ABHD2"
0.000143861333755222,0.406072000621103,0.352,0.215,1,"5","SWAP70"
0.000143979280486517,0.445102410929247,0.419,0.27,1,"5","RPN1"
0.000144896041941913,0.419567448415911,0.402,0.258,1,"5","NSFL1C"
0.00016880844074801,0.395210161778646,0.38,0.241,1,"5","STX10"
0.000170962155871559,0.474415601301446,0.419,0.282,1,"5","HNMT"
0.000175395526946883,0.423764289320634,0.279,0.162,1,"5","HIVEP1"
0.000178767062739233,0.264458957062534,0.497,0.327,1,"5","RAB10"
0.000181717892870802,0.34093397633051,0.363,0.223,1,"5","KMT2C"
0.000183447123248668,0.292845297393989,0.486,0.327,1,"5","BLOC1S6"
0.000185097081537843,0.473075748566349,0.302,0.177,1,"5","UVRAG"
0.00019016289478063,0.576196084741377,0.458,0.304,1,"5","PLBD1"
0.000192810515790216,0.300004004254105,0.453,0.296,1,"5","FDX1"
0.000193964663989004,0.694360703430775,0.413,0.273,1,"5","FOXO3"
0.000194451897808208,0.299192867814008,0.503,0.336,1,"5","HSD17B10"
0.000215503664559787,0.364136080026002,0.307,0.183,1,"5","KDM5A"
0.000219947888352257,0.483096221456622,0.313,0.188,1,"5","MED13"
0.000229474130934458,0.283764992826465,0.263,0.146,1,"5","ALDH16A1"
0.000249359602084478,0.517345223279942,0.318,0.195,1,"5","RABGEF1"
0.000261798506188804,0.487246514461458,0.291,0.175,1,"5","NOTCH2"
0.000276934817730047,0.271540715190625,0.592,0.41,1,"5","STMP1"
0.000280922648303173,0.496867891230249,0.441,0.292,1,"5","HMG20B"
0.000286746623301867,0.438791442125694,0.279,0.164,1,"5","TDG"
0.000300048473680448,0.290750109794501,0.497,0.33,1,"5","BRD4"
0.000320535347818982,0.378206412207195,0.346,0.216,1,"5","TIMM10"
0.000343688253572586,0.305179619346551,0.358,0.223,1,"5","CTNNBL1"
0.000351917441634213,0.557294627041983,0.341,0.21,1,"5","ZNF787"
0.00037313779756275,0.628551957855412,0.251,0.148,1,"5","CTBS"
0.000388354954966823,0.277053942338703,0.553,0.393,1,"5","POLD4"
0.000388426674641784,0.53866607208732,0.251,0.146,1,"5","DDX49"
0.000391415179443159,0.450966879628388,0.307,0.197,1,"5","ENG"
0.000429237733737765,0.511373312667802,0.307,0.191,1,"5","CAMK1"
0.000436943586259348,0.274823088063007,0.408,0.258,1,"5","ANKHD1"
0.000440309562650663,0.39374642362378,0.369,0.232,1,"5","STAG2"
0.000480790206357903,0.301170714063285,0.318,0.196,1,"5","MECP2"
0.000488211126150815,0.323445806515477,0.581,0.432,1,"5","UQCR10"
0.000491383758134469,0.287664668123478,0.38,0.241,1,"5","IFNAR1"
0.00049812764571675,0.35835744452219,0.296,0.179,1,"5","OIP5-AS1"
0.000508558127335459,0.374232476738035,0.352,0.226,1,"5","PPP4R2"
0.000520195623118675,0.274230912232627,0.816,0.686,1,"5","ATP5MC3"
0.000565139286334107,0.566552986367938,0.268,0.159,1,"5","NUP98"
0.000618416632719548,0.615707568057348,0.57,0.405,1,"5","RBBP6"
0.000622156538559056,0.323160331211807,0.458,0.315,1,"5","NDUFB3"
0.000632475002927971,0.25143747810591,0.268,0.157,1,"5","ABHD16A"
0.00068245966373205,0.361059067782789,0.257,0.154,1,"5","ABI2"
0.000699577717282359,0.446806299259304,0.307,0.193,1,"5","MAD2L2"
0.000825262784840544,0.343973593550657,0.257,0.153,1,"5","RLIM"
0.000876186011984666,0.369897386687005,0.302,0.186,1,"5","ARHGAP5"
0.00106494912155369,0.584386005172447,0.385,0.282,1,"5","ANPEP"
0.00108392598173467,0.410280857052258,0.397,0.266,1,"5","ACOT9"
0.00113043371683035,0.355372264809819,0.274,0.165,1,"5","RRP7A"
0.00114020007536393,0.665439639838275,0.285,0.183,1,"5","UBAP1"
0.00118008244316708,0.476939857756746,0.33,0.22,1,"5","ADAM9"
0.00119593694766842,0.296304920755075,0.391,0.271,1,"5","HNRNPH2"
0.0012796461104389,0.56939955573595,0.413,0.287,1,"5","PSENEN"
0.00134185026737122,0.284719959762127,0.575,0.418,1,"5","APEX1"
0.00145098186835137,0.492021858214997,0.263,0.166,1,"5","SCML1"
0.00160032060431939,0.253778872483197,0.279,0.172,1,"5","ZNF410"
0.00171778983275869,0.320743183956354,0.436,0.304,1,"5","SMIM3"
0.00182058223304737,0.379207970427415,0.251,0.162,1,"5","FSCN1"
0.00187728235631224,0.419911396989167,0.257,0.16,1,"5","MX2"
0.00194724849316126,0.361748615710755,0.782,0.62,1,"5","HMGN2"
0.00214456820965122,0.453794375647768,0.419,0.297,1,"5","KRAS"
0.00220364596746979,0.266805228866665,0.486,0.339,1,"5","PSMD12"
0.00237980174889089,0.334344650386934,0.508,0.355,1,"5","NAA20"
0.00240353031901524,0.429851394301231,0.369,0.253,1,"5","TXNDC12"
0.00241483145613297,0.390752522022901,0.263,0.166,1,"5","N4BP1"
0.00254334254314585,0.388272333769976,0.464,0.337,1,"5","CYTOR"
0.00274465725695801,0.380776280051614,0.363,0.248,1,"5","LSM12"
0.00286954544061221,0.469539426558706,0.313,0.218,1,"5","BLVRA"
0.00321004102084454,0.279025614466183,0.765,0.604,1,"5","CLTA"
0.00356844000406173,0.300624231612137,0.402,0.289,1,"5","BLOC1S2"
0.00360003902159336,0.335542662750388,0.592,0.443,1,"5","ALKBH7"
0.00397636573642303,0.310998234558634,0.402,0.276,1,"5","DNAJC2"
0.00400413135320948,0.342798566100117,0.391,0.27,1,"5","VPS35"
0.00421009623436783,0.284968534354132,0.944,0.876,1,"5","HSP90AB1"
0.00424069978747582,0.255209094496968,0.374,0.26,1,"5","GALNT1"
0.00445690119329073,0.308246110112527,0.268,0.173,1,"5","DUSP22"
0.00541090530540589,0.698072733894675,0.391,0.275,1,"5","ISG15"
0.00680652191750112,0.322135822667831,0.263,0.172,1,"5","KAT8"
0.00684350559911436,0.372343908639263,0.402,0.299,1,"5","PID1"
0.00693570968317902,0.323034124250056,0.251,0.166,1,"5","SMIM30"
0.00793262731775325,0.315202708173442,0.48,0.374,1,"5","ERCC1"
0.00907823772321033,0.288732264206981,0.268,0.176,1,"5","NBN"
0.00985366113817292,0.381766809099762,0.257,0.17,1,"5","GNS"
2.07582333053938e-130,4.43003910911116,0.655,0.072,7.59772097210718e-126,"6","SFRP4"
5.35100165271524e-115,4.40606496043492,0.418,0.024,1.95852011491031e-110,"6","WNT2"
2.50546529027144e-108,5.45788968709912,0.492,0.045,9.17025350892248e-104,"6","PRG4"
9.96167217999081e-106,3.48755420918119,0.949,0.263,3.64607163459844e-101,"6","FN1"
9.18137711235029e-103,2.78643996902464,0.847,0.186,3.36047583689133e-98,"6","HSD3B7"
1.11082642382841e-101,3.24470250868539,0.729,0.125,4.06573579385435e-97,"6","SEMA3C"
5.98083957779845e-92,2.86816812732204,0.667,0.111,2.18904709387001e-87,"6","DKK3"
2.02502669883608e-84,2.37076564592439,0.938,0.344,7.41180022040993e-80,"6","PRSS23"
6.20557662703549e-84,3.35926625640951,0.429,0.044,2.27130310126126e-79,"6","LOXL2"
1.47808335414498e-83,2.7520407162428,0.972,0.37,5.40993288450602e-79,"6","FBN1"
1.29152852626139e-82,2.21882012510606,0.955,0.34,4.72712355896933e-78,"6","CD248"
4.14976717567748e-81,2.41311229586395,0.785,0.186,1.51885628396971e-76,"6","HAS2"
6.13486883304018e-80,2.45018260447055,0.989,0.47,2.24542334158104e-75,"6","MFAP5"
3.70468509818005e-76,2.1371190583116,0.944,0.33,1.35595179278488e-71,"6","HTRA3"
2.08757431405376e-75,2.4953193728576,0.463,0.058,7.64073074686816e-71,"6","AQP1"
6.6798191286638e-75,2.04650406486963,0.972,0.407,2.44488059928224e-70,"6","VCAN"
1.04813496686442e-73,2.49490408237675,1,0.562,3.83627879222048e-69,"6","COL1A1"
2.65927127862787e-73,3.40290709821467,0.48,0.068,9.73319880690587e-69,"6","HAS1"
1.50490304822955e-70,2.76028746550341,0.774,0.219,5.50809564682499e-66,"6","PROCR"
4.06459277627095e-70,2.77641217970654,0.672,0.153,1.48768160204293e-65,"6","LOXL1"
6.44576953421644e-69,1.72189648965894,1,0.542,2.35921610721856e-64,"6","FSTL1"
7.19555022631468e-69,2.50037851354911,0.983,0.529,2.63364333833344e-64,"6","COL3A1"
1.89569429800183e-68,2.27437966365398,0.876,0.331,6.93843070011648e-64,"6","S100A16"
8.17919601526887e-65,1.90223323103872,0.757,0.201,2.99366753354856e-60,"6","COL5A1"
3.45166230733643e-64,1.98492231050203,0.887,0.332,1.26334292110821e-59,"6","UGDH"
1.07704780849692e-63,3.42033113685958,0.35,0.038,3.94210268387957e-59,"6","LRRC17"
1.01792835212538e-62,2.1028488142744,0.836,0.275,3.72571956161411e-58,"6","SCARA5"
2.11587379709048e-62,1.64466128695373,0.972,0.526,7.74430968473086e-58,"6","PPP1R14B"
1.23802175448182e-61,1.99105356813028,1,0.595,4.53128342357889e-57,"6","COL1A2"
2.57262885795213e-61,1.76099295062487,0.746,0.197,9.4160788829906e-57,"6","KDELR3"
4.27930801984047e-61,1.78736148745717,0.921,0.356,1.56626952834181e-56,"6","ABI3BP"
5.52368184324632e-61,2.38649184946337,0.554,0.108,2.02172279144659e-56,"6","S1PR3"
9.37708488817546e-61,1.74579076624298,0.944,0.394,3.4321068399211e-56,"6","PPIC"
9.50982181035306e-61,1.79605258494927,0.989,0.57,3.48068988080732e-56,"6","SPARC"
1.38956586212619e-60,2.06493664764135,0.74,0.216,5.08595001196807e-56,"6","PTGIS"
1.13160360657762e-58,2.13134444751367,0.746,0.225,4.14178236043473e-54,"6","CERCAM"
3.12437656944899e-58,1.80984419768905,0.972,0.515,1.14355306818402e-53,"6","THY1"
6.18074971759524e-58,1.82658609162156,1,0.537,2.26221620413703e-53,"6","CLU"
8.9511082179747e-58,2.38226899137021,0.525,0.101,3.27619511886092e-53,"6","BMP1"
5.51244111867154e-57,2.0529026976718,0.831,0.283,2.01760857384497e-52,"6","TPPP3"
1.01956734347274e-56,1.2137661499125,1,0.927,3.73171843384459e-52,"6","S100A6"
3.7189382649534e-56,1.43050766972838,1,0.609,1.36116859435559e-51,"6","COL6A1"
6.09513669192236e-56,1.42123668471783,0.994,0.849,2.2308809806105e-51,"6","SH3BGRL3"
8.42740002834332e-56,1.23837072717726,1,0.792,3.08451268437394e-51,"6","ANXA2"
3.14152024431795e-55,1.1214429713199,1,0.915,1.14982782462281e-50,"6","S100A10"
4.97697576166588e-55,2.18826047328463,0.61,0.142,1.82162289852733e-50,"6","FAT1"
8.58750268897258e-55,1.72761868095314,0.876,0.328,3.14311185919086e-50,"6","VASN"
1.29190924969864e-53,1.56251728015804,0.927,0.456,4.728517044822e-49,"6","CALU"
1.57140158051333e-53,1.99403424896303,0.757,0.243,5.75148692483683e-49,"6","SCARA3"
2.28855858693323e-53,1.69653839138006,0.441,0.074,8.37635328403432e-49,"6","GASK1B"
1.02820386218812e-51,1.9005076826574,0.847,0.362,3.76332895599475e-47,"6","CRABP2"
1.19168593409811e-51,1.74584954422603,0.791,0.257,4.36168968739249e-47,"6","DBN1"
1.76507739260589e-51,1.56534794128981,0.955,0.559,6.46035976467683e-47,"6","CAV1"
3.49239275105905e-51,1.54399024442487,0.977,0.519,1.27825067081512e-46,"6","PCOLCE"
1.49155568044845e-50,1.20157590719586,0.983,0.734,5.45924294600938e-46,"6","ANXA5"
1.70985852273845e-50,1.79890889712117,0.853,0.368,6.25825317907499e-46,"6","COL5A2"
2.18705695964856e-50,1.59002134783852,0.944,0.477,8.00484717800971e-46,"6","UGP2"
2.50485249797748e-50,2.26260526399685,0.633,0.185,9.16801062784738e-46,"6","GPC1"
3.01535060776883e-50,1.45821527303004,0.898,0.39,1.10364847594947e-45,"6","RCN3"
4.56117825629045e-50,1.83384471539771,0.701,0.205,1.66943685358487e-45,"6","CILP"
1.11043107020745e-49,1.84628746825777,0.605,0.148,4.06428876006629e-45,"6","STXBP6"
1.13899393889252e-49,1.71810546561874,0.994,0.589,4.16883171574052e-45,"6","IGFBP6"
1.16322271241043e-49,1.42676414463993,0.989,0.516,4.25751144969342e-45,"6","ECM1"
1.36559668735033e-49,1.33417223043008,0.525,0.105,4.99822043537096e-45,"6","TRAC"
5.09387115218741e-49,1.21189130656975,1,0.634,1.86440778041212e-44,"6","COL6A2"
6.79799880276786e-49,1.52008720324631,0.989,0.777,2.48813554180106e-44,"6","EMP3"
1.68387678337344e-47,2.40665793204183,0.469,0.1,6.16315741482511e-43,"6","PAMR1"
1.81538907050286e-47,1.7463771827239,0.96,0.479,6.64450553694754e-43,"6","TNXB"
2.13841264277167e-47,1.55821334448326,0.96,0.525,7.82680411380859e-43,"6","UAP1"
4.15048668471597e-47,2.86113727473588,0.305,0.04,1.51911963147289e-42,"6","PYCR1"
1.23829750668474e-46,1.94795814405966,0.757,0.286,4.5322927042168e-42,"6","SERPINE1"
2.81457989970413e-46,1.473045742156,0.78,0.256,1.03016438909071e-41,"6","AADAC"
3.80526158012494e-46,1.47339099144173,0.74,0.244,1.39276379094153e-41,"6","FKBP10"
1.37659668499004e-45,1.37709129409956,0.989,0.527,5.03848152673203e-41,"6","COL6A3"
2.5229179799504e-45,2.26442794038025,0.559,0.143,9.23413209841647e-41,"6","GNPNAT1"
6.71682275938368e-45,2.54990200301067,0.294,0.038,2.45842429816202e-40,"6","BEND6"
1.41407244727466e-44,1.03605503921777,0.994,0.843,5.17564656426997e-40,"6","LGALS1"
3.52576390773801e-44,2.79799802837264,0.356,0.061,1.29046484787119e-39,"6","POSTN"
9.82238081189852e-44,1.78822324737925,0.638,0.188,3.59508960096298e-39,"6","SSC5D"
1.32347544832032e-43,1.61574263257227,0.825,0.35,4.8440524883972e-39,"6","SERPINH1"
1.54476979485388e-43,1.50374291181466,0.701,0.219,5.65401192614468e-39,"6","EHD2"
2.7761981484278e-43,0.899628089123698,1,0.82,1.01611628430606e-38,"6","CD63"
3.36424722480724e-43,1.92497150412154,0.463,0.097,1.2313481267517e-38,"6","P3H3"
3.91949939892154e-43,1.39239823769023,0.949,0.497,1.43457597499927e-38,"6","SDC2"
5.8161873056699e-43,1.29156660848136,0.949,0.493,2.12878271574824e-38,"6","CAVIN3"
7.42722254285786e-43,2.29796199956809,0.395,0.073,2.71843772291141e-38,"6","SERPINE2"
1.41429397955604e-42,2.17358232622329,0.39,0.074,5.17645739457305e-38,"6","HSD11B1"
4.304341279554e-42,1.25058667407666,0.921,0.524,1.57543195172956e-37,"6","VKORC1"
4.31145463942931e-42,1.61870692093468,0.734,0.249,1.57803551257752e-37,"6","GPX8"
5.32492162625729e-42,1.28648622589641,0.949,0.519,1.94897456442643e-37,"6","CD151"
1.04713110307649e-41,0.972906946611108,1,0.811,3.83260455037026e-37,"6","S100A11"
1.61735078164666e-41,2.48301879911307,0.294,0.042,5.91966559590495e-37,"6","MOXD1"
1.93216836467405e-41,1.95695280562107,0.497,0.117,7.07192943154349e-37,"6","PDLIM7"
2.15095029084576e-41,2.11444058151656,0.424,0.088,7.87269315952458e-37,"6","LINC01133"
7.33069874178803e-41,2.05113687520322,0.525,0.142,2.68310904648184e-36,"6","ALDH1A3"
1.74685348069214e-40,1.28115144535805,0.949,0.513,6.39365842468129e-36,"6","CAPN2"
2.15545947291961e-40,1.51958237085183,0.576,0.16,7.88919721683308e-36,"6","MRGPRF"
3.36092697041836e-40,1.95102774031425,0.52,0.137,1.23013288044282e-35,"6","LMCD1"
3.64972455803626e-40,1.23017916611764,1,0.738,1.33583568548685e-35,"6","TIMP1"
1.90559982750516e-39,1.37487472731581,0.695,0.217,6.97468592865164e-35,"6","DNM1"
8.08069015312015e-39,1.67211584095908,0.644,0.213,2.95761340294351e-34,"6","SPRYD3"
2.04766116694281e-38,1.24262545111964,0.915,0.485,7.49464463712739e-34,"6","PGRMC1"
2.24495877811143e-38,1.30514037111752,0.972,0.61,8.21677362376564e-34,"6","CD9"
5.94190648257551e-38,1.11579267867721,0.915,0.564,2.17479719168746e-33,"6","KDELR2"
6.56674798550701e-38,1.44749211754012,0.746,0.268,2.40349543017542e-33,"6","PRRX2"
1.28300572715991e-37,1.60343652312394,0.678,0.235,4.69592926197797e-33,"6","LINC02802"
1.30881959006097e-37,1.5083017537283,0.819,0.356,4.79041058158216e-33,"6","TNFAIP6"
1.43422202891388e-37,1.32968975406349,0.944,0.488,5.24939604802767e-33,"6","EFEMP1"
3.2711271270067e-37,1.70001615715743,0.508,0.135,1.19726523975572e-32,"6","FAP"
4.16895874026492e-37,1.37436953739659,0.814,0.362,1.52588058852436e-32,"6","SMIM14"
5.24793279937798e-37,1.32787502701485,0.74,0.271,1.92079588390033e-32,"6","MRC2"
6.33462306349103e-37,2.0274388149701,0.48,0.128,2.31853538746835e-32,"6","COL5A3"
7.36007599255984e-37,1.21737448144179,0.667,0.218,2.69386141403683e-32,"6","CRIP2"
9.44866148319266e-37,1.72856845285118,0.446,0.109,3.45830458946334e-32,"6","ACE"
1.13699271025458e-36,0.93699893490286,0.96,0.759,4.16150701880278e-32,"6","RHOA"
1.3386598706003e-36,1.20844445144807,0.746,0.282,4.89962899238417e-32,"6","TWIST2"
2.50006736583586e-36,2.09567237314074,0.367,0.074,9.15049656569583e-32,"6","CA12"
3.35353150291158e-36,1.28260963454894,0.802,0.336,1.22742606538067e-31,"6","FAM114A1"
6.75771949248628e-36,1.48493602603325,0.508,0.131,2.4733929114449e-31,"6","SLC39A13"
9.12722138916789e-36,1.7256204970811,0.847,0.393,3.34065430064934e-31,"6","PCOLCE2"
1.00898618896133e-35,1.13212283141027,0.864,0.398,3.69299035021736e-31,"6","HSPG2"
1.06119189572774e-35,1.21074246913246,0.932,0.566,3.88406845755311e-31,"6","PKM"
1.09378591898349e-35,1.04516750081199,0.955,0.479,4.00336584207146e-31,"6","DPT"
1.57524343899959e-35,2.34240887217273,0.277,0.044,5.7655485110824e-31,"6","SLC35E4"
1.63005401926682e-35,2.13325110460873,0.367,0.076,5.96616071591848e-31,"6","MXRA5"
4.00488289810756e-35,1.71760757578108,0.751,0.325,1.46582718953635e-30,"6","ACKR3"
4.54732604271672e-35,0.890354364698971,0.977,0.788,1.66436680489475e-30,"6","PPIB"
5.15328079291879e-35,1.13253126940994,0.91,0.425,1.88615230301621e-30,"6","FERMT2"
7.23461236817248e-35,1.29055319018851,0.78,0.319,2.64794047287481e-30,"6","DBNDD2"
8.5818253706516e-35,1.09114324824653,0.904,0.458,3.14103390391219e-30,"6","ANXA4"
1.02817307785094e-34,2.12289708348556,0.542,0.166,3.76321628224221e-30,"6","C17orf58"
2.08519346694999e-34,1.36472216948282,0.842,0.385,7.63201660838364e-30,"6","PLA2G2A"
2.42237383848705e-34,1.56960420365266,0.48,0.128,8.86613048624644e-30,"6","B4GALT2"
2.78640431686091e-34,0.974334136047539,0.989,0.719,1.01985184401426e-29,"6","PRDX1"
7.86886204393913e-34,1.39076694495461,0.525,0.151,2.88008219670216e-29,"6","ADAMTS2"
8.21406461701521e-34,1.15332270053461,0.955,0.599,3.00642979047374e-29,"6","RHOB"
2.31498622020366e-33,1.04023473753144,0.96,0.629,8.47308106456742e-29,"6","REEP5"
4.55183316086862e-33,1.27529971566165,0.802,0.34,1.66601645520952e-28,"6","ELN"
5.38555213188637e-33,1.63321224450504,0.548,0.17,1.97116593579173e-28,"6","SLC44A1"
5.66651404800435e-33,1.34372066233078,0.588,0.186,2.07400080671007e-28,"6","CKAP4"
1.0245123239773e-32,1.42650322108271,0.65,0.23,3.74981755698933e-28,"6","ADAMTS5"
1.4231627836865e-32,1.06917867017994,0.915,0.602,5.20891810457096e-28,"6","TUBB"
1.86236639986382e-32,0.883392695880903,1,0.899,6.81644726014156e-28,"6","S100A4"
2.08784303480619e-32,1.21062332493668,0.78,0.337,7.64171429169413e-28,"6","DST"
2.35911746069037e-32,1.06115086116111,0.876,0.407,8.63460581787281e-28,"6","GPRC5A"
2.72985663342231e-32,1.48507480904896,0.655,0.239,9.991548263989e-28,"6","CREB5"
2.91105218044503e-32,1.52212710111639,0.542,0.167,1.06547420856468e-27,"6","CSF1"
3.2125661955389e-32,1.30374510871441,0.599,0.198,1.17583135322919e-27,"6","PTGER2"
7.00761810570813e-32,1.14499566293553,0.774,0.333,2.56485830287023e-27,"6","YIF1A"
7.81395154396162e-32,2.4560896810812,0.294,0.055,2.85998440460539e-27,"6","COL8A2"
8.64873385150231e-32,1.06382157299721,0.91,0.459,3.16552307698836e-27,"6","TWIST1"
9.50512084685165e-32,0.947490176779088,0.977,0.623,3.47896928115617e-27,"6","CD59"
1.18423785694636e-31,1.67685576800119,0.429,0.111,4.33442898020938e-27,"6","GLIS3"
1.79805101043129e-31,1.10695168249302,0.831,0.414,6.58104650327957e-27,"6","RCN1"
3.19908020164044e-31,1.24594075263387,0.418,0.106,1.17089534460242e-26,"6","THBS1"
3.46024893293616e-31,1.41076116915585,0.661,0.263,1.26648571194396e-26,"6","LOX"
3.8134362187821e-31,1.20501547981623,0.734,0.285,1.39575579043644e-26,"6","SLC39A7"
4.36857888702193e-31,1.64279930742337,0.542,0.173,1.5989435584389e-26,"6","P4HA2"
5.08492920844883e-31,1.52410948912926,0.582,0.193,1.86113493958435e-26,"6","PLXDC1"
5.1219010638854e-31,1.22821657004273,0.74,0.306,1.8746670083927e-26,"6","NBL1"
5.25132238169646e-31,1.0898439832297,0.989,0.591,1.92203650492472e-26,"6","TIMP3"
8.54109421064572e-31,0.956601409884899,0.955,0.518,3.12612589203844e-26,"6","HTRA1"
1.00222257489422e-30,1.68111096729464,0.367,0.084,3.66823484637034e-26,"6","EML1"
1.29057638181387e-30,2.03077783414615,0.362,0.084,4.72363861507696e-26,"6","MAGED1"
1.45183068326675e-30,1.13856161390586,0.706,0.264,5.31384548382463e-26,"6","SNX7"
2.2305274689251e-30,1.31188112678363,0.757,0.305,8.16395358901276e-26,"6","COL14A1"
2.4073152779502e-30,1.33734699839535,0.757,0.328,8.81101464882554e-26,"6","LTBP4"
2.54434879455665e-30,1.07771870801064,0.751,0.308,9.31257102295681e-26,"6","OAF"
3.64741925068561e-30,1.69863677262446,0.78,0.401,1.33499191994344e-25,"6","ANGPTL4"
3.66651717543397e-30,1.18293183121659,0.712,0.286,1.34198195138059e-25,"6","TGFBR3"
4.72596052981141e-30,1.13049701026705,0.921,0.575,1.72974881351627e-25,"6","P4HB"
5.58517107037552e-30,1.25148467845559,0.633,0.241,2.04422846346814e-25,"6","ITGAV"
5.70425934592697e-30,0.994130171460847,0.994,0.603,2.08781596320273e-25,"6","LUM"
6.71018935378825e-30,1.34229710598942,0.644,0.228,2.45599640538004e-25,"6","MYOF"
9.79710992496891e-30,2.09420406671478,0.299,0.061,3.58584020363787e-25,"6","CREB3L1"
1.43282673740226e-29,1.39784239486828,0.429,0.116,5.24428914156603e-25,"6","DPP4"
1.43452555051677e-29,1.15524607701736,0.763,0.337,5.25050696744642e-25,"6","PLPP1"
1.8215466842028e-29,0.846892591036286,0.955,0.674,6.66704301885066e-25,"6","DAD1"
1.94424645107592e-29,1.97433802777341,0.26,0.046,7.11613643558297e-25,"6","CCDC34"
1.95437735663423e-29,0.806539978570088,0.876,0.447,7.15321656301693e-25,"6","CDK2AP1"
2.07573897065633e-29,1.81022812037957,0.497,0.155,7.59741220649923e-25,"6","GADD45G"
2.43975569186504e-29,1.01731002400776,0.847,0.419,8.92974980779524e-25,"6","HM13"
3.49117895363317e-29,0.860555991860607,0.689,0.264,1.27780640881928e-24,"6","ITGA5"
3.79082064738895e-29,1.00104806313098,0.638,0.234,1.38747826515083e-24,"6","ITGBL1"
4.12885823776074e-29,1.88178928293792,0.277,0.052,1.51120340360281e-24,"6","BAG2"
5.3999775572518e-29,1.1613691431589,0.712,0.292,1.97644578572973e-24,"6","AXL"
5.98020220201568e-29,0.845991317116278,0.966,0.716,2.18881380795976e-24,"6","RABAC1"
7.46752877605869e-29,0.927845013783998,0.429,0.117,2.73319020732524e-24,"6","PDPN"
7.91655388298618e-29,1.56309554382964,0.401,0.104,2.89753788671177e-24,"6","CYB561"
1.10855465670659e-28,1.7356580276963,0.508,0.162,4.05742089901178e-24,"6","CLEC3B"
1.25221910043985e-28,0.900727494302806,0.921,0.444,4.5832471295199e-24,"6","MAP1B"
1.29476091437879e-28,0.987586983617708,0.887,0.478,4.73895442271782e-24,"6","PRDX4"
1.31682758793806e-28,1.43386393351396,0.571,0.194,4.81972065461209e-24,"6","TPST1"
1.34291469368462e-28,1.50897006593325,0.458,0.135,4.91520207035508e-24,"6","CFB"
1.53717358266627e-28,0.647677154708707,0.983,0.895,5.62620902991682e-24,"6","SERF2"
1.57059531970067e-28,0.870702126974173,0.91,0.544,5.74853592963643e-24,"6","TYMP"
1.83385815431414e-28,0.994136416697457,0.881,0.439,6.7121042306052e-24,"6","MEG3"
1.95179805436678e-28,0.984938482400124,0.797,0.363,7.14377605878786e-24,"6","LAMA4"
2.78789734019741e-28,1.2656504930439,0.599,0.209,1.02039830548566e-23,"6","PHLDB1"
2.80585094029753e-28,0.888713346120056,0.814,0.366,1.0269695026583e-23,"6","RPS4Y1"
4.01062944600094e-28,0.631740734166677,0.994,0.857,1.4679304835308e-23,"6","LDHA"
4.13346912364264e-28,1.71810359121861,0.339,0.078,1.51289103394444e-23,"6","FLNB"
4.45534685657704e-28,1.18571135507335,0.712,0.295,1.63070150297576e-23,"6","TXNDC5"
4.73439391335602e-28,1.21473476028929,0.729,0.301,1.73283551622744e-23,"6","GFPT2"
6.23780811739012e-28,1.20395738673784,0.605,0.216,2.28310014904596e-23,"6","SLC39A14"
7.0351153406891e-28,1.07413766082406,0.859,0.466,2.57492256584562e-23,"6","TUBA1C"
7.20385334115174e-28,1.22323455891577,0.605,0.214,2.63668236139495e-23,"6","CXXC5"
8.27485101516695e-28,1.14761369409323,0.661,0.255,3.02867822006126e-23,"6","GLT8D1"
8.66340321015498e-28,0.9241247136414,0.887,0.444,3.17089220894883e-23,"6","NUCB2"
8.66830187715865e-28,0.978967491443067,0.91,0.499,3.17268517005884e-23,"6","TMED9"
9.06500003514113e-28,1.35551855892073,0.542,0.179,3.31788066286201e-23,"6","YIPF2"
1.12047740608577e-27,1.32130175091118,0.836,0.434,4.10105935401453e-23,"6","TUBB2A"
1.17034395344734e-27,1.54883834873516,0.424,0.117,4.2835759040126e-23,"6","FKBP14"
1.20403671166533e-27,0.933555597476225,0.989,0.527,4.40689476836629e-23,"6","FBLN2"
1.25198340951043e-27,1.94013602166987,0.266,0.051,4.58238447714914e-23,"6","KAZALD1"
1.36342383306353e-27,0.978998550012456,0.554,0.19,4.99026757139581e-23,"6","SRPRB"
1.49443166930481e-27,1.29202282359817,0.401,0.105,5.46976935282253e-23,"6","P3H1"
1.79935039683267e-27,1.1283000466714,0.808,0.399,6.58580238744727e-23,"6","CAPG"
1.85455652900014e-27,0.881590371796944,0.808,0.387,6.78786235179341e-23,"6","HDLBP"
2.26010249526673e-27,1.39014844240318,0.395,0.105,8.27220114292577e-23,"6","PAPSS2"
2.98845864945441e-27,1.41549874864898,0.525,0.182,1.09380575028681e-22,"6","AK1"
4.13046349345879e-27,0.871271868021871,0.983,0.581,1.51179094324085e-22,"6","S100A13"
5.67065489280007e-27,0.87962677409233,0.91,0.481,2.07551639731375e-22,"6","FGFR1"
5.86871217932973e-27,0.945846668648078,0.559,0.18,2.14800734475648e-22,"6","NCKAP1"
6.76054436115656e-27,0.84732496484723,0.904,0.516,2.47442684162691e-22,"6","TUBB6"
6.89431022824931e-27,1.90332128765668,0.299,0.065,2.52338648664153e-22,"6","P3H4"
8.19816642268477e-27,0.69377966618808,0.983,0.807,3.00061089236685e-22,"6","NME2"
8.6724491703661e-27,1.56081073793256,0.362,0.092,3.1742031208457e-22,"6","CDH13"
9.93956439291294e-27,1.43643071724618,0.475,0.146,3.63797996345007e-22,"6","PRAF2"
1.0148095642737e-26,0.902458275350132,0.825,0.366,3.71430448619817e-22,"6","TPM1"
1.07481714190021e-26,1.81749095657787,0.277,0.057,3.93393822106895e-22,"6","SPAG17"
1.28534490866455e-26,0.826636627524786,0.994,0.584,4.70449090020311e-22,"6","PLAC9"
1.45458721019845e-26,0.985709784138848,0.802,0.361,5.32393464804733e-22,"6","DCLK1"
2.51899797382664e-26,1.02814405616337,0.791,0.386,9.21978448400288e-22,"6","HCFC1R1"
2.51904675145981e-26,0.759417309446946,0.881,0.443,9.21996301501805e-22,"6","ANK2"
2.69511184364867e-26,0.856303113151822,0.859,0.408,9.86437885893851e-22,"6","PDGFRB"
3.61739189542103e-26,1.34283271364082,0.599,0.229,1.32400160764305e-21,"6","ISOC2"
4.03508566924047e-26,0.623684823307569,0.548,0.186,1.47688170579871e-21,"6","ADA"
4.06765218285937e-26,0.695039946092985,1,0.803,1.48880137544836e-21,"6","GPX4"
4.99427606331901e-26,0.852496185130143,0.751,0.318,1.82795498193539e-21,"6","CTTN"
6.28809145247533e-26,1.00178467433773,0.887,0.538,2.3015043525205e-21,"6","RHOC"
6.36932655624298e-26,1.04611707269061,0.791,0.382,2.33123721285049e-21,"6","PIGT"
6.52657417132168e-26,0.708046658620188,0.977,0.709,2.38879141244545e-21,"6","MGST3"
6.91285575143063e-26,0.968194876226549,0.797,0.397,2.53017433358112e-21,"6","TNFRSF12A"
1.4012594937952e-25,1.03352801066043,0.627,0.253,5.12874987323981e-21,"6","HIGD1A"
2.01407824304629e-25,0.839627855355098,0.887,0.588,7.37172777737374e-21,"6","MYDGF"
2.24097928007241e-25,1.04751561941478,0.847,0.439,8.20220826299303e-21,"6","REXO2"
2.34191683866412e-25,1.61837773035903,0.345,0.087,8.57164982119454e-21,"6","GALNT16"
2.34850762510268e-25,0.686089700285796,0.994,0.548,8.59577275863831e-21,"6","MMP2"
2.84516054097636e-25,0.963160402611478,0.644,0.245,1.04135720960276e-20,"6","IKBIP"
2.87939303349098e-25,0.779085497815696,0.96,0.767,1.05388664418804e-20,"6","TXN"
3.00973207188214e-25,0.894495514199991,0.548,0.194,1.10159203562958e-20,"6","DLGAP4"
3.30809375620322e-25,0.835473920677466,0.927,0.547,1.21079539570794e-20,"6","TPM4"
4.05579681262025e-25,1.03847080360701,0.554,0.199,1.48446219138714e-20,"6","GJA1"
4.36955225990859e-25,1.15683301320415,0.537,0.185,1.59929982264914e-20,"6","CD109"
4.71960084405181e-25,0.859551160173843,0.944,0.709,1.7274211049314e-20,"6","ENO1"
4.96252054204222e-25,1.2001574208463,0.751,0.385,1.81633214359287e-20,"6","TENT5A"
6.5308153027556e-25,1.08684750600448,0.695,0.297,2.39034370896158e-20,"6","OGN"
7.00686018167617e-25,0.913724175216971,0.831,0.467,2.56458089509529e-20,"6","UBE2E3"
7.38573498153017e-25,0.983524605437389,0.819,0.416,2.70325286058986e-20,"6","LMAN1"
7.48696612465162e-25,1.14801757309103,0.701,0.311,2.74030447128374e-20,"6","NME1"
8.52481399916836e-25,1.83159979892593,0.271,0.058,3.12016717183561e-20,"6","RETREG1"
9.05514176004778e-25,0.692241008373425,0.605,0.234,3.31427243559509e-20,"6","ADAMTS1"
9.61206019403e-25,0.95247854863851,0.689,0.285,3.51811015161692e-20,"6","CLIC4"
1.03135083965533e-24,0.953334464804527,0.836,0.431,3.77484720822248e-20,"6","MPG"
1.11840656597077e-24,0.768152588104612,0.966,0.556,4.09347987210961e-20,"6","CAVIN1"
1.24180273214844e-24,0.626771613230953,0.915,0.501,4.5451221799365e-20,"6","SPON2"
1.26129526225748e-24,1.07485760062167,0.785,0.395,4.61646678938861e-20,"6","YWHAH"
1.46211836182679e-24,1.24402461601715,0.531,0.189,5.35149941612225e-20,"6","LRRN4CL"
1.62494385085963e-24,1.57172205922856,0.39,0.109,5.94745698853132e-20,"6","JAM3"
1.89294994637306e-24,0.920855445711934,0.825,0.406,6.92838609872005e-20,"6","RRAS"
2.06093267819386e-24,0.917873501494912,0.842,0.427,7.54321969545735e-20,"6","EEA1"
2.10997932434112e-24,2.60546920897155,0.367,0.108,7.72273532502092e-20,"6","PI16"
2.3730851570445e-24,0.963687684311096,0.825,0.421,8.68572898329858e-20,"6","TAX1BP3"
2.44471670888161e-24,1.58700996820564,0.395,0.117,8.94790762617758e-20,"6","MEG8"
2.47411693156687e-24,0.935346987379518,0.915,0.539,9.0555153812279e-20,"6","CLTB"
2.97339476167912e-24,0.774396381199185,0.989,0.68,1.08829221672217e-19,"6","EMP1"
3.28250055551013e-24,0.826122974713539,0.966,0.67,1.20142802832226e-19,"6","RNH1"
3.29220140231565e-24,1.0911833751374,0.554,0.199,1.20497863526155e-19,"6","SAMD4A"
4.2643950719631e-24,0.871902498071528,0.853,0.449,1.56081124028922e-19,"6","ANXA7"
4.69966164520734e-24,0.837339540114907,0.91,0.591,1.72012315876234e-19,"6","BSG"
5.13674248364448e-24,1.19935187929912,0.429,0.132,1.88009911643871e-19,"6","GPX7"
7.35663498844332e-24,1.41237512360048,0.593,0.244,2.69260197212014e-19,"6","AHNAK2"
7.86228867696129e-24,0.77124041716612,0.814,0.385,2.8776762786546e-19,"6","YIPF3"
8.21478026469301e-24,1.04658322563466,0.599,0.235,3.00669172468029e-19,"6","PLEC"
1.12618694183043e-23,0.983460195796496,0.729,0.331,4.12195682579356e-19,"6","OSR2"
1.13429876802533e-23,1.0262776906524,0.475,0.157,4.15164692084951e-19,"6","MIR100HG"
1.19550064249121e-23,0.973382509775902,0.644,0.252,4.37565190158207e-19,"6","CAV2"
1.29260062547792e-23,0.867532112083223,0.825,0.389,4.73104754931173e-19,"6","EFEMP2"
1.39453984508852e-23,1.62160944946943,0.333,0.085,5.1041552870085e-19,"6","TMTC3"
1.44899761404766e-23,0.700733411044983,0.893,0.454,5.30347616717582e-19,"6","MEDAG"
2.55752163950233e-23,0.924150642615742,0.808,0.423,9.36078495274248e-19,"6","PSMB5"
2.77381883903275e-23,0.830740326835121,0.684,0.296,1.01524543327438e-18,"6","TRIOBP"
2.83683646415952e-23,0.981628073216688,0.763,0.342,1.03831051424703e-18,"6","F3"
2.91255700098781e-23,1.3138732296194,0.316,0.08,1.06602498793155e-18,"6","S100A3"
3.13992829280359e-23,0.620133667007748,0.994,0.781,1.14924515444904e-18,"6","GSTP1"
3.90797122360213e-23,0.961650113518847,0.893,0.582,1.43035654755062e-18,"6","LY6E"
4.51866527544753e-23,1.25206500162294,0.672,0.311,1.65387667746655e-18,"6","AKR1C2"
4.72233433009075e-23,1.24809419126424,0.531,0.192,1.72842158815652e-18,"6","SCCPDH"
4.85053594683388e-23,0.832151450511878,1,0.59,1.77534466190067e-18,"6","CCDC80"
4.90077467585626e-23,0.918475271061515,0.887,0.611,1.79373253911015e-18,"6","FKBP1A"
5.82783558701518e-23,1.909801326246,0.254,0.055,2.13304610320342e-18,"6","XPNPEP2"
7.85763389708964e-23,0.609228094465124,0.927,0.492,2.87597258267378e-18,"6","CCN2"
8.20758208124764e-23,0.796058800861317,0.825,0.402,3.00405711755745e-18,"6","AKR1C1"
9.34649957176514e-23,0.971412404644154,0.684,0.32,3.42091230826176e-18,"6","SLC27A3"
9.49163558205029e-23,0.687336227350049,0.938,0.625,3.47403353938622e-18,"6","MT1E"
1.08562586089778e-22,0.781132991390011,0.932,0.57,3.97349921347195e-18,"6","OSTC"
1.17766968688317e-22,1.00397754957064,0.401,0.117,4.31038882096111e-18,"6","TCTN1"
1.35387731120478e-22,0.787662364161872,0.944,0.51,4.95532634674063e-18,"6","LGALS3BP"
1.44924423500323e-22,1.91577472796999,0.311,0.082,5.30437882453533e-18,"6","TUBB3"
1.45762339670754e-22,0.904083807307145,0.712,0.321,5.33504739428927e-18,"6","TMED3"
1.60938864645977e-22,0.891476091714777,0.695,0.319,5.8905233849074e-18,"6","LRRC59"
2.25044626394843e-22,0.714696233391472,0.955,0.578,8.23685837067764e-18,"6","CYB5R3"
2.39646641784285e-22,0.638672864161864,0.887,0.546,8.7713067359466e-18,"6","ACADVL"
2.4918173537514e-22,1.58221581638366,0.294,0.074,9.12030069646549e-18,"6","KCTD11"
2.57902579114729e-22,1.3716248352314,0.35,0.1,9.43949229817818e-18,"6","C1QTNF2"
2.59690782637484e-22,0.845770322602779,0.695,0.294,9.50494233531453e-18,"6","TGFB1I1"
3.53899292148414e-22,0.808456344114941,0.78,0.373,1.29530679919241e-17,"6","TSHZ2"
4.40502446375143e-22,1.04045817895791,0.768,0.357,1.61228300397766e-17,"6","ISLR"
4.57968956062112e-22,1.03169112605731,0.695,0.339,1.67621217608294e-17,"6","PLIN3"
4.94042051676393e-22,1.40646084103522,0.39,0.118,1.80824331334077e-17,"6","NPR1"
5.39304922631049e-22,1.21196236311493,0.644,0.288,1.9739099473219e-17,"6","LMO4"
7.5679650128649e-22,0.694884411557435,0.972,0.691,2.76995087435868e-17,"6","ARL6IP5"
7.70543446271324e-22,0.815317464656257,0.881,0.464,2.82026606769767e-17,"6","SLIT3"
7.84622432552489e-22,1.49588919109299,0.356,0.103,2.87179656538536e-17,"6","DPCD"
7.85622975823568e-22,1.08810422518053,0.554,0.206,2.87545865381184e-17,"6","PKDCC"
9.11217986724311e-22,1.19748624554709,0.531,0.202,3.33514895320965e-17,"6","SEC23A"
1.42395052509037e-21,0.802124500422607,0.898,0.498,5.21180131688328e-17,"6","SELENOS"
1.44899650432654e-21,0.70702644595439,0.96,0.697,5.30347210548556e-17,"6","PRDX6"
1.48806998113008e-21,1.70565316288429,0.469,0.178,5.44648493793419e-17,"6","MEST"
1.52283109056349e-21,0.942543793960461,0.593,0.229,5.57371407457142e-17,"6","AGTRAP"
1.79359341064751e-21,0.831278166657264,0.881,0.539,6.56473124231095e-17,"6","PHPT1"
1.92984679079707e-21,1.15729314392018,0.593,0.249,7.06343223899635e-17,"6","SH3GL1"
1.99038491984036e-21,0.889027045021809,0.768,0.369,7.28500784510769e-17,"6","SEC31A"
1.99872981353266e-21,0.954811383132469,0.87,0.451,7.31555099051088e-17,"6","CPQ"
2.24822551934034e-21,0.712932223257062,0.904,0.593,8.22873022333758e-17,"6","ARF4"
2.32059210746293e-21,1.13680952763928,0.531,0.203,8.49359917252505e-17,"6","ARCN1"
2.48366397772911e-21,0.898274000736383,0.819,0.453,9.09045852488633e-17,"6","CCDC71L"
3.33508575420115e-21,1.09417609857551,0.418,0.131,1.22067473689516e-16,"6","MORC4"
3.50513381980884e-21,1.09742346704328,0.571,0.222,1.28291402938823e-16,"6","DPYSL3"
3.55471360298126e-21,0.943172983024901,0.531,0.199,1.30106072582717e-16,"6","MMP14"
3.6904920590229e-21,0.646356017850064,0.842,0.452,1.35075699852297e-16,"6","PXDC1"
3.95698011845278e-21,1.24415908795712,0.576,0.245,1.4482942931549e-16,"6","PDLIM4"
3.96719596311751e-21,0.960271318343884,0.565,0.225,1.45203339446064e-16,"6","REEP3"
4.09025319629932e-21,0.636110394777963,0.91,0.603,1.49707357237752e-16,"6","PTMS"
4.86376448712981e-21,0.958382642924122,0.836,0.426,1.78018643993438e-16,"6","RTN3"
5.73188396390843e-21,1.10979734035385,0.531,0.202,2.09792684963012e-16,"6","PALM"
5.91623502604353e-21,0.851225132608343,0.927,0.601,2.16540118188219e-16,"6","PLP2"
5.94447834534752e-21,0.80038674824112,0.768,0.366,2.17573851918065e-16,"6","IFT57"
6.20446885646811e-21,0.861503912949115,0.763,0.347,2.27089764615589e-16,"6","CNIH4"
6.29713121063861e-21,0.692995607329909,0.831,0.423,2.30481299440584e-16,"6","COPZ2"
6.95376622490048e-21,0.849104249122532,0.463,0.165,2.54514797597583e-16,"6","MRPL17"
6.96533864673833e-21,1.34043714867121,0.723,0.375,2.54938359809269e-16,"6","ADI1"
7.3031415076396e-21,1.21018152369383,0.424,0.144,2.67302282321117e-16,"6","LRRC32"
7.47812976635982e-21,0.658740512742505,0.621,0.255,2.73707027578536e-16,"6","RPN1"
8.22420429831195e-21,0.637658400755824,1,0.844,3.01014101522516e-16,"6","CD99"
8.85818529220283e-21,0.783424217048311,0.814,0.415,3.24218439879916e-16,"6","PDGFRA"
8.90755383514877e-21,0.914125744446507,0.751,0.346,3.2602537792028e-16,"6","COL12A1"
1.15350359870683e-20,0.778503983301962,0.797,0.413,4.22193852162686e-16,"6","AKR1A1"
1.15492985779151e-20,0.80677771855363,0.52,0.194,4.22715877250271e-16,"6","NAV1"
1.41367702251986e-20,0.993061474614331,0.367,0.111,5.17419927012495e-16,"6","SH3PXD2B"
1.46680188751991e-20,0.920546440329003,0.763,0.39,5.36864158851161e-16,"6","GLIPR2"
1.90588038309969e-20,1.18435595066609,0.401,0.13,6.97571279018318e-16,"6","AOX1"
1.97462155347811e-20,0.819446395422972,0.87,0.55,7.22731234788522e-16,"6","AP2M1"
2.03644486391844e-20,0.695888904836881,0.921,0.643,7.45359184642786e-16,"6","EIF5A"
2.12294940591299e-20,0.652425009103989,0.994,0.841,7.77020712058213e-16,"6","CRIP1"
2.14012228333883e-20,0.779647294970734,0.785,0.402,7.83306156924845e-16,"6","SURF4"
2.32423386070428e-20,1.21681356339791,0.401,0.13,8.50692835356375e-16,"6","TLNRD1"
2.36830322108532e-20,0.655721932851879,0.938,0.569,8.66822661949436e-16,"6","KDELR1"
2.37514693148746e-20,0.620370774945097,1,0.793,8.69327528393725e-16,"6","CD81"
2.46876514509869e-20,0.531117692850979,1,0.937,9.03592730757571e-16,"6","ACTG1"
2.65062629182065e-20,1.20537074417207,0.429,0.145,9.70155729069274e-16,"6","MORN2"
2.66545813905977e-20,0.618804939668394,0.819,0.389,9.75584333477267e-16,"6","LAMB2"
3.05624829875191e-20,1.12094941177968,0.475,0.172,1.11861743982619e-15,"6","RASSF8-AS1"
3.29819287531886e-20,0.903533638431795,0.734,0.383,1.20717157429545e-15,"6","ABL2"
4.05581624993561e-20,0.66943501941732,0.723,0.327,1.48446930563893e-15,"6","RTL8C"
4.85656260749062e-20,0.830289445993721,0.853,0.54,1.77755047996764e-15,"6","PDIA6"
7.15064533855483e-20,1.36416501499516,0.429,0.156,2.61720770036445e-15,"6","ARC"
7.65535774361242e-20,0.762006401939417,0.452,0.157,2.80193748773958e-15,"6","EXT1"
7.96488984229126e-20,0.796234597205789,0.842,0.474,2.91522933117703e-15,"6","MCRIP1"
9.12283853726017e-20,0.826265027223716,0.802,0.431,3.33905013302259e-15,"6","BASP1"
9.35289780957637e-20,1.08336759352764,0.508,0.191,3.42325412728305e-15,"6","C1GALT1C1"
1.00798840349543e-19,1.30549640436118,0.362,0.111,3.68933835563363e-15,"6","JAG1"
1.01372489252195e-19,0.831648120501424,0.768,0.368,3.71033447911958e-15,"6","C1orf122"
1.06988922692749e-19,1.18407805207198,0.379,0.12,3.91590155947731e-15,"6","MYO1B"
1.10712596260077e-19,1.51670028746619,0.254,0.063,4.05219173571506e-15,"6","RARRES1"
1.15271216243585e-19,0.764635262777198,0.944,0.516,4.21904178573146e-15,"6","LRP1"
1.38257938108552e-19,0.9802388451598,0.362,0.111,5.0603787927111e-15,"6","PXDN"
1.41514749635017e-19,1.39849977320452,0.299,0.083,5.17958135139124e-15,"6","CMKLR1"
1.41652779799311e-19,0.704651232681522,0.977,0.802,5.18463339343458e-15,"6","TUBA1B"
1.43023049718719e-19,0.637562671435818,0.977,0.567,5.23478664275482e-15,"6","MGST1"
1.439944164655e-19,0.67048311629144,0.531,0.207,5.27033963705377e-15,"6","HSD17B4"
1.4554133992325e-19,0.869753163942399,0.723,0.347,5.32695858253085e-15,"6","ITGB5"
1.55306023373485e-19,0.76130897561496,0.746,0.368,5.68435576149292e-15,"6","TCEAL9"
1.70378829290887e-19,0.845095588927705,0.802,0.433,6.23603553087577e-15,"6","CD47"
1.74690389638801e-19,1.03996035314272,0.446,0.157,6.39384295116974e-15,"6","TMEM54"
2.11093414358761e-19,1.27082155406415,0.373,0.117,7.72623005894503e-15,"6","WDR18"
2.19993018702989e-19,0.730670787441121,0.853,0.504,8.05196447754809e-15,"6","IL6ST"
2.95738256711974e-19,0.890330066578838,0.542,0.211,1.0824315933915e-14,"6","GORASP2"
2.96358341358587e-19,0.540424812564083,0.864,0.439,1.08470116520656e-14,"6","ANGPTL2"
2.96898794414584e-19,0.412016029140585,0.994,0.732,1.08667927743682e-14,"6","DSTN"
3.1797133779014e-19,0.980509929058161,0.531,0.207,1.16380689344569e-14,"6","KIFAP3"
3.31529304073508e-19,1.09777628706771,0.655,0.298,1.21343040583945e-14,"6","TUSC1"
3.40739736695824e-19,0.687799499169186,0.814,0.433,1.24714151028039e-14,"6","ITIH5"
3.4933404765045e-19,1.06208456758852,0.424,0.149,1.27859754780541e-14,"6","FSCN1"
4.68114355749929e-19,0.743764121566118,0.52,0.199,1.71334535348032e-14,"6","UBXN6"
4.77043615208644e-19,0.96334420789116,0.486,0.181,1.74602733602516e-14,"6","UROS"
6.04260728706335e-19,1.01266305678348,0.588,0.247,2.21165469313806e-14,"6","PHLDA3"
6.08868753472915e-19,1.25241175636827,0.333,0.102,2.22852052458622e-14,"6","MSC"
6.53405488556092e-19,0.819847984593929,0.52,0.202,2.39152942866415e-14,"6","MAGEH1"
7.624883361112e-19,0.564320141546819,0.932,0.613,2.7907835590006e-14,"6","KRT10"
7.79691656952729e-19,1.55794543759036,0.254,0.063,2.85374943361268e-14,"6","ABCB6"
7.90347217180595e-19,1.08531996488068,0.395,0.132,2.8927498496027e-14,"6","YIF1B"
8.78297979747261e-19,0.93706094361977,0.678,0.348,3.21465843567295e-14,"6","SRM"
1.21875103842772e-18,0.839374119154465,0.582,0.239,4.46075067574928e-14,"6","SNX21"
1.25603194738834e-18,0.677884344466659,0.842,0.462,4.59720253063605e-14,"6","ERRFI1"
1.26014033638113e-18,1.34161325104572,0.322,0.095,4.61223964518858e-14,"6","TJP2"
1.31949750775759e-18,0.967985825398474,0.559,0.232,4.82949282814357e-14,"6","SPRY2"
1.54567419407326e-18,0.921653269033589,0.78,0.429,5.65732211772755e-14,"6","IGFBP5"
1.55734928357759e-18,0.885167643707268,0.718,0.362,5.70005411282234e-14,"6","ARL1"
1.81247970277913e-18,1.11268011862706,0.576,0.247,6.6338569601419e-14,"6","KHDRBS3"
1.83587070982254e-18,0.837966859217147,0.599,0.266,6.7194703850215e-14,"6","ANPEP"
2.19451149170928e-18,0.588747238423927,0.571,0.228,8.03213151080513e-14,"6","CUTC"
2.26849109466201e-18,1.45102355511748,0.328,0.1,8.30290425557241e-14,"6","LRIG3"
2.43631729229168e-18,0.911664201619448,0.621,0.282,8.91716492151678e-14,"6","NPTN"
2.84533939056835e-18,0.881973870519136,0.605,0.258,1.04142267034192e-13,"6","ARL3"
3.04315777034642e-18,0.63286261256633,0.921,0.59,1.11382617552449e-13,"6","SEC61G"
3.11098321984129e-18,0.984783864781529,0.395,0.134,1.13865096829411e-13,"6","MBD3"
3.27807047944679e-18,0.706843134654504,0.333,0.1,1.19980657618232e-13,"6","CCDC127"
3.35831496377095e-18,1.32419849751451,0.373,0.125,1.22917685988981e-13,"6","BGN"
3.7759871197283e-18,0.869570701421595,0.723,0.381,1.38204904569176e-13,"6","POLD4"
3.79400986259031e-18,0.745001994685268,0.452,0.166,1.38864554980668e-13,"6","MARVELD1"
3.8421214160653e-18,0.613531447106835,0.576,0.26,1.40625485949406e-13,"6","VEGFA"
3.95390164694319e-18,0.924496187194391,0.537,0.227,1.44716754179768e-13,"6","BZW2"
4.51554115075614e-18,0.752969533071812,0.78,0.415,1.65273321658825e-13,"6","EIF6"
4.68232437040233e-18,0.838437081272717,0.91,0.578,1.71377754281096e-13,"6","IGFBP4"
4.8355052217802e-18,0.841538312439526,0.802,0.44,1.76984326622377e-13,"6","MRPL51"
4.84977356999429e-18,1.86080018093731,0.266,0.074,1.77506562435361e-13,"6","NQO1"
5.12638809359533e-18,0.995501116460721,0.322,0.095,1.87630930613683e-13,"6","MFHAS1"
5.37407478068731e-18,0.569231705687188,0.39,0.131,1.96696511047936e-13,"6","SLC37A3"
5.68599190560192e-18,0.380231847650975,0.469,0.178,2.08112989736936e-13,"6","PLAU"
5.7222612594125e-18,0.878311704322693,0.593,0.254,2.09440484355757e-13,"6","CD276"
5.73685833351601e-18,0.68455613140689,0.638,0.288,2.0997475186502e-13,"6","TMEM263"
6.26193578248364e-18,0.679947562240051,0.723,0.356,2.29193111574684e-13,"6","ERCC1"
6.54480637007879e-18,1.04424253626842,0.452,0.163,2.39546457951254e-13,"6","FKBP7"
6.57689249999847e-18,0.651512320389278,0.927,0.567,2.40720842392444e-13,"6","CTSL"
7.08272247770712e-18,0.631250109895782,0.915,0.516,2.59234725406558e-13,"6","NFIC"
7.74473571642292e-18,1.09702347921462,0.407,0.142,2.83465071956795e-13,"6","EXT2"
7.79891032259302e-18,0.599812374434455,0.915,0.571,2.85447916717227e-13,"6","TMEM14C"
7.98305902165874e-18,0.499320534961159,0.977,0.616,2.92187943251732e-13,"6","C11orf96"
8.06591575292744e-18,1.01474009523041,0.345,0.107,2.95220582472897e-13,"6","KDM1A"
8.15977408691352e-18,0.633703177383342,0.864,0.539,2.98655891355122e-13,"6","PPA1"
8.29679980409228e-18,0.922905936336764,0.559,0.24,3.03671169629582e-13,"6","SRPX2"
8.41287843816993e-18,0.883121497568779,0.525,0.218,3.07919763715458e-13,"6","ADAMTSL4"
9.12652328193014e-18,0.909384507655248,0.537,0.215,3.34039878641925e-13,"6","DDR2"
9.27999942276574e-18,0.864422331104691,0.588,0.247,3.39657258872649e-13,"6","TMED7"
1.08188767241832e-17,0.759814621872609,0.288,0.081,3.95981706981828e-13,"6","SLC49A3"
1.0976240561055e-17,0.778039305895379,0.729,0.345,4.01741380775174e-13,"6","ARHGAP21"
1.22574227498255e-17,0.760151530323245,0.887,0.56,4.48633930066363e-13,"6","RAB2A"
1.24197236400674e-17,0.620335087578926,0.972,0.568,4.54574304950105e-13,"6","PMP22"
1.33581729110318e-17,1.17191266508488,0.345,0.112,4.88922486716674e-13,"6","MCEE"
1.34875801210405e-17,0.425533543688715,0.429,0.153,4.93658920010203e-13,"6","C12orf75"
1.38452367937397e-17,1.15497061793065,0.35,0.116,5.06749511887669e-13,"6","SELENON"
1.8596552115659e-17,0.820766703790638,0.424,0.15,6.80652403985235e-13,"6","GALNT2"
1.90072677880284e-17,1.67034801630654,0.266,0.073,6.95685008309626e-13,"6","FAM110B"
1.98864476255477e-17,0.944940539520549,0.48,0.187,7.27863869542673e-13,"6","AP2A1"
2.06079670191933e-17,0.760292962077111,0.35,0.121,7.54272200869494e-13,"6","CCN3"
2.15371591962878e-17,0.872943186585942,0.475,0.18,7.8828156374333e-13,"6","OSMR"
2.2450014403061e-17,0.853349306982199,0.627,0.283,8.21692977166437e-13,"6","A4GALT"
2.25516675053757e-17,0.62556413167998,0.571,0.251,8.25413582364256e-13,"6","COPB2"
2.38933226503238e-17,0.579617579869376,0.949,0.688,8.74519502324501e-13,"6","PDIA3"
2.44138787173179e-17,0.803874909445994,0.616,0.289,8.93572374932554e-13,"6","COPZ1"
2.47424989417472e-17,0.760730635187715,0.452,0.163,9.05600203766889e-13,"6","SETBP1"
2.69980231741238e-17,0.573307528856327,0.989,0.737,9.88154646196104e-13,"6","LAPTM4A"
2.94391680072528e-17,0.525677736918047,0.966,0.59,1.07750298823346e-12,"6","NNMT"
3.00962956199684e-17,0.897863443614997,0.384,0.13,1.10155451598646e-12,"6","LGALSL"
3.14494737049709e-17,0.772793186892619,0.831,0.482,1.15108218707564e-12,"6","PSMD7"
3.35348840161619e-17,0.942530664913117,0.362,0.119,1.22741028987554e-12,"6","KLF7"
3.77128229889901e-17,0.746998355169649,0.638,0.289,1.38032703422003e-12,"6","MAGI2-AS3"
3.88979159573508e-17,0.750644471222361,0.514,0.204,1.423702621955e-12,"6","CLMP"
3.89532713930532e-17,0.866795752664047,0.678,0.34,1.42572868625714e-12,"6","PTGES"
4.25625706871528e-17,0.633375993018676,0.695,0.334,1.55783264972048e-12,"6","EIF4E2"
4.61675599311601e-17,1.36929104371883,0.277,0.079,1.68977886104039e-12,"6","PLOD1"
5.0887631585123e-17,0.54406308572114,0.593,0.274,1.86253820364709e-12,"6","COL18A1"
5.10855513411392e-17,0.715559805744179,0.588,0.261,1.86978226463704e-12,"6","TCEAL8"
5.16176017690559e-17,1.02339671964601,0.407,0.146,1.88925584234922e-12,"6","PSMG3"
5.16246755847239e-17,0.42626923599619,1,0.907,1.88951475107648e-12,"6","MYL6"
5.18463988033176e-17,1.07039570274521,0.322,0.104,1.89763004260023e-12,"6","EPS8L2"
5.70401794766033e-17,0.825665654547778,0.576,0.244,2.08772760902316e-12,"6","FSTL3"
6.56879270121748e-17,0.830262332411387,0.418,0.149,2.40424381657261e-12,"6","CFAP410"
6.58734319926014e-17,0.612305005867788,0.915,0.522,2.4110334843612e-12,"6","LIMA1"
6.97997525473091e-17,0.993321828559603,0.463,0.18,2.55474074298406e-12,"6","CRAT"
7.2252390995646e-17,1.45998430194515,0.768,0.422,2.64450976283164e-12,"6","CD55"
7.92632535869464e-17,1.39440587807594,0.26,0.073,2.90111434453583e-12,"6","GPSM2"
7.93478562610862e-17,0.565632707431876,0.401,0.148,2.90421088701201e-12,"6","ADAMTS4"
7.95078030468555e-17,0.812833032069144,0.559,0.251,2.91006509931796e-12,"6","GAS7"
8.08330874728429e-17,1.24827515645674,0.339,0.111,2.95857183459352e-12,"6","ICMT"
8.09854072251851e-17,1.03380876876208,0.271,0.077,2.964146889849e-12,"6","ST6GALNAC4"
8.23216096353599e-17,0.923084368574182,0.571,0.253,3.01305323426381e-12,"6","SEC13"
8.38704149309714e-17,0.901209395090141,0.322,0.103,3.06974105688848e-12,"6","ASS1"
8.48492923551537e-17,0.680873445402641,0.831,0.493,3.10556894949098e-12,"6","ETFB"
1.00994601227302e-16,1.13552283435236,0.322,0.101,3.69650339952047e-12,"6","KEAP1"
1.06432095701043e-16,0.502435478841297,0.531,0.215,3.89552113475389e-12,"6","ANTKMT"
1.11551456043293e-16,0.632677990948147,0.814,0.458,4.08289484264055e-12,"6","FAM3C"
1.13042745643352e-16,0.750870403120196,0.571,0.254,4.13747753329233e-12,"6","RASSF8"
1.18135082777974e-16,0.829153162361789,0.418,0.149,4.32386216475662e-12,"6","COQ4"
1.30970149614796e-16,1.04012511683779,0.458,0.177,4.79363844605115e-12,"6","GARS"
1.56407931909904e-16,0.811917043245339,0.531,0.218,5.7246867158344e-12,"6","CBR1"
1.62942853723853e-16,0.868992773989293,0.429,0.16,5.96387138914675e-12,"6","CTNNAL1"
1.64249630631856e-16,0.860964477229766,0.48,0.185,6.01170073075654e-12,"6","DPM2"
1.70082941425224e-16,0.985879719497593,0.475,0.196,6.22520573910461e-12,"6","CISD1"
1.72655378687249e-16,0.635138144784124,0.684,0.337,6.31935951533202e-12,"6","ATOX1"
1.76898531321888e-16,1.29662094491439,0.367,0.129,6.47466314491243e-12,"6","THBS3"
1.86607037636217e-16,1.35391762618371,0.345,0.118,6.83000418452318e-12,"6","SNAI2"
2.16273815200424e-16,0.929987588209972,0.463,0.179,7.91583791015071e-12,"6","RRAS2"
2.27854399263982e-16,0.769751853317482,0.672,0.338,8.33969886746101e-12,"6","GNG12"
2.34920600840093e-16,0.513016644347223,0.689,0.311,8.59832891134826e-12,"6","MESD"
2.51863278503608e-16,1.10523703407811,0.48,0.195,9.21844785651056e-12,"6","UBE2E2"
2.52700215172385e-16,1.02949562045663,0.282,0.081,9.24908057552448e-12,"6","TRAF3IP2"
2.55824150607951e-16,0.642822840558302,0.734,0.365,9.36341973640161e-12,"6","PLD3"
2.64345273042526e-16,0.501964922168613,0.621,0.291,9.67530133862949e-12,"6","VCL"
2.6709982001479e-16,1.16182802981363,0.277,0.081,9.77612051236132e-12,"6","NT5DC2"
2.86163615371588e-16,0.564961442685204,0.774,0.378,1.04738744862155e-11,"6","LAMC1"
2.89330882361569e-16,0.628364655856025,0.537,0.229,1.05897996253158e-11,"6","TXNDC17"
3.28535288335859e-16,0.961540942898513,0.497,0.207,1.20247200883808e-11,"6","ADAM9"
3.28932971499004e-16,0.941992459221314,0.435,0.169,1.2039275689835e-11,"6","CIZ1"
3.3411334431482e-16,0.745320095175548,0.475,0.184,1.22288825152667e-11,"6","ST3GAL4"
3.44139112655916e-16,0.765379497476909,0.655,0.32,1.25958356623192e-11,"6","RUNX1"
3.62667444320836e-16,1.1149390277895,0.288,0.086,1.32739911295869e-11,"6","WDR34"
3.89250506909529e-16,1.27543730148203,0.294,0.091,1.42469578033957e-11,"6","LIMS2"
4.02961577543559e-16,0.758833202381911,0.768,0.443,1.47487966996718e-11,"6","SGK1"
5.08933376190921e-16,0.501075195526847,0.955,0.707,1.86274705019639e-11,"6","YWHAQ"
5.18864173075214e-16,0.993747387128834,0.458,0.181,1.89909475987259e-11,"6","AP1S1"
5.2396405325565e-16,0.970112776773248,0.35,0.118,1.917760831321e-11,"6","ALKBH2"
5.63541873865252e-16,1.00645872643854,0.497,0.205,2.06261961253421e-11,"6","MANBAL"
6.17603029127499e-16,0.802832111810869,0.638,0.311,2.26048884690956e-11,"6","IFI27"
6.29121921541049e-16,0.603347205420535,0.864,0.521,2.3026491450324e-11,"6","MORF4L2"
6.43616937482935e-16,0.532714205507214,0.966,0.615,2.35570235288129e-11,"6","TIMP2"
6.48079480274263e-16,0.56133111392246,0.927,0.517,2.37203570575183e-11,"6","PRRX1"
6.54753409383062e-16,0.987646963891271,0.514,0.239,2.39646295368294e-11,"6","CLEC11A"
7.02663077059064e-16,0.806542982254759,0.475,0.191,2.57181712834388e-11,"6","UCHL3"
7.24302664230935e-16,1.2357683083233,0.322,0.107,2.65102018135165e-11,"6","NDFIP2"
7.71735436898979e-16,0.727156335626625,0.627,0.288,2.82462887259395e-11,"6","SCARB2"
7.87307477478594e-16,0.746581496451325,0.751,0.405,2.8816240983194e-11,"6","TIMM13"
8.04389400160258e-16,0.917958929728886,0.356,0.121,2.94414564352656e-11,"6","APPL2"
8.19683705886631e-16,0.522172341183578,0.701,0.345,3.00012433191566e-11,"6","MAP4"
8.59890687394949e-16,1.44038087674149,0.322,0.109,3.14728590493425e-11,"6","LHFPL2"
8.75522125073164e-16,0.444972170590746,0.972,0.716,3.20449852998029e-11,"6","SEC61B"
8.75867332133955e-16,0.777663382268863,0.729,0.4,3.20576202234349e-11,"6","METTL26"
9.01112607245902e-16,0.491862549397781,0.525,0.221,3.29816225378073e-11,"6","ATP2B4"
9.16238627584881e-16,0.736920018875358,0.718,0.354,3.35352500082342e-11,"6","EBF1"
9.45631087106594e-16,0.686761705813288,0.774,0.415,3.46110434191885e-11,"6","SDF4"
9.81332856838918e-16,0.633189170823814,0.701,0.356,3.59177638931613e-11,"6","SERPINB6"
1.00634914235614e-15,0.901243886452885,0.311,0.1,3.6833384959377e-11,"6","UBXN11"
1.0199016692068e-15,0.816534833705879,0.52,0.218,3.73294209946381e-11,"6","PANX1"
1.08181750248265e-15,0.608615366040269,0.774,0.393,3.95956024083675e-11,"6","OAT"
1.183206018099e-15,0.790930078295571,0.599,0.271,4.33065234684413e-11,"6","RNF187"
1.28064316345971e-15,0.443242336098962,0.684,0.325,4.68728204257889e-11,"6","FKBP9"
1.28294857802105e-15,0.379920281534184,1,0.909,4.69572009041485e-11,"6","GAPDH"
1.29136732869564e-15,0.65075445761638,0.463,0.184,4.72653355975891e-11,"6","EPN1"
1.35451467139517e-15,0.891763923225544,0.537,0.244,4.95765914877347e-11,"6","NRIP1"
1.35552180088861e-15,0.552897515496441,0.621,0.285,4.96134534343241e-11,"6","LMF2"
1.48133861462135e-15,0.53737439816,0.52,0.219,5.42184746337561e-11,"6","NT5E"
1.58479703157643e-15,0.654002108652757,0.78,0.425,5.80051561527288e-11,"6","RAB34"
1.60351355621521e-15,1.65958576400685,0.441,0.19,5.86901996710329e-11,"6","SFRP2"
1.68385346534216e-15,0.592330298253977,0.91,0.561,6.16307206849886e-11,"6","HSPB1"
1.74996293192418e-15,0.908942381856823,0.362,0.134,6.40503932713569e-11,"6","RCAN1"
1.79738542712485e-15,1.0828457857466,0.39,0.145,6.57861040181966e-11,"6","EGR3"
1.88346481339211e-15,0.487812779030126,0.802,0.433,6.89366956349646e-11,"6","JDP2"
1.93606926639753e-15,0.656685408132718,0.441,0.173,7.0862071219416e-11,"6","NPDC1"
1.95233151491979e-15,0.662987642291775,0.836,0.491,7.14572857775792e-11,"6","HSBP1"
1.97759292527717e-15,0.621785613676623,0.831,0.468,7.23818786580698e-11,"6","PDLIM2"
2.02133870030992e-15,0.667623028426962,0.876,0.509,7.39830177700433e-11,"6","PLTP"
2.09327757113855e-15,0.44262933441089,0.621,0.279,7.6616052381242e-11,"6","FEM1C"
2.17508603493561e-15,0.574352749560099,0.864,0.467,7.96103239646782e-11,"6","MXRA7"
2.18354097584845e-15,0.847234402627771,0.407,0.149,7.99197832570290e-11,"6","MRPL12"
2.34152402768579e-15,0.426175549992682,1,0.818,8.57021209373276e-11,"6","TAGLN2"
2.35087196222094e-15,0.366513945861219,0.554,0.24,8.60442646892485e-11,"6","ID4"
2.36120643988978e-15,0.680796655196135,0.972,0.555,8.6422516906406e-11,"6","MFAP4"
2.8740787646614e-15,1.05046242515092,0.345,0.12,1.05194156865372e-10,"6","UHRF1BP1L"
3.60016683263935e-15,0.647679767613306,0.78,0.464,1.31769706241433e-10,"6","COL4A1"
3.69374829533919e-15,0.963729599829373,0.565,0.251,1.3519488135771e-10,"6","RBFOX2"
3.72319433720251e-15,0.638655626687328,0.39,0.142,1.36272635935949e-10,"6","NCALD"
3.79761462487912e-15,1.08548440090824,0.322,0.109,1.38996492885201e-10,"6","TBX3"
4.54254797858997e-15,0.681292156702697,0.542,0.23,1.66261798564372e-10,"6","PTS"
4.74947235834659e-15,0.659592692279479,0.514,0.215,1.73835437787844e-10,"6","KIF1B"
4.86348746533584e-15,0.803194949633837,0.424,0.161,1.78008504718757e-10,"6","CBR3"
4.91974727376495e-15,0.559489923185645,0.61,0.276,1.80067669967071e-10,"6","YIPF5"
5.09417880836259e-15,0.812099097620928,0.542,0.244,1.86452038564879e-10,"6","MYO1C"
5.27530543233622e-15,1.26135914287286,0.271,0.084,1.93081454128938e-10,"6","EDEM2"
5.30080259411824e-15,1.14700797316202,0.401,0.152,1.94014675747322e-10,"6","CBY1"
5.5416656151929e-15,0.369282020378935,0.559,0.244,2.02830503181675e-10,"6","DDX3Y"
5.94184859559166e-15,0.726240323744291,0.712,0.402,2.1747760044725e-10,"6","IL1R1"
6.26764276329606e-15,0.714989611430969,0.667,0.32,2.29401992779399e-10,"6","PPL"
6.46480003275908e-15,0.828556949166703,0.356,0.127,2.36618145999015e-10,"6","FRMD6"
6.47990642005165e-15,1.04959991899913,0.373,0.141,2.3717105488031e-10,"6","ASAP2"
6.89629977105077e-15,1.08557946242723,0.384,0.144,2.52411467920229e-10,"6","IMPA2"
7.26206517045976e-15,0.860653776101203,0.452,0.18,2.65798847303998e-10,"6","GALK1"
7.29002041095082e-15,1.48700984620728,0.299,0.103,2.66822037061211e-10,"6","OSR1"
7.5496917516611e-15,0.875060749912695,0.328,0.111,2.76326267802548e-10,"6","TMEM45A"
7.74726510539392e-15,1.18484730030086,0.39,0.155,2.83557650122523e-10,"6","H19"
7.93832446813898e-15,0.666446156903492,0.972,0.534,2.90550613858355e-10,"6","FBLN1"
7.98630567381054e-15,0.416069117015091,0.927,0.505,2.9230677396714e-10,"6","CTSK"
8.04335774146096e-15,0.741152084138833,0.463,0.196,2.94394936695213e-10,"6","SEC61A1"
8.06548062026003e-15,0.623985027930678,0.853,0.541,2.95204656182137e-10,"6","SEPTIN2"
8.3909955797094e-15,0.523692865536567,0.949,0.669,3.07118829212944e-10,"6","PRDX5"
8.62716999543245e-15,0.749317133697822,0.582,0.267,3.15763049002823e-10,"6","SPATS2L"
8.82488294266679e-15,0.605202497194673,0.655,0.313,3.22999540584547e-10,"6","COX7A1"
9.07831724943657e-15,1.19841819736026,0.367,0.138,3.32275489646628e-10,"6","COPS7A"
9.08888547771188e-15,1.18224759106594,0.328,0.117,3.32662297369733e-10,"6","PTGER3"
9.35702317845919e-15,0.544186597430932,0.989,0.567,3.42476405354785e-10,"6","C1R"
1.01536823470177e-14,1.03062542857727,0.299,0.097,3.71634927583194e-10,"6","BICD2"
1.03901994563009e-14,0.948587152839004,0.299,0.097,3.80291690300069e-10,"6","ACLY"
1.11025054679712e-14,0.906436852679605,0.373,0.137,4.06362802633215e-10,"6","PGM3"
1.21911914428561e-14,0.65738246801007,0.689,0.35,4.46209797999977e-10,"6","TMOD3"
1.29870335511381e-14,0.514208789176609,0.932,0.678,4.75338415005206e-10,"6","ELOB"
1.34592867524206e-14,1.15184218049911,0.305,0.103,4.92623354425346e-10,"6","AGGF1"
1.35871290891319e-14,0.700454725117454,0.571,0.271,4.97302511791318e-10,"6","CAPN1"
1.42388151881488e-14,0.436798835788566,0.983,0.75,5.21154874701433e-10,"6","RAC1"
1.47320116413919e-14,0.670280893586984,0.339,0.118,5.39206358086584e-10,"6","PLEKHA4"
1.49803926216343e-14,0.843255071922438,0.333,0.115,5.48297350344436e-10,"6","TMEM214"
1.50802399175292e-14,0.787471240675831,0.593,0.274,5.51951861221485e-10,"6","PSENEN"
1.55145640379022e-14,0.591453190671787,0.667,0.321,5.67848558351259e-10,"6","PTPRA"
1.58429011678617e-14,0.552885985780854,0.701,0.366,5.79866025644905e-10,"6","PGAM1"
1.65596769232483e-14,0.664490020438444,0.559,0.251,6.06100735067811e-10,"6","TRIP6"
1.66561615292015e-14,0.788100761123614,0.429,0.167,6.09632168130304e-10,"6","CETN2"
1.73320169213829e-14,0.714027447652042,0.729,0.369,6.34369151339536e-10,"6","TXNL4A"
1.83430088451955e-14,0.659674064239966,0.638,0.309,6.71372466743e-10,"6","ITPA"
2.11450694892653e-14,0.389364829241349,0.977,0.875,7.73930688376601e-10,"6","YBX1"
2.14212605023354e-14,0.735777762781343,0.559,0.258,7.84039555645978e-10,"6","RAB32"
2.21355727100896e-14,0.895798312775836,0.475,0.199,8.10184096761989e-10,"6","TMEM119"
2.21710034971089e-14,0.534521473278494,0.802,0.462,8.11480898997682e-10,"6","PDK4"
2.24432906732991e-14,0.481434182363414,0.949,0.517,8.21446881933422e-10,"6","MXRA8"
2.29135740808219e-14,0.52651940487811,0.842,0.52,8.38659724932161e-10,"6","ANAPC11"
2.37053132314615e-14,1.01987313353985,0.395,0.153,8.67638169584721e-10,"6","EIF2B3"
2.45943345829468e-14,1.01115363516145,0.452,0.194,9.00177240070438e-10,"6","CDC42EP5"
2.484882056843e-14,0.505917176286579,0.989,0.752,9.09491681625107e-10,"6","LGALS3"
2.58377336698797e-14,0.931251299956265,0.446,0.184,9.45686890051267e-10,"6","POGLUT3"
2.8356579075305e-14,0.7248505872688,0.48,0.201,1.03787915073524e-09,"6","ERI3"
2.90171324213334e-14,0.557836375474263,0.836,0.518,1.06205606375322e-09,"6","NUCB1"
2.94100036376741e-14,0.331604578819107,0.593,0.267,1.07643554314251e-09,"6","EHD1"
2.97126052714328e-14,0.774853644112511,0.582,0.279,1.08751106553971e-09,"6","GLRX3"
2.98739752240668e-14,0.576431372938264,0.633,0.322,1.09341736717607e-09,"6","CTNNA1"
3.00235058241855e-14,1.41513771760344,0.271,0.088,1.09889033667101e-09,"6","CCDC28B"
3.0956758794016e-14,0.58326987845256,0.418,0.162,1.13304832861978e-09,"6","SLC38A10"
3.2308456836161e-14,0.695074284969868,0.542,0.243,1.18252182866033e-09,"6","PDE4DIP"
3.3865606486325e-14,0.970999303175055,0.339,0.121,1.23951506300598e-09,"6","GSTA4"
3.58550114657991e-14,0.608124864082508,0.588,0.269,1.31232927465971e-09,"6","PARVA"
3.61464895674416e-14,0.882856148347486,0.424,0.166,1.32299766465793e-09,"6","CLSTN1"
3.62028920506094e-14,0.715764785069592,0.492,0.214,1.32506205194436e-09,"6","FAM120A"
3.6296984111241e-14,0.802586171982226,0.282,0.091,1.32850591545553e-09,"6","SLIT2"
3.76597428223809e-14,0.62874109737124,0.695,0.359,1.37838424704196e-09,"6","TMEM167A"
3.77121524706559e-14,0.562824957601736,0.559,0.247,1.38030249257848e-09,"6","PPP2CB"
3.94506690377664e-14,0.888898321655043,0.497,0.215,1.44393393745129e-09,"6","CLTC"
3.99706686392346e-14,0.335811011421369,0.559,0.243,1.46296644286463e-09,"6","SORBS3"
4.06748621965233e-14,0.529399795586365,0.915,0.669,1.48874063125495e-09,"6","HSP90B1"
4.16303383375949e-14,0.665736025082395,0.797,0.47,1.52371201349431e-09,"6","PDAP1"
4.36943306311341e-14,0.694717807651119,0.633,0.316,1.59925619543014e-09,"6","HIKESHI"
4.4227913031746e-14,0.705892008551379,0.695,0.351,1.61878584487494e-09,"6","FAM50A"
4.63927046263182e-14,0.66353233206296,0.571,0.267,1.69801938202787e-09,"6","MCTS1"
4.72282655756421e-14,0.977813604944152,0.395,0.157,1.72860174833408e-09,"6","SIGMAR1"
4.73978004676517e-14,0.610036527688008,0.452,0.185,1.73480689491652e-09,"6","RABGEF1"
4.94530260516499e-14,0.291311843376813,0.898,0.598,1.81003020651644e-09,"6","ARPC1B"
4.98143501162595e-14,1.12506611943232,0.35,0.131,1.82325502860521e-09,"6","C5orf38"
5.46101408323103e-14,0.4523583432669,0.48,0.205,1.99878576460339e-09,"6","BLVRA"
5.64859695033418e-14,0.574417341025615,0.655,0.332,2.06744296979181e-09,"6","TSC22D2"
6.61661883726464e-14,0.720492758095693,0.565,0.269,2.42174866062723e-09,"6","UBE2L6"
6.83149532045843e-14,0.999937790968949,0.39,0.15,2.50039560224099e-09,"6","PLBD2"
7.29763552058545e-14,0.709793954513522,0.508,0.222,2.67100757688948e-09,"6","TMEM9"
7.6852537989572e-14,0.632525163034866,0.729,0.382,2.81287974295632e-09,"6","CNN3"
8.03013511108928e-14,0.534356795833886,0.621,0.302,2.93910975200979e-09,"6","PRELP"
8.2902330246438e-14,0.546753135665028,0.593,0.281,3.03430818934988e-09,"6","ROCK2"
8.47214380510441e-14,0.652273728776953,0.548,0.251,3.10088935410627e-09,"6","SEPTIN10"
8.71262265623181e-14,0.488244989937368,0.593,0.284,3.18890701840741e-09,"6","STX4"
8.92303937346353e-14,0.573415956203362,0.994,0.939,3.26592164108139e-09,"6","MT2A"
9.7656632214374e-14,0.729005927984404,0.718,0.378,3.5743303956783e-09,"6","TFG"
9.78284981137284e-14,0.863920058024589,0.678,0.387,3.58062085946057e-09,"6","AKR1C3"
1.01045187647759e-13,0.687798775166703,0.401,0.16,3.69835491309564e-09,"6","SLC52A2"
1.03689348267848e-13,0.5990607222902,0.859,0.501,3.79513383595149e-09,"6","RER1"
1.06907065218676e-13,0.618846842425976,0.751,0.404,3.91290549406876e-09,"6","CNPY2"
1.11792484866641e-13,0.790040902975887,0.429,0.181,4.09171673860393e-09,"6","SERTAD2"
1.123752392882e-13,0.610599274329317,0.514,0.226,4.11304613318739e-09,"6","STK25"
1.14733131040214e-13,0.687700926137226,0.542,0.245,4.19934732920286e-09,"6","DAP"
1.21799400367577e-13,0.795410131610047,0.384,0.148,4.45797985285367e-09,"6","MSANTD3"
1.24628290535513e-13,1.00564589764582,0.277,0.089,4.5615200618903e-09,"6","NPM3"
1.28892124021705e-13,0.594605013411837,0.565,0.26,4.71758063131843e-09,"6","MRPL3"
1.29370631762216e-13,0.665182969579748,0.672,0.332,4.73509449312888e-09,"6","MVP"
1.29754626283653e-13,0.722942014142488,0.299,0.103,4.74914907660799e-09,"6","GMPPA"
1.32188420690382e-13,0.521404657044773,0.831,0.487,4.83822838568866e-09,"6","RND3"
1.32510815147132e-13,1.043554979768,0.407,0.166,4.85002834520017e-09,"6","IRX2"
1.33256176000433e-13,0.525961521138427,0.938,0.699,4.87730929779183e-09,"6","TSPO"
1.44527168886617e-13,0.73646099718119,0.339,0.123,5.28983890841908e-09,"6","GLRX2"
1.47057921014416e-13,0.733013288760499,0.548,0.257,5.38246696704865e-09,"6","GOLIM4"
1.54158378105337e-13,0.605785413552201,0.65,0.311,5.64235079703344e-09,"6","KLF3"
1.55410843429869e-13,0.570690854222868,0.599,0.298,5.68819228037662e-09,"6","MSX1"
1.57401252731246e-13,0.58146931692793,0.734,0.385,5.76104325121634e-09,"6","SGCE"
1.58259887000737e-13,0.480977354453244,0.734,0.376,5.79247012411397e-09,"6","NDRG1"
1.66926921171225e-13,0.42675234715928,0.989,0.897,6.109692241788e-09,"6","ANXA1"
1.82873284532099e-13,1.29873938844609,0.271,0.091,6.69334508715937e-09,"6","ARHGAP32"
1.83673600752802e-13,0.81709393063317,0.475,0.21,6.7226374611533e-09,"6","PDIA4"
1.87368928280153e-13,0.651224497492148,0.576,0.271,6.85789014398189e-09,"6","NUTF2"
1.88666262282356e-13,0.491825325890433,0.831,0.516,6.9053738657965e-09,"6","MT1M"
1.94788847284206e-13,0.413143886084084,0.983,0.819,7.12946659944923e-09,"6","CLIC1"
1.95723318970646e-13,0.680869179579626,0.373,0.141,7.1636691976446e-09,"6","IARS2"
1.97612650851474e-13,0.800724232937356,0.424,0.174,7.23282063381479e-09,"6","PEMT"
2.01054342974949e-13,0.48091416235982,0.774,0.444,7.35879000722611e-09,"6","DEGS1"
2.02246562772893e-13,1.0452937445365,0.356,0.137,7.40242644405064e-09,"6","FAM20C"
2.23403812130467e-13,1.11308503987818,0.339,0.128,8.17680292778724e-09,"6","PCDH18"
2.31536667013443e-13,0.513576884471783,0.367,0.139,8.47447354935902e-09,"6","TOLLIP"
2.32991444298983e-13,0.474950519065195,0.859,0.484,8.52771985278709e-09,"6","EMP2"
2.34572207628442e-13,0.554671572429535,0.842,0.516,8.5855773714086e-09,"6","RBX1"
2.5341516273883e-13,0.427577550151251,1,0.97,9.27524837140393e-09,"6","VIM"
2.60948622719918e-13,0.545870404904006,0.576,0.275,9.55098054017173e-09,"6","ERGIC1"
2.64745495563249e-13,0.499879791421966,0.638,0.316,9.68994988311046e-09,"6","PLAGL1"
2.65628669785574e-13,0.531193647675854,0.537,0.25,9.72227494282179e-09,"6","WASL"
2.77416195485752e-13,0.963952426884089,0.424,0.182,1.0153710170974e-08,"6","ZNF503"
2.95214506202323e-13,0.515563122099613,0.802,0.467,1.08051461415112e-08,"6","OS9"
3.1155141737037e-13,0.656037436953824,0.616,0.31,1.14030934271729e-08,"6","VAT1"
3.14552895347333e-13,0.52644938179622,0.638,0.314,1.15129505226077e-08,"6","SNTB2"
3.17589491010837e-13,1.02928762337783,0.333,0.125,1.16240929604876e-08,"6","TRPC4AP"
3.18242829439523e-13,0.465675314824066,0.39,0.153,1.1648005800316e-08,"6","TMX3"
3.21293574703646e-13,0.50413993313343,0.379,0.144,1.17596661277281e-08,"6","TBPL1"
3.31045190524306e-13,0.42373670493102,0.864,0.538,1.21165850183801e-08,"6","SCP2"
3.41485740255133e-13,0.539881480158215,0.712,0.376,1.24987195790781e-08,"6","SSBP4"
3.431533605582e-13,0.809380789564359,0.65,0.327,1.25597561497907e-08,"6","F10"
3.6028116599875e-13,0.471318099041739,0.655,0.342,1.31866509567203e-08,"6","PAM"
3.65146207539082e-13,0.659366928419794,0.684,0.344,1.33647163421379e-08,"6","CMTM3"
3.70123849719259e-13,0.4703147588141,0.638,0.319,1.35469030235746e-08,"6","FKBP11"
3.72667644443067e-13,0.745178366691718,0.486,0.217,1.36400084542607e-08,"6","ARL16"
4.14542094458826e-13,0.450699683326314,0.814,0.458,1.51726551992875e-08,"6","TNFRSF1A"
4.18181031548816e-13,0.469223558995149,0.966,0.712,1.53058439357182e-08,"6","KLF4"
4.23270319735157e-13,0.940433742667278,0.294,0.1,1.54921169726265e-08,"6","C11orf68"
4.26203726408664e-13,1.16780735047374,0.356,0.142,1.55994825902835e-08,"6","DTYMK"
4.27383413533324e-13,0.900134709396575,0.407,0.171,1.56426603187332e-08,"6","GBE1"
4.35133449313533e-13,0.650451978336821,0.61,0.299,1.59263193783246e-08,"6","PMVK"
4.41255157672552e-13,0.548588292014032,0.74,0.432,1.61503800259731e-08,"6","POLR2E"
4.49353300105632e-13,0.498703837693862,0.542,0.238,1.64467801371662e-08,"6","MRPS16"
4.75450756102753e-13,0.456207592103399,0.938,0.715,1.74019731241169e-08,"6","OST4"
5.06182354765495e-13,0.482340258681971,0.898,0.556,1.85267803667719e-08,"6","NDUFB7"
5.16318412745908e-13,0.505410947462826,0.808,0.48,1.8897770224913e-08,"6","NDUFS6"
5.31059605025595e-13,0.359559058614083,0.367,0.142,1.94373126035418e-08,"6","CREB3L2"
5.43703264266498e-13,0.524288557933456,0.633,0.314,1.99000831754181e-08,"6","NAA50"
5.48548978235025e-13,0.965437692279327,0.407,0.172,2.00774411523801e-08,"6","SGMS2"
5.96727476473854e-13,0.770325554344335,0.452,0.194,2.18408223664195e-08,"6","MRPS12"
6.11687366361979e-13,0.637632320489912,0.418,0.168,2.23883692962148e-08,"6","PLPP5"
6.42440090273557e-13,0.779443380579736,0.463,0.205,2.35139497441025e-08,"6","USO1"
6.47337599188277e-13,0.728981652933025,0.486,0.224,2.36932034678901e-08,"6","KIAA0930"
6.5780612386342e-13,0.55260645968613,0.621,0.314,2.4076361939525e-08,"6","NANS"
6.61736090943516e-13,0.530546546835758,0.689,0.371,2.42202026646236e-08,"6","BIN1"
6.62493378329123e-13,0.489315791886781,0.65,0.329,2.42479201402242e-08,"6","RNF181"
6.74713304955595e-13,0.574194432226111,0.808,0.459,2.46951816746797e-08,"6","SSR3"
6.75246810132977e-13,0.520621475618474,0.74,0.405,2.47147084976771e-08,"6","SAR1A"
6.9802012184082e-13,0.944939715125167,0.294,0.101,2.55482344794959e-08,"6","RHBDF1"
7.18949837302863e-13,0.673890517189982,0.469,0.205,2.63142829951221e-08,"6","PMM1"
7.31870782239327e-13,0.531270049338042,0.701,0.374,2.67872025007416e-08,"6","TCEAL4"
7.48304506490669e-13,0.823768438916665,0.384,0.154,2.7388693242065e-08,"6","STK3"
7.48438436876981e-13,0.653115035016056,0.328,0.118,2.73935952281344e-08,"6","PPAN"
7.49895582880883e-13,1.23508658242414,0.271,0.09,2.74469282290232e-08,"6","CGREF1"
7.55987715163257e-13,0.75123906865587,0.367,0.14,2.76699063626904e-08,"6","PAM16"
7.65103613038161e-13,0.667124698813898,0.401,0.158,2.80035573408097e-08,"6","TM2D2"
7.93752918771523e-13,0.487775134908946,0.989,0.692,2.90521505799565e-08,"6","IFITM3"
7.97669434177942e-13,0.900339875856645,0.316,0.116,2.91954989603469e-08,"6","WWTR1"
7.98053496848242e-13,0.666869249963465,0.565,0.27,2.92095560381425e-08,"6","EBNA1BP2"
8.11931198026341e-13,0.725536700599619,0.452,0.197,2.97174937789621e-08,"6","PROS1"
8.57789513006498e-13,0.630437789923659,0.876,0.558,3.13959539655508e-08,"6","APLP2"
8.72087289392373e-13,0.680605236166798,0.571,0.284,3.19192668790502e-08,"6","SSR1"
8.78680777870965e-13,0.476985830476468,0.593,0.279,3.21605951508552e-08,"6","UBE2J1"
9.10922741325202e-13,0.552173304726605,0.571,0.277,3.33406832552437e-08,"6","SMS"
9.30641800217094e-13,0.915287355353834,0.333,0.126,3.40624205297458e-08,"6","RUSC1"
9.49445385465973e-13,0.542535584165974,0.644,0.321,3.47506505534401e-08,"6","MRPL27"
9.77735486600551e-13,0.725152564749517,0.452,0.196,3.57860965450668e-08,"6","DEF8"
1.00878063277613e-12,0.612891760088271,0.599,0.314,3.69223799402391e-08,"6","LTBP3"
1.0139068735307e-12,0.615084892190633,1,0.76,3.71100054780971e-08,"6","GSN"
1.0164519101552e-12,1.03540951049162,0.282,0.098,3.72031563635903e-08,"6","APOL1"
1.07769821062218e-12,0.706712053285384,0.395,0.16,3.94448322069824e-08,"6","INAFM1"
1.09273687631695e-12,0.607358176485756,0.74,0.444,3.99952624100767e-08,"6","ATP5MC1"
1.11408269892486e-12,0.477158640125677,0.842,0.476,4.07765408633488e-08,"6","SNX9"
1.11432079202225e-12,0.505573830542019,0.486,0.217,4.07852553088063e-08,"6","CRYL1"
1.19926046612499e-12,0.567920796838894,0.446,0.191,4.38941323206406e-08,"6","EBP"
1.20451201338733e-12,0.462095394254512,0.966,0.659,4.40863442019898e-08,"6","CAST"
1.26718602309894e-12,0.726630668906439,0.531,0.243,4.63802756314441e-08,"6","CHID1"
1.32372518518634e-12,0.454667019523669,0.972,0.608,4.84496655030053e-08,"6","SELENOM"
1.35352582614771e-12,0.600879853076878,0.463,0.203,4.95403987628325e-08,"6","ARL13B"
1.35400540319246e-12,0.789880254502828,0.356,0.14,4.95579517622474e-08,"6","ESRRA"
1.43862545073974e-12,0.839799033293672,0.452,0.2,5.26551301225251e-08,"6","VPS25"
1.53864129486495e-12,0.545492547411404,0.576,0.293,5.6315810033352e-08,"6","DLC1"
1.57031230138217e-12,0.570533597400469,0.678,0.363,5.74750005428888e-08,"6","TRIP10"
1.5785658106284e-12,0.7201551347313,0.655,0.332,5.77770872348102e-08,"6","ACAA2"
1.64416795698313e-12,0.63479820030329,0.497,0.228,6.01781913935394e-08,"6","SLC19A2"
1.79473911777801e-12,0.618848074790607,0.356,0.137,6.56892464497929e-08,"6","SDC4"
1.83619711397317e-12,0.58643796404214,0.667,0.358,6.7206650568532e-08,"6","LAMTOR2"
1.88856885130954e-12,0.481811924596178,0.774,0.442,6.91235085267806e-08,"6","COPS6"
2.00788992391538e-12,0.638361295903945,0.475,0.218,7.3490779105227e-08,"6","TPD52L2"
2.13598601307099e-12,0.821317545114164,0.316,0.115,7.81792240644112e-08,"6","ARSA"
2.13861655253962e-12,0.789770223598486,0.452,0.201,7.82755044395026e-08,"6","DCTD"
2.16925528415076e-12,0.457969445007328,0.938,0.677,7.9396912655202e-08,"6","ATP5MC3"
2.21642225192593e-12,0.360566968684589,0.904,0.516,8.1123270842741e-08,"6","CTHRC1"
2.37982045002145e-12,0.662542098444798,0.333,0.125,8.71038082912353e-08,"6","TRAF7"
2.52301515728288e-12,0.585597276853017,0.712,0.401,9.23448777717107e-08,"6","STMP1"
2.66541702367077e-12,0.612846472937636,0.418,0.182,9.75569284833737e-08,"6","PHLDA2"
2.69219540045269e-12,0.633978865113442,0.345,0.138,9.85370438519691e-08,"6","LINC02511"
2.73281677648989e-12,0.899887683911452,0.441,0.191,1.00023826836307e-07,"6","BSCL2"
2.83520049458143e-12,0.54391980694024,0.65,0.338,1.03771173302175e-07,"6","GTF2H5"
2.85485570120295e-12,0.319783878324208,0.548,0.256,1.04490573519729e-07,"6","WDR61"
2.86361741777925e-12,0.571498282393867,0.701,0.372,1.04811261108138e-07,"6","PSMD13"
2.8970879448721e-12,0.547590047932708,0.531,0.251,1.06036315870264e-07,"6","COPB1"
2.99738891035575e-12,0.576025885935669,0.395,0.159,1.09707431507931e-07,"6","SLC25A39"
3.14704577594745e-12,0.480899138586154,0.605,0.299,1.15185022445453e-07,"6","MRPL14"
3.37212157750595e-12,0.616523621637088,0.559,0.272,1.23423021858295e-07,"6","SLK"
3.42186308388596e-12,0.615298812778673,0.401,0.164,1.2524361073331e-07,"6","RARS2"
3.45335950728122e-12,0.452299443572695,0.333,0.126,1.26396411326e-07,"6","TMCO3"
3.51664050666696e-12,0.614488850889147,0.367,0.147,1.28712559184517e-07,"6","SLAIN2"
3.55924205007365e-12,0.826789445282192,0.339,0.133,1.30271818274746e-07,"6","IL17D"
3.68846332301616e-12,0.474390132133114,0.497,0.229,1.35001446085715e-07,"6","VTI1B"
3.97228836636863e-12,0.852624777093825,0.39,0.165,1.45389726497458e-07,"6","UQCC2"
4.06927255222673e-12,0.578043655592444,0.26,0.085,1.4893944468405e-07,"6","SLC17A5"
4.11386112942387e-12,0.358313649273712,0.853,0.467,1.50571431198043e-07,"6","SPTBN1"
4.18057480725392e-12,0.679156111883246,0.412,0.17,1.53013218520301e-07,"6","WDR46"
4.30118525587045e-12,0.725650136242717,0.373,0.153,1.57427681550114e-07,"6","EPB41L3"
4.30489097997653e-12,0.694367979577173,0.537,0.254,1.57563314758121e-07,"6","NDUFAF2"
4.35117524687262e-12,0.59314637427598,0.525,0.249,1.59257365210785e-07,"6","TP53I3"
4.39901983586544e-12,0.866786067384356,0.441,0.195,1.61008525012511e-07,"6","CREB3"
4.4598164300178e-12,0.817792813297494,0.362,0.144,1.63233741155081e-07,"6","MRPL37"
4.49182843886791e-12,0.762465703019071,0.531,0.26,1.64405412691004e-07,"6","VPS35"
4.57148189724041e-12,0.422637119203278,0.706,0.362,1.67320808920896e-07,"6","NFIX"
4.5765170136705e-12,0.696734089688301,0.661,0.36,1.67505099217354e-07,"6","TMEM208"
4.61817838369613e-12,0.724585125774373,0.356,0.145,1.69029947021662e-07,"6","TNS1"
4.76924344479279e-12,0.33453961171582,0.819,0.445,1.74559079322861e-07,"6","RAMP2"
4.83413932996196e-12,0.550873711736167,0.531,0.254,1.76934333615938e-07,"6","TIMMDC1"
5.39843583954616e-12,0.550268181102492,0.508,0.234,1.97588150163229e-07,"6","MAPK3"
5.41793447594088e-12,0.593851686807212,0.582,0.275,1.98301819753912e-07,"6","PNKD"
5.5239092422278e-12,0.629031121167967,0.514,0.25,2.0218060217478e-07,"6","RAB13"
6.00615613468803e-12,0.585403860001884,0.559,0.271,2.19831320685717e-07,"6","PBDC1"
6.26712052654672e-12,0.498512403945389,0.831,0.481,2.29382878392137e-07,"6","ARL2"
6.36295782043144e-12,0.57390933154514,0.418,0.176,2.32890619185611e-07,"6","SLC16A1"
6.78570667489663e-12,0.491808061341469,0.859,0.549,2.48363650007892e-07,"6","TMEM258"
6.90686545945263e-12,0.85066001481854,0.282,0.103,2.52798182681426e-07,"6","ROBO1"
6.91053027313715e-12,0.446326744917372,0.384,0.153,2.52932318527093e-07,"6","MAN1B1"
7.00031509176426e-12,1.02642967995947,0.254,0.086,2.56218532673664e-07,"6","C11orf24"
7.0911244397787e-12,0.412755645107116,0.565,0.276,2.5954224562034e-07,"6","TIMM8B"
7.23420305895265e-12,0.734421505769684,0.537,0.264,2.64779066160726e-07,"6","MRPS34"
7.34825698104787e-12,0.474484230236777,0.836,0.497,2.68953553763333e-07,"6","SRP9"
7.63990014286824e-12,1.0426810670334,0.395,0.177,2.79627985129121e-07,"6","MDP1"
7.73218783962157e-12,0.913965436520084,0.356,0.146,2.83005807117989e-07,"6","ADK"
7.7759707285755e-12,0.678579967718886,0.486,0.229,2.84608304636592e-07,"6","NARS"
8.1315065250629e-12,0.638285118832596,0.39,0.163,2.97621270323827e-07,"6","POP7"
8.25255274155567e-12,0.506263913620367,0.881,0.589,3.02051682893679e-07,"6","JTB"
8.26712627237103e-12,0.405236688953815,0.791,0.453,3.02585088695052e-07,"6","EVA1B"
8.28570842753644e-12,0.524397206742827,0.78,0.493,3.03265214156261e-07,"6","ZNHIT1"
8.40273366625355e-12,0.631550669114485,0.435,0.185,3.07548454918546e-07,"6","ARFRP1"
8.45864732525e-12,0.394964645192081,0.977,0.753,3.09594950751475e-07,"6","RTN4"
9.40159924419479e-12,0.867836383944592,0.435,0.193,3.44107933936774e-07,"6","SMARCA1"
9.43097117806597e-12,0.820719884705919,0.311,0.116,3.45182976088392e-07,"6","DCTN1"
9.97895276928083e-12,0.612834046319666,0.401,0.173,3.65239650308448e-07,"6","UBA1"
1.00423930536303e-11,0.689756131771404,0.492,0.231,3.67561628155923e-07,"6","GOLT1B"
1.00873535764177e-11,0.556170444200851,0.593,0.301,3.69207228250465e-07,"6","ACTR10"
1.03143616316324e-11,0.57087762575034,0.486,0.236,3.77515950079377e-07,"6","FOSL1"
1.06155176278403e-11,0.783311288216112,0.282,0.104,3.88538560696583e-07,"6","RNF19B"
1.06858860938971e-11,0.668285095397948,0.554,0.281,3.91114116922726e-07,"6","ATL3"
1.06958133098712e-11,0.59137478217921,0.254,0.086,3.91477462954597e-07,"6","RASAL2"
1.08931209042043e-11,0.841581115602285,0.322,0.125,3.98699118214783e-07,"6","VEZT"
1.09220664045701e-11,0.317860746402985,0.367,0.145,3.99758552473671e-07,"6","GDE1"
1.09983715487689e-11,0.539827966222062,0.599,0.316,4.02551397056491e-07,"6","GLRX"
1.15779893143609e-11,0.585178555973121,0.548,0.265,4.23765986894922e-07,"6","USP12"
1.17706840771137e-11,0.399885891164648,0.401,0.168,4.30818807906437e-07,"6","MPV17"
1.2387818646681e-11,0.68340386043835,0.537,0.255,4.53406550287171e-07,"6","CASC4"
1.24652844137457e-11,0.396367765920335,0.672,0.37,4.56241874827506e-07,"6","HEXA"
1.24902663620419e-11,0.622824335605463,0.492,0.234,4.57156239117097e-07,"6","TRIM47"
1.26587641048876e-11,0.678836484029661,0.311,0.117,4.63323425002991e-07,"6","SQLE"
1.27185527746055e-11,0.434450272438932,0.74,0.419,4.65511750103335e-07,"6","SNF8"
1.29018968476939e-11,0.79491768183991,0.452,0.202,4.72222326522446e-07,"6","RDH11"
1.30384848541375e-11,0.55857154196857,0.401,0.17,4.77221584146285e-07,"6","EMC2"
1.32369869580892e-11,1.13472655230019,0.395,0.195,4.84486959653024e-07,"6","HMOX1"
1.34124666330811e-11,0.673299453262357,0.282,0.105,4.90909691237402e-07,"6","PFN2"
1.37427798432417e-11,0.721843459503164,0.282,0.101,5.02999485042488e-07,"6","ADPRHL2"
1.42453161770634e-11,0.383214797692988,0.401,0.171,5.21392817396697e-07,"6","WIPI1"
1.42639380842157e-11,0.603716122998157,0.599,0.311,5.2207439782038e-07,"6","ERLEC1"
1.43347945619894e-11,0.623808253893458,0.316,0.121,5.24667815763375e-07,"6","CDC42BPB"
1.44284128765103e-11,0.736688846743643,0.475,0.219,5.28094339693155e-07,"6","HILPDA"
1.48486831921456e-11,0.520096023915041,0.746,0.412,5.43476653515722e-07,"6","RPN2"
1.54390913229911e-11,0.794661057823005,0.356,0.149,5.65086181512797e-07,"6","DCUN1D3"
1.55822843233655e-11,0.529875445135257,0.831,0.598,5.70327188519499e-07,"6","DRAP1"
1.5758551510027e-11,0.657108978184259,0.684,0.37,5.76778743818497e-07,"6","BAD"
1.58055245627329e-11,0.819454914416707,0.339,0.134,5.78498004520586e-07,"6","ASNSD1"
1.58805115742576e-11,0.47765362588617,0.819,0.483,5.81242604129403e-07,"6","GNB2"
1.607094098003e-11,0.578805255179934,0.531,0.251,5.88212510810077e-07,"6","DTD1"
1.60877666297065e-11,0.669734942147163,0.52,0.258,5.88828346413887e-07,"6","DNPH1"
1.63778115208524e-11,1.02133198616036,0.356,0.146,5.99444279474718e-07,"6","SMURF2"
1.65911114612502e-11,0.803744422880176,0.367,0.153,6.07251270593219e-07,"6","MTLN"
1.66658873640663e-11,1.05912319817891,0.362,0.149,6.0998814341219e-07,"6","CYFIP1"
1.66754283839498e-11,0.616274729630434,0.328,0.127,6.10337354280948e-07,"6","STT3A"
1.72106793043583e-11,0.485837662363929,0.791,0.471,6.29928073218819e-07,"6","RBMS1"
1.76336320127219e-11,0.784372433595504,0.294,0.107,6.45408565297634e-07,"6","MEIS3"
1.82596249858831e-11,0.715387094648695,0.362,0.147,6.68320534108308e-07,"6","NECTIN3"
1.83888015185346e-11,0.519701820210551,0.655,0.345,6.73048524379883e-07,"6","MLEC"
1.86361546511121e-11,0.582165499792497,0.74,0.417,6.82101896385355e-07,"6","NDUFAF3"
1.97503811278874e-11,0.531205990529158,0.508,0.232,7.22883699661805e-07,"6","TPBG"
1.97985855772426e-11,0.63556074043478,0.362,0.148,7.24648030712658e-07,"6","GFPT1"
1.99717167668524e-11,0.642331005667076,0.401,0.169,7.30984805383566e-07,"6","COA6"
1.99860518351491e-11,0.465760668422058,0.638,0.32,7.31509483218292e-07,"6","COMMD1"
2.03270387943869e-11,1.04477626218451,0.26,0.091,7.43989946913355e-07,"6","HACL1"
2.10787619216949e-11,0.700109059995288,0.26,0.089,7.71503765095956e-07,"6","DOHH"
2.13198744190033e-11,0.992768896473254,0.316,0.124,7.8032872360994e-07,"6","COPG1"
2.16620614301125e-11,0.532846860719495,0.452,0.211,7.92853110403549e-07,"6","ARHGAP24"
2.18514307733948e-11,0.755958446258262,0.294,0.108,7.99784217737023e-07,"6","ACTL6A"
2.29497202278552e-11,0.289103174824471,0.819,0.446,8.39982710059729e-07,"6","GNG11"
2.31072688554693e-11,0.363549970775069,0.989,0.83,8.45749147379031e-07,"6","MYL12B"
2.3152964013255e-11,0.489370952695592,0.412,0.181,8.47421635849147e-07,"6","DNAJC10"
2.33957358856026e-11,0.358611955963391,0.638,0.336,8.56307329148941e-07,"6","SPSB1"
2.35079458382035e-11,0.444885431992834,0.599,0.31,8.60414325624087e-07,"6","GLG1"
2.40328139715146e-11,0.516664116753493,0.565,0.286,8.79625024171408e-07,"6","KRAS"
2.4225141951026e-11,1.16379160219522,0.277,0.103,8.86664420549501e-07,"6","TRIO"
2.45271766124358e-11,0.586380365012447,0.497,0.234,8.97719191191762e-07,"6","TMEM30A"
2.47483113292837e-11,0.4527941539822,0.458,0.21,9.05812942963114e-07,"6","STRN3"
2.48606818937418e-11,0.479322659295616,0.774,0.45,9.09925817992842e-07,"6","APP"
2.53108853781782e-11,0.862112091968019,0.288,0.108,9.26403715726699e-07,"6","PRRC1"
2.53320506444926e-11,0.414088261881308,0.955,0.715,9.27178385639075e-07,"6","TPI1"
2.66335233426013e-11,0.375470873901555,0.904,0.606,9.7481358786255e-07,"6","YWHAE"
2.72995464703314e-11,0.277925896324214,0.853,0.553,9.99190700360599e-07,"6","RRBP1"
2.73042455371567e-11,0.301009704856548,0.96,0.604,9.99362690905473e-07,"6","MYC"
2.7381500995666e-11,0.522430677968175,0.412,0.175,1.00219031794237e-06,"6","DCUN1D5"
2.74566280474351e-11,0.93835404603297,0.305,0.118,1.00494004316417e-06,"6","IL17RC"
2.78441097954542e-11,0.648332145218035,0.441,0.203,1.01912226262342e-06,"6","RECQL"
2.85204632465581e-11,0.586625056845018,0.525,0.251,1.04387747528727e-06,"6","WDR43"
2.88028296127705e-11,0.513829805903972,0.26,0.09,1.05421236665701e-06,"6","MRPL49"
2.91521349009333e-11,0.540980783691334,0.435,0.187,1.06699728950906e-06,"6","YAP1"
2.91679894973094e-11,0.607343305041625,0.503,0.237,1.06757758359102e-06,"6","POLR2H"
3.06404477846402e-11,0.686126686480529,0.322,0.127,1.12147102936562e-06,"6","PNMA1"
3.13903597455493e-11,0.738926194859915,0.39,0.168,1.14891855704685e-06,"6","ADAM33"
3.25903536183323e-11,0.782866897675154,0.362,0.15,1.19283953278458e-06,"6","LINC01116"
3.2853828624831e-11,0.571984542991802,0.593,0.304,1.20248298149744e-06,"6","TXNDC15"
3.285457121428e-11,0.560535396229296,0.446,0.203,1.20251016101386e-06,"6","GCLM"
3.32770714045086e-11,0.487210998111097,0.588,0.305,1.21797409047642e-06,"6","PPP2R1A"
3.39611976197978e-11,0.266969874881357,0.864,0.51,1.24301379408222e-06,"6","BLVRB"
3.49655588564226e-11,0.45106639741598,0.757,0.436,1.27977441970392e-06,"6","ARF5"
3.54042415665699e-11,0.416388043685928,0.847,0.535,1.29583064557803e-06,"6","DCTN3"
3.54508782204267e-11,0.57900707408019,0.452,0.204,1.29753759374584e-06,"6","JMJD8"
3.60782136576376e-11,0.674451129154388,0.514,0.251,1.32049869808319e-06,"6","URM1"
3.6155195462261e-11,0.774485276938693,0.35,0.141,1.32331630911421e-06,"6","C3orf14"
3.61603393471688e-11,0.618595770517493,0.282,0.103,1.32350458044572e-06,"6","HSPB8"
3.72555313547874e-11,0.4297953126357,0.989,0.632,1.36358970311657e-06,"6","SERPINF1"
3.76403117606717e-11,0.634732055624402,0.48,0.237,1.37767305075234e-06,"6","MRPL36"
3.77269326895635e-11,0.485570355690202,0.621,0.329,1.38084346337071e-06,"6","CHIC2"
3.87779708991413e-11,0.816969699020089,0.424,0.197,1.41931251287947e-06,"6","SRGAP1"
3.88274042284691e-11,0.362136750192433,0.508,0.244,1.4211218221662e-06,"6","PALM2-AKAP2"
4.14497562539896e-11,0.691367345662691,0.565,0.286,1.51710252865227e-06,"6","AKR1B1"
4.17638733691372e-11,0.42775715206254,0.712,0.402,1.52859952918379e-06,"6","CZIB"
4.22832772733185e-11,0.435432761856992,0.475,0.219,1.54761023148073e-06,"6","ATXN7"
4.23778641530895e-11,0.666473610298794,0.373,0.158,1.55107220586723e-06,"6","ECSIT"
4.24139270253868e-11,0.602419753767876,0.514,0.257,1.55239214305618e-06,"6","FNDC4"
4.28900155129659e-11,0.533325931976793,0.627,0.328,1.56981745779007e-06,"6","ACBD3"
4.34453373179172e-11,0.920328866423789,0.452,0.217,1.59014279117309e-06,"6","POLD2"
4.41264263685145e-11,0.638222333731919,0.492,0.245,1.615071331514e-06,"6","FAM126A"
4.52588838837456e-11,0.485434965997657,0.932,0.666,1.65652040902897e-06,"6","NEDD8"
4.53166051868511e-11,0.352930611282006,0.412,0.183,1.65863306644394e-06,"6","KCTD12"
4.62260489133473e-11,0.82937102934511,0.401,0.178,1.69191961627742e-06,"6","ACOT13"
4.73880476378728e-11,0.45394324271901,0.785,0.486,1.73444993159378e-06,"6","CAPNS1"
4.92269628311281e-11,0.770478982719452,0.362,0.15,1.80175606658212e-06,"6","ZCCHC24"
4.93557330618255e-11,0.489919706414461,0.785,0.493,1.80646918579588e-06,"6","PSMB7"
5.09387359834869e-11,0.700388498293382,0.282,0.104,1.8644086757316e-06,"6","IFFO1"
5.34267848487415e-11,0.640489247914651,0.339,0.14,1.95547375224879e-06,"6","ACO1"
5.40829262591285e-11,0.468772076209852,0.254,0.09,1.97948918401036e-06,"6","PLSCR3"
5.62069479245376e-11,0.581680785398563,0.582,0.299,2.057230500986e-06,"6","NQO2"
5.6773206709229e-11,0.516601357430187,0.537,0.269,2.07795613876449e-06,"6","TRIB1"
5.72023959580006e-11,0.949914693216626,0.458,0.224,2.09366489445878e-06,"6","ANGPTL1"
5.82512932287037e-11,0.830749966633974,0.328,0.132,2.13205558346378e-06,"6","FHL3"
5.94459046489e-11,0.847400657011156,0.362,0.153,2.17577955605439e-06,"6","TMEM120A"
5.9686323027895e-11,0.476357124100783,0.661,0.349,2.18457910914399e-06,"6","RRAGA"
6.27917408591629e-11,0.577949787487964,0.582,0.298,2.29824050718622e-06,"6","ETFA"
6.45409641840543e-11,0.590172956009576,0.542,0.273,2.36226383010057e-06,"6","FAM32A"
6.46382393323047e-11,0.469107225449328,0.475,0.225,2.36582419780169e-06,"6","RECK"
6.59820526826495e-11,0.360316298538239,0.599,0.31,2.41500911023766e-06,"6","RRAGC"
6.67245310031052e-11,0.627730125363257,0.288,0.108,2.44218455924465e-06,"6","GPR137"
6.89588875333095e-11,0.338174274870326,0.977,0.8,2.52396424260666e-06,"6","DYNLL1"
6.93631183489128e-11,0.954273901410101,0.277,0.103,2.53875949468856e-06,"6","EFS"
7.06233562247403e-11,0.433550304559388,0.475,0.225,2.58488546118172e-06,"6","ABL1"
7.06487059205099e-11,0.703396981970389,0.305,0.116,2.58581328539658e-06,"6","EXTL2"
7.07481836914111e-11,0.420111762596547,0.678,0.363,2.58945427128934e-06,"6","CCPG1"
7.29327538878381e-11,0.787196819721102,0.418,0.192,2.66941172504876e-06,"6","EPRS"
7.48285374010489e-11,0.833592634658746,0.311,0.12,2.73879929741579e-06,"6","ARHGEF12"
7.57907654723779e-11,0.629081169543825,0.706,0.424,2.7740178070545e-06,"6","MAGED2"
7.65764314518324e-11,0.420484978176163,0.893,0.59,2.80277396756852e-06,"6","SELENOF"
7.75930973995344e-11,0.539844686603319,0.305,0.119,2.83998495792036e-06,"6","AP1M1"
7.82956917298367e-11,0.43614461439867,0.661,0.364,2.86570061300375e-06,"6","SLC39A1"
7.99295714149994e-11,0.438597063015467,0.605,0.31,2.92550224336039e-06,"6","SPTAN1"
8.10210101089617e-11,0.616271271052832,0.497,0.238,2.96544999099811e-06,"6","PWP1"
8.23172410674258e-11,0.668393402160423,0.294,0.114,3.01289334030885e-06,"6","MICA"
8.29747542393566e-11,0.481768739656678,0.542,0.271,3.03695897991469e-06,"6","PSMD3"
8.47976047893521e-11,0.676709716964665,0.39,0.169,3.10367713289508e-06,"6","SCYL1"
8.48865813220546e-11,0.902196096546775,0.333,0.136,3.10693376296852e-06,"6","TP53RK"
8.71672723502484e-11,0.494264663986502,0.593,0.302,3.19040933529144e-06,"6","MED13L"
8.74353854356039e-11,0.546697769277602,0.791,0.487,3.20022254232854e-06,"6","CCN1"
9.14677513764389e-11,0.426341915602618,0.785,0.473,3.34781116812904e-06,"6","CANX"
9.23415841227665e-11,0.442747921284272,0.531,0.261,3.37979432047738e-06,"6","GCSH"
9.36571650514507e-11,0.561943164898222,0.441,0.199,3.42794589804815e-06,"6","NCOA4"
9.78191388811511e-11,0.258523110901569,0.819,0.48,3.58027830218901e-06,"6","KIF5B"
1.00695024295126e-10,0.473610932223516,0.588,0.294,3.68553858422591e-06,"6","PAIP1"
1.02633019825869e-10,0.533394614707501,0.633,0.334,3.75647115864664e-06,"6","SARS"
1.0331463471722e-10,0.359612412324776,0.576,0.292,3.78141894528498e-06,"6","CPNE1"
1.08359402468558e-10,0.490446052531073,0.576,0.292,3.96606248975171e-06,"6","FBXW5"
1.11965635622029e-10,0.477393513906347,0.65,0.345,4.0980542294019e-06,"6","NAA20"
1.13564278736518e-10,0.541403609600063,0.39,0.167,4.15656616603531e-06,"6","IFT22"
1.17296052122897e-10,0.814642685095334,0.39,0.174,4.29315280375017e-06,"6","MIR4435-2HG"
1.19876285334308e-10,0.602899704658545,0.367,0.154,4.38759191952099e-06,"6","OTUD4"
1.24291121251996e-10,0.42908286562498,0.616,0.316,4.5491793289443e-06,"6","PITPNB"
1.25180629634183e-10,0.598903452711387,0.605,0.321,4.58173622524073e-06,"6","AKR7A2"
1.26666150619572e-10,0.683457338863402,0.65,0.372,4.63610777882694e-06,"6","MLF2"
1.27802333877374e-10,0.723871280602233,0.531,0.258,4.67769322224575e-06,"6","PLS3"
1.30746425974696e-10,0.44769908383169,0.859,0.555,4.78544993709985e-06,"6","MICOS10"
1.34824506890409e-10,0.265079291985152,0.492,0.227,4.93471177669585e-06,"6","PLEKHM2"
1.35324508551991e-10,0.641775299458744,0.277,0.104,4.95301233751143e-06,"6","ARHGAP17"
1.36294632098428e-10,0.367923597470482,0.938,0.68,4.98851982943455e-06,"6","SEC11A"
1.36767428930072e-10,0.4260455123581,0.638,0.367,5.00582466626955e-06,"6","TTC3"
1.37262980963099e-10,0.629322970693382,0.486,0.23,5.0239623662304e-06,"6","CALHM2"
1.38986908098883e-10,0.710629416405713,0.339,0.141,5.08705982332722e-06,"6","SPAG16"
1.41932067793278e-10,0.432809518509522,0.87,0.523,5.19485561330176e-06,"6","PLPP3"
1.43088827869763e-10,0.284719341567218,0.435,0.196,5.2371941888612e-06,"6","PINK1"
1.44242803063192e-10,0.717222711557977,0.316,0.126,5.27943083491589e-06,"6","DMWD"
1.47255139159222e-10,0.458197548603349,0.458,0.214,5.38968534836668e-06,"6","DENR"
1.4773043843456e-10,0.518064336925261,0.554,0.269,5.40708177714332e-06,"6","AK3"
1.51233635802978e-10,0.42641843370974,0.706,0.411,5.53530230402479e-06,"6","ADRM1"
1.52452733729659e-10,0.420211463558662,0.531,0.256,5.57992250723925e-06,"6","COA3"
1.53017783469448e-10,0.699130828639609,0.345,0.144,5.60060389276526e-06,"6","DKC1"
1.62295093419059e-10,0.541853899874593,0.621,0.322,5.94016271423097e-06,"6","CCDC124"
1.62358840184881e-10,0.405267834095219,1,0.891,5.94249590960684e-06,"6","ITM2B"
1.65463902594565e-10,0.589304615612237,0.384,0.168,6.05614429886368e-06,"6","DLST"
1.70042128691484e-10,0.458768489461031,0.91,0.615,6.22371195223701e-06,"6","TMEM50A"
1.74643433338095e-10,0.627546279775055,0.373,0.159,6.39212430360763e-06,"6","ANKH"
1.75207323335961e-10,0.781258499757551,0.418,0.191,6.4127632414195e-06,"6","TMEM47"
1.77204667329979e-10,0.48555811878045,0.384,0.17,6.48586802894458e-06,"6","WDR41"
1.77909682531645e-10,0.502726241620615,0.593,0.305,6.51167229034076e-06,"6","NDUFB3"
1.79398398952673e-10,0.554827626089719,0.412,0.185,6.56616080006679e-06,"6","AC010642.2"
1.80966949004554e-10,0.606676479200049,0.367,0.157,6.62357130051568e-06,"6","TXLNA"
1.85988513723768e-10,0.342619097196003,0.542,0.27,6.80736559080362e-06,"6","ESYT2"
1.88419030472663e-10,0.360040668078565,0.915,0.685,6.89632493432994e-06,"6","KRTCAP2"
1.94517633649258e-10,0.467945850577201,0.763,0.459,7.11953990919649e-06,"6","LSM7"
1.95807544375151e-10,0.360278156305902,0.514,0.251,7.1667519316749e-06,"6","SAR1B"
1.97019800635964e-10,0.542548322535036,0.559,0.282,7.21112172307691e-06,"6","CCDC186"
1.99620016500018e-10,0.969146221951427,0.356,0.157,7.30629222391718e-06,"6","LINC01140"
2.02940693807305e-10,0.542630722699,0.548,0.284,7.42783233404115e-06,"6","JAGN1"
2.05668832787038e-10,0.488445810505527,0.74,0.442,7.52768494883838e-06,"6","PHB"
2.0805012483029e-10,0.363550065710496,0.831,0.512,7.61484261891343e-06,"6","TRAM1"
2.09749378454901e-10,0.385168675772793,0.718,0.416,7.67703700082783e-06,"6","ADD3"
2.10201364372773e-10,0.39978479791078,0.599,0.327,7.69358013740785e-06,"6","CYTOR"
2.10398734128977e-10,0.461496247737453,0.384,0.17,7.7008040678547e-06,"6","CD320"
2.15917246750747e-10,0.535426740407148,0.475,0.225,7.90278714832411e-06,"6","ECHDC1"
2.22281663886706e-10,0.360313658929622,0.932,0.74,8.13573117991733e-06,"6","PARK7"
2.31322477107172e-10,0.478978550245354,0.554,0.288,8.4666339845996e-06,"6","DCTN6"
2.36025456253878e-10,0.59070037697239,0.644,0.363,8.63876772434817e-06,"6","CTSA"
2.38838519911073e-10,0.266417731641982,0.412,0.184,8.74172866726519e-06,"6","TNPO1"
2.41046241677794e-10,0.526025368093594,0.672,0.372,8.82253349164893e-06,"6","CHMP5"
2.44560771397306e-10,0.32975763220951,0.706,0.401,8.95116879391278e-06,"6","DCTN2"
2.48022196267035e-10,0.501144382152266,0.599,0.302,9.07786040556974e-06,"6","GPAA1"
2.56139788380859e-10,0.463723215966349,0.52,0.266,9.37497239452783e-06,"6","FNDC3B"
2.72515646603946e-10,0.553628937390303,0.638,0.37,9.97434518135105e-06,"6","ILK"
2.73822150255457e-10,0.682387387692856,0.384,0.171,1.00221645215e-05,"6","PDZD11"
2.85934571213364e-10,0.386067323717592,0.983,0.59,1.04654912409803e-05,"6","SERPING1"
2.86284040217109e-10,0.791729781856348,0.367,0.162,1.04782821559864e-05,"6","ITPRIPL2"
2.867659507758e-10,0.329708389952046,0.712,0.406,1.04959205643451e-05,"6","ASPH"
2.87913315360094e-10,0.514393710708693,0.412,0.183,1.05379152554948e-05,"6","BOLA3"
2.9066482876946e-10,0.522320517963879,0.311,0.122,1.0638623397791e-05,"6","PRADC1"
2.94088565018058e-10,0.595368679291454,0.429,0.202,1.0763935568226e-05,"6","FASTK"
3.11875368272199e-10,0.654979435924484,0.384,0.171,1.14149503541308e-05,"6","MPDU1"
3.13130936717531e-10,0.541737136210743,0.582,0.302,1.14609054147984e-05,"6","ATXN10"
3.17370783099714e-10,0.472272294220416,0.718,0.449,1.16160880322326e-05,"6","COL4A2"
3.18726440890438e-10,0.442867577756034,0.938,0.746,1.16657064630309e-05,"6","RAN"
3.26481469129782e-10,0.577943399782549,0.356,0.153,1.19495482516192e-05,"6","GOLM1"
3.38024269480668e-10,0.409021545557355,0.441,0.206,1.23720262872619e-05,"6","MTX1"
3.39198931360157e-10,0.455966625908117,0.497,0.243,1.24150200867131e-05,"6","NID1"
3.40310754020703e-10,0.650798361023431,0.35,0.148,1.24557139079118e-05,"6","SLC39A3"
3.41246131706195e-10,0.400178814223811,0.446,0.202,1.24899496665784e-05,"6","SND1"
3.42660523191096e-10,0.353714978632559,0.938,0.738,1.25417178093173e-05,"6","SDCBP"
3.53677676083803e-10,0.522012003771007,0.802,0.497,1.29449566223433e-05,"6","MDH2"
3.61176083895923e-10,0.260165756653397,0.492,0.246,1.32194058466747e-05,"6","TM9SF1"
3.71697659808547e-10,0.518296205632396,0.435,0.196,1.36045060466526e-05,"6","DEXI"
3.76039127156695e-10,0.454767378390333,0.655,0.356,1.37634080930622e-05,"6","CENPX"
3.76224948563043e-10,0.584369960441366,0.503,0.262,1.37702093423559e-05,"6","ELP5"
3.80190498584849e-10,0.604768464507489,0.576,0.304,1.39153524387041e-05,"6","MRPL40"
3.80253124328281e-10,0.607885378201793,0.469,0.226,1.39176446035394e-05,"6","MRPL13"
3.83760508517799e-10,0.904792666865002,0.26,0.097,1.404601837226e-05,"6","SHISA4"
3.93685591302408e-10,0.495711364178985,0.763,0.479,1.44092863272594e-05,"6","C1QBP"
4.00360127145936e-10,0.573042956509238,0.746,0.46,1.46535810136684e-05,"6","MRPS24"
4.10016084915329e-10,0.252836782266981,1,0.976,1.50069987239859e-05,"6","TMSB4X"
4.17386894256259e-10,0.272821962802563,0.294,0.114,1.52767777166733e-05,"6","COLGALT1"
4.2279436842146e-10,0.473460497727272,0.294,0.116,1.54746966785938e-05,"6","SEC24D"
4.23189268123048e-10,0.3806646760891,0.667,0.365,1.54891504025717e-05,"6","FLOT1"
4.2565672297359e-10,0.802542235406061,0.277,0.112,1.55794617175564e-05,"6","TGFBR1"
4.26544066044127e-10,0.560204490731529,0.576,0.312,1.56119393612811e-05,"6","FUCA2"
4.38751748937751e-10,0.691318609892616,0.48,0.243,1.60587527628706e-05,"6","COL16A1"
4.43540737800009e-10,0.362555518415992,0.548,0.274,1.62340345442181e-05,"6","COA4"
4.50194806736613e-10,0.729530877464339,0.356,0.154,1.64775801213668e-05,"6","RNF24"
4.55323812665642e-10,0.307359821288545,0.463,0.212,1.66653068673752e-05,"6","MARCH5"
4.61578474270335e-10,0.336840727661682,0.379,0.172,1.68942337367685e-05,"6","GDI1"
4.65088203266057e-10,0.34599431216918,0.853,0.561,1.7022693327741e-05,"6","PRELID1"
4.69956190274323e-10,0.745680572487739,0.655,0.369,1.72008665202305e-05,"6","CD34"
4.79697348848923e-10,0.480611187840671,0.797,0.507,1.75574026652194e-05,"6","PSMA4"
4.80650317994007e-10,0.374792334477789,0.672,0.395,1.75922822888987e-05,"6","PSMC3"
4.89145182054992e-10,0.394773684518268,0.757,0.468,1.79032028083948e-05,"6","ILF2"
4.90727353817999e-10,0.532671247550713,0.576,0.312,1.79611118770926e-05,"6","PSMD2"
4.91364545571445e-10,0.555869394576588,0.373,0.16,1.79844337324605e-05,"6","TUSC3"
5.11489942530433e-10,1.14390260646912,0.379,0.179,1.87210433865564e-05,"6","FGF2"
5.1785653812909e-10,0.300555146752496,0.282,0.109,1.89540671520628e-05,"6","WDR55"
5.26972173181206e-10,0.38481049597056,0.593,0.301,1.92877085106053e-05,"6","AHCYL1"
5.36768091902383e-10,0.389257896474999,0.616,0.325,1.96462489317191e-05,"6","NAA38"
5.38054398295914e-10,0.440690377949326,0.52,0.27,1.96933290320287e-05,"6","PPP3CA"
5.4784948739108e-10,0.550713433318182,0.508,0.25,2.00518390880009e-05,"6","OSBPL1A"
5.54255012794039e-10,0.457076991550678,0.718,0.426,2.02862877232746e-05,"6","TMEM109"
5.55506559870586e-10,0.59172888723421,0.429,0.202,2.03320955978233e-05,"6","CHCHD1"
5.56242018597273e-10,0.506246092536134,0.791,0.478,2.03590141226788e-05,"6","AP3S1"
5.59127529616234e-10,0.675312872553895,0.576,0.328,2.04646267114838e-05,"6","COPS8"
5.65765852627172e-10,0.267465286276091,0.548,0.263,2.07075959720071e-05,"6","DPM1"
5.67891712676723e-10,0.332577521104627,0.435,0.198,2.07854045756807e-05,"6","FADS3"
5.80800843158119e-10,0.274995438057344,0.311,0.124,2.12578916604303e-05,"6","MRPS18A"
5.83003772413995e-10,0.621342755944521,0.446,0.209,2.13385210741246e-05,"6","PTGR1"
5.83038844694391e-10,0.390764565521121,0.836,0.537,2.13398047546594e-05,"6","TMED10"
5.91233782134988e-10,0.627931343564328,0.254,0.095,2.16397476599227e-05,"6","POLR3H"
6.03477536083366e-10,0.376817782069594,0.689,0.368,2.20878812981873e-05,"6","ANAPC5"
6.0804395675864e-10,0.774422236251386,0.254,0.094,2.2255016861323e-05,"6","LRRC42"
6.11256808846495e-10,0.352071237532963,0.633,0.343,2.23726104605906e-05,"6","HIF1A"
6.19781028369778e-10,0.437216636964988,0.446,0.206,2.26846054193622e-05,"6","PPFIBP1"
6.27601311601056e-10,0.347734629816272,0.859,0.582,2.29708356059102e-05,"6","SEM1"
6.69662799689537e-10,0.572769527860729,0.333,0.143,2.45103281314367e-05,"6","ACADS"
6.72223470415973e-10,0.87159074937145,0.339,0.149,2.4604051240695e-05,"6","FMOD"
6.81573790705257e-10,0.756191627428221,0.277,0.109,2.49462823136031e-05,"6","SOBP"
6.85279408973314e-10,0.519606972782378,0.503,0.244,2.50819116478322e-05,"6","SHARPIN"
6.94719000975205e-10,0.515656632891669,0.322,0.133,2.54274101546935e-05,"6","LINC00632"
6.9682745619586e-10,0.464424585962725,0.531,0.26,2.55045817242247e-05,"6","CFAP36"
7.09417112756438e-10,0.669383441220862,0.401,0.188,2.59653757439984e-05,"6","ACAT1"
7.34881668567095e-10,0.323046340360527,0.904,0.627,2.68974039512242e-05,"6","COPE"
7.46505473308731e-10,0.51819095098624,0.424,0.197,2.73228468285729e-05,"6","HDAC7"
7.73221881481004e-10,0.566436936518219,0.429,0.196,2.83006940840862e-05,"6","TMX2"
8.06007615046007e-10,0.806478346036952,0.288,0.116,2.95006847182989e-05,"6","ZNF385A"
8.12364406542485e-10,0.642482175967977,0.441,0.216,2.97333496438615e-05,"6","CAPRIN1"
8.2223123074992e-10,0.637968196195943,0.61,0.339,3.00944852766778e-05,"6","USP53"
8.26917984760704e-10,0.419104780505737,0.582,0.303,3.02660251602265e-05,"6","WDR1"
8.50865425979353e-10,0.443021286716432,0.751,0.457,3.11425254562703e-05,"6","RANBP1"
8.58788085880797e-10,0.537559237034884,0.339,0.139,3.1432502731323e-05,"6","PGM1"
9.16062378673494e-10,0.276779149720154,0.797,0.492,3.35287991218286e-05,"6","RNF7"
9.2382485547254e-10,0.460956124767865,0.565,0.298,3.38129135351504e-05,"6","MAP1A"
9.24426622834171e-10,0.495371267368149,0.661,0.37,3.38349388223535e-05,"6","TMEM147"
9.43840569412086e-10,0.608541040291883,0.373,0.169,3.45455086810518e-05,"6","ZMPSTE24"
9.55892780263493e-10,0.423523402291096,0.373,0.165,3.49866316504241e-05,"6","TJP1"
9.58106137739985e-10,0.580053471680419,0.35,0.15,3.50676427474212e-05,"6","MGAT2"
9.65069353653351e-10,0.494160339391375,0.689,0.394,3.53225034130663e-05,"6","PSMB2"
9.8412756183306e-10,0.436526333004699,0.763,0.458,3.60200528906518e-05,"6","MPC2"
1.02605670170764e-09,0.458210468701111,0.486,0.244,3.75547013392014e-05,"6","MAP7D1"
1.03573380063112e-09,0.506097181183928,0.463,0.219,3.79088928368996e-05,"6","TMEM242"
1.05034451197604e-09,0.376782712444744,0.384,0.176,3.8443659482835e-05,"6","LARP1B"
1.05709094397596e-09,0.490899030034997,0.576,0.303,3.86905856404642e-05,"6","MPZL1"
1.07166387942336e-09,0.551059123103498,0.768,0.49,3.92239696507745e-05,"6","BANF1"
1.07858254319589e-09,0.353217579716225,0.78,0.494,3.94771996635127e-05,"6","RAB1A"
1.08781894660688e-09,0.650777255225318,0.458,0.222,3.98152612647586e-05,"6","DERA"
1.09093702356052e-09,0.566253658322686,0.316,0.131,3.99293859993386e-05,"6","PFKP"
1.09865788277835e-09,0.3631561967585,0.345,0.148,4.02119771675703e-05,"6","SLC25A1"
1.13790015213063e-09,0.722402278199239,0.373,0.172,4.16482834681332e-05,"6","ACSL4"
1.14405211651197e-09,0.785612332255748,0.316,0.135,4.18734515164547e-05,"6","BACE1"
1.19639649783123e-09,0.48885089536635,0.475,0.234,4.37893082171207e-05,"6","MMADHC"
1.22104174058626e-09,0.335406813409035,0.977,0.812,4.46913487471976e-05,"6","CD44"
1.22999823935307e-09,0.352606100911381,0.35,0.151,4.50191655585617e-05,"6","GPATCH4"
1.27812385300836e-09,0.530830697444789,0.593,0.321,4.67806111439591e-05,"6","NDUFS3"
1.29539185924151e-09,0.591994744719977,0.328,0.145,4.74126374400985e-05,"6","VKORC1L1"
1.31953595919691e-09,0.321839928675271,0.712,0.375,4.8296335642566e-05,"6","OPTN"
1.32309478362604e-09,0.48487107112652,0.633,0.359,4.84265921754967e-05,"6","PIH1D1"
1.3280000937758e-09,0.405426750901174,0.746,0.431,4.86061314322879e-05,"6","ALKBH7"
1.33551034661564e-09,0.353430256159432,0.927,0.633,4.8881014196479e-05,"6","NDUFA11"
1.37338709365751e-09,0.869007759525932,0.452,0.225,5.02673410149586e-05,"6","VIT"
1.38119937898144e-09,0.49052496959023,0.655,0.375,5.05532784700997e-05,"6","HEBP1"
1.40018499590458e-09,0.431809444754656,0.356,0.155,5.12481710351035e-05,"6","KPNA3"
1.43140610569961e-09,0.614725552316977,0.469,0.229,5.23908948747114e-05,"6","SCOC"
1.44512003872568e-09,0.301321374144051,0.458,0.225,5.28928385373986e-05,"6","ENAH"
1.46202993409575e-09,0.441257821115009,0.497,0.248,5.35117576178387e-05,"6","CRELD2"
1.47030790233496e-09,0.379869211505872,0.915,0.698,5.38147395333619e-05,"6","CALR"
1.48271337880849e-09,0.533591752390234,1,0.677,5.42687923777694e-05,"6","DCN"
1.4945366579258e-09,0.997115538185201,0.26,0.103,5.47015362167421e-05,"6","KITLG"
1.50374990895356e-09,1.18466906836392,0.271,0.11,5.50387504176093e-05,"6","SPPL2B"
1.51232781464749e-09,0.505837396016054,0.469,0.231,5.53527103439128e-05,"6","MFAP2"
1.52537216273969e-09,0.495398844176941,0.621,0.341,5.58301465284355e-05,"6","FDPS"
1.54161200485166e-09,0.478323979006578,0.401,0.185,5.64245409895755e-05,"6","GANAB"
1.54448766002862e-09,0.733091298659559,0.384,0.177,5.65297928447077e-05,"6","EMILIN2"
1.55253363283351e-09,0.764033945103169,0.299,0.125,5.68242834953394e-05,"6","TMEM237"
1.58254695829372e-09,0.357568712901208,0.881,0.573,5.79228012205086e-05,"6","SRI"
1.59448725712697e-09,0.386406485113971,0.497,0.251,5.83598280981043e-05,"6","MIR222HG"
1.61449527364225e-09,0.454980072633369,0.599,0.33,5.90921415105801e-05,"6","UFM1"
1.72704361809005e-09,0.668235946703777,0.469,0.234,6.3211523465714e-05,"6","SWI5"
1.762609538825e-09,0.302892717239077,0.492,0.237,6.45132717305339e-05,"6","BTBD6"
1.77492452210075e-09,0.421922879667629,0.621,0.353,6.49640124334094e-05,"6","IFNGR2"
1.78136908563724e-09,0.640848043578129,0.35,0.154,6.51998899034086e-05,"6","COMMD8"
1.78452654251792e-09,0.313245574758437,0.876,0.611,6.53154559826983e-05,"6","ATP5PD"
1.79179509098113e-09,0.340678888230928,0.65,0.353,6.55814921250002e-05,"6","LRP10"
1.85008264726002e-09,0.654828449481233,0.531,0.279,6.77148749723641e-05,"6","IFI6"
1.87186619196256e-09,0.32312241573102,0.593,0.325,6.85121744920217e-05,"6","PSMD11"
1.88261469360986e-09,0.953250587689105,0.26,0.1,6.89055804008145e-05,"6","FAM98A"
1.88873808400642e-09,0.39451263300331,0.751,0.453,6.91297026127189e-05,"6","LSM3"
1.92399630023403e-09,0.488010984039517,0.463,0.225,7.04201885848658e-05,"6","MPST"
1.92686051674461e-09,0.446950701067239,0.616,0.338,7.05250217733693e-05,"6","CHRDL1"
1.94431528306348e-09,0.670712035518709,0.395,0.182,7.11638836754064e-05,"6","LPAR1"
1.98301796932029e-09,0.436674472643689,0.616,0.338,7.2580440695092e-05,"6","GET3"
2.05340653299393e-09,0.505124722279465,0.723,0.453,7.51567325141108e-05,"6","PHLDA1"
2.06940441502216e-09,0.850316085608741,0.282,0.116,7.57422709942261e-05,"6","AP2A2"
2.1116750148291e-09,0.65537108909722,0.356,0.157,7.72894172177601e-05,"6","IFI27L1"
2.1322858735498e-09,0.37622973514738,0.316,0.129,7.80437952577963e-05,"6","TRAM2"
2.15853840570408e-09,0.294637224181009,0.616,0.336,7.90046641871752e-05,"6","MAZ"
2.15946903419679e-09,0.346250053134762,0.695,0.397,7.90387261206368e-05,"6","BCAP31"
2.17183456069818e-09,0.317827652646452,0.593,0.307,7.94913167561141e-05,"6","WDR13"
2.1827030810978e-09,0.700290970046926,0.271,0.108,7.98891154712605e-05,"6","ALG14"
2.21815261662434e-09,0.413127906455817,0.362,0.161,8.11866039210674e-05,"6","GNAI1"
2.21976332339645e-09,0.590983266930297,0.588,0.326,8.12455573996334e-05,"6","VSIR"
2.23060122013554e-09,0.511070474257018,0.469,0.225,8.1642235258181e-05,"6","MRPL28"
2.25469954275943e-09,0.378069238057228,0.729,0.413,8.25242579645378e-05,"6","NDUFA6"
2.28294128007895e-09,0.525752546582431,0.571,0.31,8.35579337921695e-05,"6","TWF2"
2.32873157572571e-09,0.930886726081484,0.271,0.113,8.52339044031368e-05,"6","NNT"
2.44688121197286e-09,0.422062869074802,0.333,0.142,8.95582992394187e-05,"6","PLOD3"
2.46862404958383e-09,0.359105607934553,0.96,0.735,9.03541088388179e-05,"6","NDUFA13"
2.47824378268546e-09,0.380483793820309,0.638,0.366,9.07062006900706e-05,"6","RALA"
2.54162165170514e-09,0.276360721955072,0.819,0.556,9.302589407406e-05,"6","MAP2K2"
2.60038979028739e-09,0.513068030770413,0.441,0.213,9.51768667143089e-05,"6","MDFIC"
2.60736875086522e-09,0.362677263276464,0.492,0.24,9.54323036504178e-05,"6","ATG3"
2.61056938311978e-09,0.319525530625938,0.921,0.725,9.5549449991567e-05,"6","NDUFS5"
2.70267189562976e-09,0.533582094125788,0.328,0.146,9.89204940519447e-05,"6","KDM7A-DT"
2.71213375689806e-09,0.420847657905448,0.401,0.183,9.9266807636226e-05,"6","MAP4K5"
2.72384443224408e-09,0.398359276513441,0.593,0.319,9.96954300645656e-05,"6","GNL3"
2.77629928916215e-09,0.54436162796531,0.621,0.356,0.000101615330282624,"6","TMEM179B"
2.79158257976054e-09,0.3436029422155,0.797,0.494,0.000102174714001815,"6","TMED2"
2.96228997160867e-09,0.62749926940053,0.339,0.146,0.000108422775250849,"6","PTPRG"
2.97008690154779e-09,0.352110360651577,0.831,0.514,0.000108708150683551,"6","SRPX"
3.03084198576466e-09,0.408324932020279,0.729,0.433,0.000110931847520972,"6","PCMT1"
3.04967296338949e-09,0.353346263388871,0.497,0.249,0.000111621080133019,"6","EMILIN1"
3.13820631343784e-09,0.676491076588582,0.254,0.101,0.000114861489278138,"6","FAM234A"
3.24418832970551e-09,0.553869090442535,0.418,0.204,0.000118740537055551,"6","LASP1"
3.2481095104278e-09,0.313464057228821,1,0.879,0.000118884056191168,"6","LMNA"
3.27345882453053e-09,0.73316107120284,0.362,0.165,0.000119811866436642,"6","NDUFS1"
3.28610464063218e-09,0.294610735695596,0.966,0.762,0.000120274715951778,"6","NDUFA4"
3.38805036389127e-09,0.552241909337544,0.497,0.255,0.000124006031368784,"6","MRPL55"
3.41204945866762e-09,0.376037891814054,0.559,0.296,0.000124884422236694,"6","TP53I13"
3.41748341445546e-09,0.256510157894724,0.322,0.137,0.000125083310452484,"6","GPS1"
3.43107391064606e-09,0.322051704791937,0.701,0.398,0.000125580736203556,"6","LAMP2"
3.45516958168904e-09,0.733015599693511,0.288,0.117,0.000126462661859401,"6","GTF2E2"
3.46000214823963e-09,0.45228394080953,0.469,0.222,0.000126639538627719,"6","ANO6"
3.4677564546772e-09,0.843227978899328,0.661,0.433,0.00012692335399764,"6","IER3"
3.48167475401532e-09,0.453218716344153,0.616,0.34,0.000127432777671715,"6","AHSA1"
3.62356825844325e-09,0.332478212616902,0.842,0.553,0.000132626221827281,"6","ZNF706"
3.62701195156451e-09,0.448830422758883,0.492,0.259,0.000132752264439212,"6","WBP4"
3.82191171577643e-09,0.308201194180558,0.667,0.382,0.000139885790709133,"6","SLC2A4RG"
3.87179745961761e-09,0.349250775094342,0.288,0.115,0.000141711658819464,"6","TMEM39A"
3.91732540844228e-09,0.258903795303854,0.525,0.268,0.000143378027274396,"6","ZYX"
4.00421945994518e-09,0.414133560579436,0.35,0.151,0.000146558436453453,"6","NMI"
4.08243118294514e-09,0.473612070417184,0.362,0.167,0.000149421063726975,"6","ALKBH5"
4.08977649546845e-09,0.462598860856605,0.345,0.155,0.000149689909510641,"6","NCOA3"
4.14174675566702e-09,0.565334174865859,0.328,0.142,0.000151592073004169,"6","RARS"
4.24158625714124e-09,0.483782644347678,0.571,0.305,0.000155246298597627,"6","GLO1"
4.28799317774989e-09,0.362179935454851,0.689,0.376,0.000156944838298824,"6","FGFR1OP2"
4.43501338347836e-09,0.551035267162125,0.718,0.476,0.000162325924848692,"6","RPL22L1"
4.53336852356356e-09,0.335314012776934,0.395,0.178,0.00016592582133095,"6","RWDD4"
4.61892561156286e-09,0.448709196125532,0.531,0.278,0.000169057296308812,"6","CAB39L"
4.62786641864263e-09,0.309146698760931,0.921,0.608,0.000169384538788739,"6","TMBIM4"
4.75750103147478e-09,0.415793516227946,0.678,0.403,0.000174129295253008,"6","CCT5"
4.79371966749853e-09,0.271016478937871,0.763,0.443,0.000175454933550114,"6","LMAN2"
4.88012620519471e-09,0.36828470595816,0.571,0.309,0.000178617499236332,"6","PKN1"
4.92923537380793e-09,0.425469121948101,0.768,0.461,0.000180414943916744,"6","MDH1"
4.98359944896175e-09,0.323902466784841,0.797,0.456,0.000182404723431449,"6","PDGFRL"
5.07003087049348e-09,0.434498449015837,0.446,0.218,0.000185568199890932,"6","MRPL52"
5.10437432227722e-09,0.254120903972028,0.853,0.566,0.000186825204569669,"6","TACC1"
5.13235843892892e-09,0.353234364766008,0.463,0.227,0.000187849451223238,"6","SGCB"
5.16543252095541e-09,0.270682370616749,0.379,0.172,0.000189059995699489,"6","IFT43"
5.2480116406963e-09,0.330302790641687,0.819,0.546,0.000192082474061125,"6","PSMC5"
5.3096410125027e-09,0.391510300473037,0.785,0.478,0.000194338170698611,"6","UBE2N"
5.37211457136789e-09,0.460986076146743,0.333,0.143,0.000196624765426636,"6","LNPK"
5.38912078296555e-09,0.672473713446099,0.39,0.184,0.000197247209777322,"6","QSOX1"
5.41895395040481e-09,0.507432280651771,0.621,0.347,0.000198339133538766,"6","COX16"
5.44686085280851e-09,0.691739582779282,0.322,0.142,0.000199360554073644,"6","PPFIA1"
5.60367024756754e-09,0.394391883613877,0.695,0.385,0.000205099934731219,"6","UFD1"
5.62179179553625e-09,0.388620529552839,0.316,0.135,0.000205763201508422,"6","POLR2B"
5.77539264589417e-09,0.410786591027033,0.655,0.387,0.000211385146232373,"6","GLUD1"
5.96029638132487e-09,0.378531076424348,0.322,0.137,0.000218152807852872,"6","ZDHHC24"
6.22786896479892e-09,0.371294299810851,0.774,0.476,0.000227946231980605,"6","GRN"
6.38046242983702e-09,0.389299595323732,0.322,0.143,0.000233531305394465,"6","MTX2"
6.48546988406141e-09,0.369547231678918,0.429,0.206,0.000237374683226532,"6","PEF1"
6.50937270958682e-09,0.513793169163247,0.644,0.368,0.000238249550543587,"6","RAB14"
6.84989023779278e-09,0.550843000035635,0.452,0.226,0.000250712832593454,"6","SUPT16H"
7.14970983317208e-09,0.354834852799198,0.944,0.701,0.000261686529603931,"6","ARF1"
7.29738089807613e-09,0.35302891939503,0.531,0.274,0.000267091438250484,"6","FNTA"
7.30651790609338e-09,0.387495023002953,0.463,0.223,0.000267425861880924,"6","GOLPH3"
7.71757446855783e-09,0.315739630923859,0.808,0.508,0.000282470943123685,"6","VPS29"
7.83944836148069e-09,0.547016183888343,0.695,0.421,0.000286931649478555,"6","NOP10"
8.00298271855025e-09,0.38716661502098,0.644,0.368,0.000292917170481658,"6","PSMA5"
8.05320781071751e-09,0.658348703406143,0.294,0.125,0.000294755459080072,"6","TIMM22"
8.12909871634657e-09,0.30683573778101,0.531,0.276,0.000297533142117001,"6","ACVRL1"
8.35736175567316e-09,0.647384686520171,0.322,0.142,0.000305887797619393,"6","NUDT22"
8.37834287683904e-09,0.644208051132773,0.271,0.11,0.000306655727635186,"6","NOC4L"
8.56592190059665e-09,0.362828324197919,0.593,0.323,0.000313521307483738,"6","LRRFIP2"
8.60599116533214e-09,0.598515390845779,0.401,0.189,0.000314987882642322,"6","LZIC"
8.62061095910554e-09,0.843373126845364,0.254,0.101,0.000315522981714222,"6","MYO6"
8.73793752495767e-09,0.657356283187924,0.407,0.194,0.000319817251350976,"6","SIL1"
8.78289381236760e-09,0.33386453592533,0.751,0.442,0.000321462696426466,"6","SPAG9"
8.87523101300752e-09,0.511905925503088,0.435,0.216,0.000324842330307088,"6","CISD3"
8.87567146379013e-09,0.5113594176605,0.531,0.289,0.000324858451246183,"6","FKBP3"
8.87829925786175e-09,0.735741863783901,0.39,0.187,0.000324954631136998,"6","MRPL24"
8.90028501621808e-09,0.491884083879741,0.52,0.281,0.000325759331878598,"6","TCF7L2"
9.0997395619218e-09,0.783009167606254,0.367,0.178,0.0003330595677059,"6","FNIP2"
9.14408507798696e-09,0.468965087650899,0.35,0.158,0.000334682657939401,"6","HDGFL2"
9.17391084423082e-09,0.6000569198216,0.367,0.17,0.000335774310809692,"6","ADSL"
9.36127233966054e-09,0.358528152998853,0.825,0.508,0.000342631928903916,"6","TRAPPC5"
9.55176757106985e-09,0.295944882831192,0.989,0.577,0.000349604244868727,"6","C1S"
1.04289085208075e-08,0.407628424079274,0.294,0.126,0.000381708480770075,"6","CEP63"
1.05108174317258e-08,0.444837857984749,0.463,0.238,0.000384706428818596,"6","SEC22B"
1.05785189836908e-08,0.533486322124524,0.655,0.416,0.000387184373322067,"6","VCP"
1.07641276293635e-08,0.321714348554493,0.814,0.545,0.000393977835362332,"6","XBP1"
1.08968731237975e-08,0.35984868902971,0.593,0.329,0.000398836453204113,"6","FIBP"
1.12665119775436e-08,0.393930822355102,0.678,0.399,0.000412365604890073,"6","RALY"
1.1284640685487e-08,0.383193921745131,0.689,0.401,0.000413029133729511,"6","EMC4"
1.13328003204906e-08,0.304109701708668,0.785,0.476,0.000414791824530277,"6","MICOS13"
1.13864167219334e-08,0.321888797441182,0.734,0.438,0.000416754238439485,"6","VAMP5"
1.14534684362162e-08,0.601767147320487,0.379,0.181,0.000419208398233948,"6","RPL26L1"
1.15830748401658e-08,0.436553684481461,0.61,0.34,0.000423952122224908,"6","METAP2"
1.16360688642248e-08,0.30272625634244,0.48,0.243,0.00042589175649949,"6","GLTP"
1.16419025280109e-08,0.458867460309159,0.356,0.165,0.000426105274427728,"6","IRX1"
1.16456030706379e-08,0.328679443860317,0.887,0.6,0.000426240717988419,"6","CAPZB"
1.17448853878631e-08,0.694793320354095,0.316,0.142,0.000429874550081176,"6","CARS2"
1.18836915896297e-08,0.376180090052666,0.605,0.336,0.000434954995872038,"6","WDR45"
1.20292152871101e-08,0.743030630837737,0.266,0.11,0.000440281308723516,"6","NCKAP5L"
1.21391925291135e-08,0.280265898822362,0.525,0.279,0.000444306585758083,"6","ARPC1A"
1.21399482536908e-08,0.407096993074115,0.486,0.251,0.000444334246033336,"6","SPTSSA"
1.21592260435373e-08,0.423073555674907,0.859,0.59,0.000445039832419507,"6","ATP6AP2"
1.22552151047137e-08,0.614236794256181,0.362,0.168,0.000448553128047627,"6","FAM92A"
1.23196074545751e-08,0.54408868855884,0.429,0.217,0.000450909952444902,"6","IL10RB"
1.2416917668864e-08,0.308527214476903,0.288,0.12,0.00045447160359809,"6","SEPHS1"
1.24814975701061e-08,0.544390853555226,0.452,0.225,0.000456835292563453,"6","SUCLG2"
1.25743718638021e-08,0.445002267806023,0.458,0.227,0.000460234584587021,"6","TMEM141"
1.26613527144578e-08,0.429623624608478,0.508,0.268,0.000463418170701868,"6","CDK4"
1.30129514977288e-08,0.482162407819872,0.362,0.168,0.000476287037768373,"6","CTBP2"
1.30237003804933e-08,0.339115190906835,0.266,0.107,0.000476680457626435,"6","UBE2D4"
1.31933275940298e-08,0.561660278039374,0.367,0.17,0.000482888983269086,"6","YBEY"
1.32713912405772e-08,0.263859062974852,0.638,0.352,0.000485746190796364,"6","MRPL18"
1.35961310430404e-08,0.390136750407773,0.39,0.179,0.000497631992306321,"6","TSPAN31"
1.41360517088389e-08,0.362971535934807,0.904,0.647,0.000517393628595214,"6","ATP5PF"
1.41410287752127e-08,0.344846232505187,0.864,0.569,0.000517575794201561,"6","MTCH1"
1.42045942824899e-08,0.422299141197326,0.576,0.309,0.000519902355333414,"6","ARL2BP"
1.46041773315017e-08,0.407095506956182,0.271,0.112,0.000534527494510292,"6","ORAI3"
1.46685636776267e-08,0.450915920205132,0.35,0.162,0.000536884099164816,"6","TBC1D9B"
1.47834308752253e-08,0.331879616350767,0.672,0.403,0.000541088353464122,"6","PSMC1"
1.49106431530325e-08,0.457169736591522,0.305,0.13,0.000545744450044141,"6","CAMSAP2"
1.51386396577284e-08,0.59005744122105,0.288,0.122,0.000554089350112518,"6","GAPVD1"
1.53139318609398e-08,0.314437842221052,0.576,0.316,0.000560505220042256,"6","PPP1R7"
1.53259815915356e-08,0.437631388516269,0.333,0.151,0.000560946252231795,"6","ERO1A"
1.53746596065387e-08,0.406438247306427,0.836,0.521,0.000562727916258922,"6","OCIAD1"
1.5539556312268e-08,0.261376332266605,0.91,0.636,0.000568763300585319,"6","ITGB1"
1.55935459794501e-08,0.406402467404637,0.65,0.369,0.000570739376393852,"6","NDUFS8"
1.56024673480489e-08,0.347340606496332,0.311,0.135,0.000571065907405939,"6","DIXDC1"
1.56055725693976e-08,0.507495544223794,0.486,0.251,0.000571179561612522,"6","MRPL4"
1.59557890108175e-08,0.400543881540845,0.418,0.198,0.000583997833584933,"6","MRPS28"
1.60498738104046e-08,0.459353171508122,0.401,0.192,0.000587441431334618,"6","MSRB3"
1.61501635728183e-08,0.29750476685886,0.588,0.32,0.000591112136928723,"6","RAB10"
1.61926018153163e-08,0.507604615538917,0.497,0.259,0.000592665419042391,"6","ARMCX3"
1.63998206533235e-08,0.274503443980935,0.808,0.533,0.000600249835732293,"6","AURKAIP1"
1.66095685367508e-08,0.264921542250759,0.774,0.491,0.000607926818013616,"6","ATP1A1"
1.67680970692728e-08,0.292274702974219,0.582,0.317,0.000613729120832453,"6","PEA15"
1.67708517173569e-08,0.291847084691643,0.712,0.439,0.00061382994370698,"6","IGFBP3"
1.72849185501083e-08,0.311849954930426,0.508,0.264,0.000632645303852514,"6","PRPF31"
1.72927059165621e-08,0.718594940893703,0.266,0.11,0.000632930329252089,"6","PTRH1"
1.73490597401745e-08,0.297813167075466,0.949,0.733,0.000634992935550127,"6","ZFP36L1"
1.75097960557219e-08,0.669860634688046,0.26,0.109,0.000640876045435479,"6","AVEN"
1.75792848234442e-08,0.312211339290378,0.78,0.519,0.000643419403822881,"6","CIB1"
1.76736292655168e-08,0.329049781739936,0.542,0.275,0.000646872504747181,"6","GNA11"
1.77433348225068e-08,0.478838516350436,0.407,0.202,0.000649423797838572,"6","FBXL3"
1.85871919701006e-08,0.399133124946474,0.701,0.443,0.000680309813297653,"6","TMCO1"
1.86501280464054e-08,0.313029281422775,0.667,0.387,0.000682613336626484,"6","GRHPR"
1.88699029597538e-08,0.380490445324094,0.887,0.661,0.000690657318229947,"6","APRT"
1.96593478987526e-08,0.294566394645512,0.983,0.71,0.000719551792442242,"6","PSAP"
1.98902728453199e-08,0.483097196288081,0.339,0.16,0.000728003876411552,"6","DOCK11"
2.00784873817258e-08,0.426502092567246,0.294,0.127,0.000734892716658545,"6","JAZF1"
2.01818469575942e-08,0.433560906831906,0.65,0.385,0.000738675780494904,"6","ROMO1"
2.02235453122469e-08,0.296776882620499,0.763,0.494,0.000740201981973549,"6","VDAC1"
2.02707431680098e-08,0.306152474328376,0.65,0.359,0.000741929470692327,"6","MGAT1"
2.04028191818753e-08,0.462207832423525,0.48,0.245,0.00074676358487582,"6","NDUFA9"
2.05337976496088e-08,0.262946780451712,0.927,0.74,0.000751557527773331,"6","MORF4L1"
2.07467493235602e-08,0.38988164824117,0.701,0.417,0.000759351771991627,"6","ECHS1"
2.07501514585709e-08,0.35957905638997,0.819,0.513,0.000759476293535153,"6","ATP5MF"
2.07569777062189e-08,0.303854680067875,0.407,0.196,0.00075972614102532,"6","USP47"
2.08574404263723e-08,0.417137769716774,0.316,0.143,0.000763403177045651,"6","IFRD2"
2.13674285723033e-08,0.25328198914059,0.554,0.307,0.000782069253174873,"6","CGGBP1"
2.15304122414469e-08,0.354629633197685,0.898,0.615,0.0007880346184492,"6","POLR2L"
2.16974068626566e-08,0.585900295114526,0.333,0.154,0.000794146788580094,"6","TOP2B"
2.24857136696772e-08,0.531311856619252,0.418,0.209,0.000822999606023853,"6","ACTR1A"
2.29191183382301e-08,0.442412634719675,0.458,0.232,0.000838862650297559,"6","ELOVL1"
2.339976081374e-08,0.276394025213978,0.955,0.794,0.000856454645543698,"6","RBM3"
2.36244928258024e-08,0.369205004312473,0.407,0.195,0.000864680061917194,"6","DNASE2"
2.41457619644603e-08,0.446955864986786,0.379,0.18,0.00088375903366121,"6","ZDHHC3"
2.43766730746665e-08,0.269399845617875,0.328,0.149,0.000892210611205869,"6","HNRNPUL2"
2.47710361952069e-08,0.376507738751185,0.39,0.184,0.000906644695780767,"6","RIC8A"
2.49035906880011e-08,0.638279433280312,0.367,0.174,0.000911496322771527,"6","TM7SF3"
2.50811702752244e-08,0.355955545725475,0.463,0.23,0.000917995913243487,"6","NCBP2"
2.52194201220624e-08,0.599252909469547,0.316,0.141,0.000923055995887606,"6","SNED1"
2.5333555297628e-08,0.482079203501682,0.412,0.22,0.000927233457448483,"6","APOC1"
2.59496670750939e-08,0.39846346139791,0.48,0.242,0.000949783764615512,"6","SCFD1"
2.63924658501667e-08,0.384087196547466,0.876,0.604,0.00096599064258195,"6","MRFAP1"
2.64634880317606e-08,0.661728519567041,0.282,0.125,0.000968590125450469,"6","CMAS"
2.67092388071566e-08,0.259903913503475,0.497,0.258,0.00097758484958074,"6","JOSD2"
2.6821601814508e-08,0.308407822211046,0.548,0.289,0.000981697448012807,"6","AAMP"
2.71696177898007e-08,0.50209994676582,0.266,0.114,0.000994435180724496,"6","ADAM10"
2.79468278717271e-08,0.281156158781904,0.695,0.403,0.00102288184693308,"6","TMEM165"
2.89696550332162e-08,0.326568019983944,0.407,0.201,0.00106031834387075,"6","SPG21"
2.90255481005177e-08,0.469375326114436,0.322,0.145,0.00106236408602705,"6","ZFPL1"
2.90906768037778e-08,0.270272929117743,0.898,0.632,0.00106474786169507,"6","NDUFC2"
2.91603452922971e-08,0.253340144884979,0.497,0.261,0.00106729779804337,"6","TSR3"
2.93597024386e-08,0.365429108082555,0.734,0.443,0.0010745944689552,"6","GINM1"
2.94606597180539e-08,0.345042239887903,0.362,0.169,0.00107828960634049,"6","TSTA3"
3.00449280916299e-08,0.507780713712232,0.554,0.315,0.00109967441308175,"6","CDC5L"
3.07171085094239e-08,0.356676122303371,0.893,0.595,0.00112427688855342,"6","UBXN4"
3.13079292874199e-08,0.518459308274593,0.514,0.274,0.00114590151984886,"6","COMMD3"
3.13483093065992e-08,0.329177726272334,0.492,0.258,0.00114737946893084,"6","TM9SF2"
3.1458069092153e-08,0.562080235418319,0.418,0.208,0.00115139678684189,"6","COBLL1"
3.2062746034148e-08,0.419518586556137,0.35,0.162,0.00117352856759585,"6","EIF2AK1"
3.20925618817393e-08,0.419466287734661,0.294,0.125,0.00117461985743354,"6","CASP7"
3.21146488764857e-08,0.327309786518903,0.39,0.184,0.00117542826352825,"6","STAG1"
3.21219876474743e-08,0.530361970391398,0.384,0.186,0.00117569686988521,"6","GIPC1"
3.2264495413877e-08,0.375536181779384,0.887,0.643,0.00118091279664331,"6","POMP"
3.24766772587819e-08,0.556819229002256,0.475,0.244,0.00118867886434868,"6","C5orf15"
3.25744224968158e-08,0.816645965091131,0.277,0.12,0.00119225643780596,"6","HEG1"
3.26596748828597e-08,0.279983041227511,0.576,0.327,0.00119537676038755,"6","FGF7"
3.28616866009625e-08,0.422479260025113,0.418,0.203,0.00120277059128183,"6","NTMT1"
3.31795665784041e-08,0.28978531703023,0.328,0.145,0.00121440531633617,"6","ABHD12"
3.33399962649104e-08,0.43390044125756,0.373,0.177,0.00122027720329199,"6","DIMT1"
3.36504448280164e-08,0.387747082930419,0.384,0.185,0.00123163993115023,"6","P4HA1"
3.39316684457988e-08,0.44181628262567,0.701,0.417,0.00124193299678468,"6","PTTG1IP"
3.39623362973791e-08,0.297136906225595,0.718,0.429,0.00124305547082037,"6","TM9SF3"
3.41419242452015e-08,0.343598088655765,0.61,0.342,0.00124962856929862,"6","CDC26"
3.41989617653853e-08,0.427215592907348,0.39,0.191,0.00125171619957487,"6","FLII"
3.46202068684728e-08,0.60684530186834,0.39,0.192,0.00126713419159297,"6","GTF2F2"
3.47534267042454e-08,0.468252609089981,0.35,0.165,0.00127201017080209,"6","HK1"
3.52027384446401e-08,0.436878429146325,0.367,0.177,0.00128845542981227,"6","YPEL2"
3.568147367504e-08,0.295889447334035,0.864,0.615,0.00130597761798014,"6","NDUFB2"
3.5691649023294e-08,0.679406689475167,0.316,0.145,0.00130635004590159,"6","TWSG1"
3.61373444203118e-08,0.432880352899775,0.463,0.241,0.00132266294312783,"6","SMIM20"
3.69266234669081e-08,0.702815586319608,0.26,0.107,0.0013515513455123,"6","C16orf58"
3.72262635706264e-08,0.459861511261701,0.508,0.284,0.0013625184729485,"6","ENPP2"
3.74206141809699e-08,0.442508824644622,0.356,0.167,0.00136963189963768,"6","ALDH3A2"
3.75244393640612e-08,0.31461287438338,0.774,0.511,0.001373432005164,"6","GDI2"
3.8689623134896e-08,0.254993950050923,0.757,0.479,0.00141607889636033,"6","CAPZA2"
3.87182693460942e-08,0.262772969765322,0.921,0.612,0.00141712737633639,"6","NENF"
3.89226877978762e-08,0.554803671930873,0.497,0.268,0.00142460929609007,"6","GOLGA2"
3.90216866649244e-08,0.356157482859927,0.559,0.316,0.0014282327536229,"6","BCAP29"
3.93544974849398e-08,0.516618540102175,0.339,0.154,0.00144041396244628,"6","LRRC58"
4.01268226688324e-08,0.320972531306329,0.723,0.455,0.00146868183650194,"6","SH3GLB1"
4.02245849602231e-08,0.57824945133151,0.401,0.205,0.00147226003412913,"6","IPO5"
4.03090928206155e-08,0.342071248712867,0.345,0.158,0.00147535310632735,"6","STK19"
4.03229519103526e-08,0.396218067165977,0.356,0.165,0.00147586036287082,"6","TTC37"
4.10390236846294e-08,0.603165234959268,0.429,0.222,0.00150206930588112,"6","TRIP11"
4.22630030982387e-08,0.326788347781711,0.842,0.578,0.00154686817639863,"6","CCDC85B"
4.31010521993863e-08,0.294424044537914,0.689,0.415,0.00157754161154974,"6","MRPL41"
4.33448576613032e-08,0.384411131008458,0.469,0.231,0.00158646513526136,"6","HOMER3"
4.50069941337681e-08,0.633710663975266,0.294,0.132,0.00164730099229005,"6","SLC35B2"
4.52558003173289e-08,0.368061720869787,0.638,0.365,0.00165640754741456,"6","THOC7"
4.61405108389955e-08,0.273088361717172,0.983,0.785,0.00168878883721807,"6","AHNAK"
4.66439482223482e-08,0.25610355319421,0.288,0.125,0.00170721514888617,"6","PI4KB"
4.66860898730148e-08,0.557063141701954,0.294,0.132,0.00170875757544222,"6","ARHGAP1"
4.73123120035267e-08,0.357697653386657,0.395,0.2,0.00173167793164108,"6","GGCT"
4.92979885977359e-08,0.430016788669917,0.452,0.239,0.00180435568066573,"6","PFKL"
5.09253705093767e-08,0.32524304662857,0.492,0.254,0.0018639194860137,"6","SPOCK1"
5.10754364537612e-08,0.721951961014669,0.288,0.127,0.00186941204964411,"6","FAM229B"
5.24107377742932e-08,0.401600545661602,0.271,0.116,0.0019182854132769,"6","CPNE8"
5.3463195693323e-08,0.457332074321028,0.633,0.373,0.00195680642557132,"6","MRPS15"
5.36240647735515e-08,0.398315904737314,0.305,0.137,0.00196269439477676,"6","EIF4G3"
5.47690772808095e-08,0.267927317955529,0.582,0.335,0.00200460299755491,"6","CKS1B"
5.54459890808904e-08,0.280602339265348,0.492,0.259,0.00202937864634967,"6","CRK"
5.5509371295847e-08,0.387079423339967,0.718,0.438,0.0020316984987993,"6","FUNDC2"
5.62897290378538e-08,0.685103846670483,0.254,0.108,0.00206026037251449,"6","ATP2C1"
5.63345276593041e-08,0.503957245882121,0.48,0.25,0.00206190004685819,"6","NUDCD2"
5.63687250888621e-08,0.306904669446195,0.537,0.292,0.00206315170697744,"6","SNRPA1"
5.70083597216749e-08,0.59525921664488,0.452,0.237,0.00208656297417302,"6","PDCD6IP"
5.89150934555697e-08,0.297447873853423,0.35,0.167,0.00215635133556731,"6","BTBD7"
5.90856281054975e-08,0.378528331050583,0.362,0.169,0.00216259307428931,"6","EEF1E1"
5.91151874870863e-08,0.632445279348835,0.266,0.114,0.00216367497721484,"6","TCAF1"
5.93874153372783e-08,0.385165091739004,0.746,0.455,0.00217363878875972,"6","EIF2S2"
5.98430762131561e-08,0.436046570258072,0.412,0.202,0.00219031643247773,"6","SETD7"
6.00334443502231e-08,0.267388823928258,0.362,0.17,0.00219728409666251,"6","BAG6"
6.01274408048914e-08,0.540757849174687,0.26,0.108,0.00220072446089983,"6","POLR3D"
6.18591340472035e-08,0.74724800703818,0.288,0.128,0.0022641061652617,"6","VAPB"
6.27394489966942e-08,0.467572580151062,0.684,0.425,0.00229632657272801,"6","UQCR10"
6.31897017835059e-08,0.268260738181085,0.706,0.407,0.0023128062749781,"6","PDCD6"
6.4854355999298e-08,0.298125181870274,0.565,0.313,0.00237373428393031,"6","PRDX3"
6.49699523596591e-08,0.329308281305867,0.678,0.41,0.00237796522631588,"6","SYNCRIP"
6.73696752901115e-08,0.265173366904294,0.469,0.232,0.00246579748529337,"6","AIDA"
6.81005003299565e-08,0.302605413779735,0.785,0.501,0.00249254641257674,"6","KTN1"
6.81526629421656e-08,0.429586936568196,0.48,0.252,0.0024944556163462,"6","GALNT1"
6.92805443766531e-08,0.324493660252793,0.35,0.161,0.00253573720472988,"6","MICU1"
7.22828015022424e-08,0.279128761355667,0.814,0.534,0.00264562281778357,"6","TMEM230"
7.29275392080502e-08,0.487511160087803,0.537,0.315,0.00266922086255385,"6","TMBIM1"
7.30881035942179e-08,0.402845850112886,0.921,0.65,0.00267509767965197,"6","SPCS2"
7.74210104620919e-08,0.250230697369722,0.305,0.137,0.00283368640392302,"6","OGDH"
8.03924256752063e-08,0.274419289818553,0.689,0.396,0.00294244317213823,"6","CBX3"
8.1874619078443e-08,0.312944447266683,0.35,0.162,0.00299669293289009,"6","FH"
8.3786492103551e-08,0.496585042689847,0.288,0.127,0.00306666939748207,"6","MME"
8.45740092880322e-08,0.264685276962596,0.876,0.634,0.00309549331395127,"6","PSMD8"
8.61762254635073e-08,0.55676727943008,0.266,0.115,0.00315413602818983,"6","FAM104B"
8.62107125582573e-08,0.49872336550147,0.316,0.144,0.00315539829034478,"6","SAE1"
8.63141507274713e-08,0.287528177624698,0.723,0.463,0.00315918423077618,"6","ATP5F1A"
8.68590182465548e-08,0.296811622188009,0.322,0.144,0.00317912692684215,"6","LRRC41"
8.76390776564521e-08,0.621280497098982,0.429,0.231,0.0032076778813038,"6","ODF3B"
8.82344517826027e-08,0.373740016497271,0.593,0.336,0.00322946916969504,"6","STOML2"
8.84845002486733e-08,0.432126599013074,0.424,0.209,0.00323862119360169,"6","DDX1"
8.86521174788828e-08,0.289152898415285,0.655,0.363,0.00324475615184459,"6","WASHC3"
8.90149805565901e-08,0.314695564346875,0.395,0.197,0.00325803730335176,"6","GPI"
9.05239686297977e-08,0.315568239914207,0.559,0.309,0.00331326777581923,"6","KPNB1"
9.09584634933585e-08,0.462061371310453,0.373,0.179,0.00332917072232041,"6","PDHB"
9.14952988528203e-08,0.441267063791934,0.333,0.151,0.00334881943331208,"6","TIMM50"
9.16771235698887e-08,0.643131048723287,0.294,0.132,0.0033554743997815,"6","KIF1BP"
9.19992945685158e-08,0.334589617571743,0.599,0.338,0.00336726618050225,"6","FAM162A"
9.20123113134032e-08,0.312731498385699,0.966,0.726,0.00336774260638187,"6","TMEM59"
9.44231821002198e-08,0.395322512867671,0.288,0.124,0.00345598288805014,"6","HABP4"
9.44333267856472e-08,0.359778215155627,0.548,0.316,0.00345635419368147,"6","MGLL"
9.47820277573573e-08,0.256566792714698,0.672,0.387,0.00346911699794703,"6","PSMD4"
9.5722217447359e-08,0.312729015697666,0.847,0.543,0.00350352888079079,"6","CHMP2A"
9.58886779902484e-08,0.309761730068754,0.938,0.721,0.00350962150312108,"6","PSMB1"
9.73798931336322e-08,0.372458861498994,0.271,0.117,0.00356420146858407,"6","PAICS"
9.82876223930475e-08,0.273865590669798,0.87,0.607,0.00359742526720793,"6","FIS1"
9.94212942362431e-08,0.337434415302823,0.418,0.208,0.00363891879034073,"6","NRBF2"
1.00294273643235e-07,0.348715385353552,0.514,0.273,0.00367087070961603,"6","CFAP298"
1.00485455595863e-07,0.362649910271719,0.531,0.279,0.00367786816026418,"6","COMMD4"
1.02041717602188e-07,0.351685485819416,0.463,0.239,0.00373482890595768,"6","YIPF4"
1.03472641949504e-07,0.500139697677689,0.429,0.218,0.00378720216799379,"6","PSMD1"
1.0426143049081e-07,0.669606580860184,0.266,0.114,0.00381607261739415,"6","NABP2"
1.09120386656069e-07,0.468798125998523,0.463,0.249,0.00399391527199878,"6","TOMM40"
1.0936062245368e-07,0.258140916701836,0.712,0.436,0.00400270814242712,"6","NORAD"
1.11023648802204e-07,0.358626223622596,0.277,0.12,0.00406357656980946,"6","ANKIB1"
1.14231561293146e-07,0.436603773800123,0.441,0.228,0.00418098937489043,"6","UQCRC1"
1.18644890037561e-07,0.304597449450367,0.554,0.305,0.00434252162026477,"6","SSNA1"
1.1991494629996e-07,0.442335142099984,0.367,0.181,0.00438900694952484,"6","ARHGAP5"
1.20364352851677e-07,0.280874755856715,0.548,0.296,0.00440545567872423,"6","MVB12A"
1.20813614245752e-07,0.264857214050995,0.373,0.179,0.00442189909500877,"6","HARS"
1.21357960700951e-07,0.331888817763078,0.876,0.646,0.00444182271961551,"6","UBL5"
1.22077136307865e-07,0.286761649724048,0.282,0.123,0.00446814526600416,"6","WAC-AS1"
1.22419590021428e-07,0.357002417718255,0.661,0.395,0.00448067941437427,"6","IER3IP1"
1.2392119255607e-07,0.331645717717056,0.458,0.248,0.0045356395687447,"6","EIF4G1"
1.25752403497658e-07,0.274988007188121,0.729,0.442,0.00460266372041778,"6","DDOST"
1.27986668426168e-07,0.284629044307567,0.271,0.118,0.00468444005106619,"6","CTBP1"
1.28074419665525e-07,0.524136607260962,0.271,0.117,0.00468765183417789,"6","BTBD2"
1.28997845537031e-07,0.32486255548638,0.254,0.109,0.00472145014450088,"6","ADAM15"
1.29725384272152e-07,0.295654849219688,0.395,0.197,0.00474807878974504,"6","CCM2"
1.33522692746766e-07,0.417794187284379,0.463,0.246,0.00488706407722437,"6","NDUFA8"
1.35514534566498e-07,0.329655747670983,0.299,0.135,0.00495996747966839,"6","MYO9A"
1.3871907483377e-07,0.299277123107605,0.282,0.121,0.00507725685799082,"6","YARS"
1.43105591015727e-07,0.744148907442883,0.266,0.117,0.00523780773676663,"6","SRD5A3"
1.46136168287728e-07,0.524991213351607,0.356,0.171,0.00534872989549912,"6","TMEM222"
1.46854067315656e-07,0.277817854864706,0.672,0.402,0.00537500571782033,"6","DPYSL2"
1.4774196932207e-07,0.435005571122022,0.277,0.123,0.00540750381915707,"6","TRIQK"
1.47770621471851e-07,0.447071053207637,0.345,0.165,0.00540855251649121,"6","TAOK1"
1.56274876575493e-07,0.312195020808292,0.859,0.596,0.00571981675753962,"6","EIF3I"
1.5857458402108e-07,0.462067203387817,0.469,0.255,0.00580398834975555,"6","ZNF593"
1.58838288989616e-07,0.263383439973157,0.684,0.416,0.00581364021530894,"6","GNG10"
1.60243498813378e-07,0.526256254526649,0.311,0.141,0.00586507230006844,"6","NUDT9"
1.62878570416215e-07,0.311819903761679,0.65,0.389,0.00596151855580389,"6","IAH1"
1.63208046585311e-07,0.492919457768585,0.373,0.18,0.00597357771306895,"6","BMERB1"
1.64403334806631e-07,0.286236128030367,0.582,0.329,0.0060173264572575,"6","ATG101"
1.65342230264328e-07,0.307382016849327,0.582,0.337,0.00605169096990466,"6","NDUFAF8"
1.67714111908626e-07,0.364863460156522,0.977,0.757,0.00613850420996763,"6","PSMA7"
1.72101990436571e-07,0.260940064309187,0.271,0.118,0.00629910495196894,"6","C1GALT1"
1.73992374025979e-07,0.35960721324543,0.588,0.353,0.00636829488172486,"6","IFI27L2"
1.78980709290976e-07,0.378651963535587,1,0.758,0.006550872940759,"6","CFD"
1.79025523756266e-07,0.294771861281885,0.554,0.307,0.00655251319500308,"6","SUCLG1"
1.80881903150406e-07,0.424462325642577,0.576,0.337,0.00662045853720803,"6","BTF3L4"
1.83030485352375e-07,0.457460716595297,0.582,0.348,0.00669909879438226,"6","BAG3"
1.8555394988641e-07,0.349898741978678,0.401,0.198,0.00679146011979251,"6","VPS4A"
1.86870222162952e-07,0.306525168710982,0.785,0.506,0.00683963700138619,"6","XRCC6"
1.87488460836065e-07,0.311429702437611,0.768,0.486,0.00686226515506081,"6","HNRNPAB"
1.88583702038193e-07,0.625887209123137,0.35,0.174,0.00690235207829988,"6","UQCC3"
1.95486780486476e-07,0.274744728430351,0.356,0.171,0.0071550116525855,"6","PPP2R5E"
2.00827863325143e-07,0.379909679717384,0.678,0.416,0.00735050062556355,"6","SMIM19"
2.01175766867346e-07,0.462115759200689,0.412,0.207,0.00736323424311174,"6","DMAC1"
2.01766791377812e-07,0.421315690438432,0.395,0.199,0.00738486633121929,"6","SIAH1"
2.08594007812364e-07,0.366371777486895,0.288,0.127,0.00763474927994032,"6","PTRH2"
2.17075462827613e-07,0.279637732966559,0.808,0.51,0.00794517901495345,"6","PGLS"
2.18024484805522e-07,0.311724087755518,0.74,0.501,0.00797991416836693,"6","GSTO1"
2.21119486630882e-07,0.28517109053665,0.424,0.221,0.00809319433017692,"6","LMBRD1"
2.21427425488889e-07,0.493558314798994,0.373,0.184,0.00810446520031883,"6","HIBADH"
2.21611824087192e-07,0.264635650003203,0.356,0.176,0.00811121437341532,"6","HSPA4"
2.28120291742366e-07,0.372787439827572,0.277,0.126,0.00834943079806232,"6","RNF103"
2.28279808579426e-07,0.36730315475259,0.39,0.193,0.00835526927381557,"6","B3GAT3"
2.2845953770743e-07,0.547025209264801,0.339,0.163,0.00836184753962965,"6","CRLS1"
2.31657862858973e-07,0.445292094509913,0.39,0.192,0.00847890943850128,"6","MRPS10"
2.32883113221245e-07,0.429574553341662,0.791,0.512,0.0085237548270108,"6","COMT"
2.34033905702589e-07,0.278111543837213,0.96,0.709,0.00856587498262048,"6","NUCKS1"
2.34205830678643e-07,0.342705775927761,0.311,0.143,0.00857216760866902,"6","CTBS"
2.35312087304456e-07,0.506320347392695,0.322,0.155,0.0086126577074304,"6","MINDY2"
2.3690883656146e-07,0.413253781776503,0.458,0.246,0.00867110032698601,"6","SMARCB1"
2.37813591584214e-07,0.26891562321462,0.91,0.693,0.00870421526557381,"6","RAP1B"
2.39620502464413e-07,0.256901253513037,0.294,0.133,0.00877035001069997,"6","SUCO"
2.39847260261794e-07,0.766855435032795,0.266,0.116,0.00877864957284194,"6","APPBP2"
2.4058321959639e-07,0.357378381283752,0.503,0.277,0.00880558642044747,"6","CEBPG"
2.40932923164596e-07,0.382894545644696,0.424,0.217,0.00881838592074739,"6","MAPK6"
2.43667534326664e-07,0.68051267474811,0.322,0.157,0.00891847542389022,"6","NELFCD"
2.44962727375243e-07,0.711780085138422,0.345,0.174,0.00896588078466128,"6","CNPY4"
2.51071435091013e-07,0.375115248280683,0.384,0.193,0.00918946559576618,"6","C2"
2.60419499823311e-07,0.25946009064573,0.689,0.418,0.00953161411303302,"6","RNASEH2C"
2.65086469585192e-07,0.411539679832213,0.446,0.232,0.00970242987328761,"6","FIP1L1"
2.66400372010956e-07,0.493508214019788,0.277,0.122,0.00975052001597301,"6","BACE2"
2.68987349985481e-07,0.258169152235661,0.876,0.623,0.00984520599681858,"6","SPCS1"
2.70736076379138e-07,0.339008413790875,0.644,0.395,0.00990921113155281,"6","GSPT1"
2.72969941720365e-07,0.439443428329951,0.452,0.244,0.00999097283690708,"6","PSMD14"
2.78349262184258e-07,0.365787966983468,0.384,0.196,0.010187861345206,"6","CHMP1A"
2.78976668824805e-07,0.302059748339417,0.548,0.307,0.0102108250556567,"6","TSPAN3"
2.82075160580876e-07,0.393801845087719,0.395,0.197,0.0103242329524206,"6","SS18"
2.86276919721465e-07,0.26086241033113,0.294,0.134,0.0104780215387253,"6","MFSD12"
2.91706745130005e-07,0.253203921368124,0.424,0.219,0.0106767585785033,"6","SRA1"
2.93418099931381e-07,0.349528358502676,0.48,0.251,0.0107393958755885,"6","TMED1"
2.96443805968225e-07,0.347389812127045,0.299,0.14,0.010850139742243,"6","CSNK1G3"
2.98045527124978e-07,0.369345114028101,0.74,0.46,0.0109087643383013,"6","TBCB"
3.01534564702911e-07,0.425441108570416,0.435,0.232,0.0110364666026913,"6","CCDC25"
3.0320487161922e-07,0.282181130349011,0.463,0.241,0.0110976015061351,"6","BRIX1"
3.07803334302718e-07,0.35677822519059,0.531,0.3,0.0112659098388138,"6","ABCF1"
3.07861505806794e-07,0.511027537214983,0.401,0.208,0.0112680389740345,"6","PFDN6"
3.11813006772536e-07,0.263679974958012,0.339,0.164,0.0114126678608816,"6","KRCC1"
3.1399017260372e-07,0.508255778292657,0.424,0.224,0.0114923543074687,"6","CHCHD3"
3.15602241131141e-07,0.307038847363441,0.322,0.159,0.0115513576276409,"6","CMSS1"
3.15796177014942e-07,0.569625630449021,0.288,0.134,0.0115584558749239,"6","IFT27"
3.20503348561634e-07,0.375389013370122,0.429,0.217,0.0117307430607044,"6","ETFRF1"
3.2169904553048e-07,0.435142624006063,0.345,0.17,0.0117745067654611,"6","CBX1"
3.23706330800285e-07,0.546103041663645,0.458,0.254,0.0118479754136212,"6","PLEKHA5"
3.27803005541929e-07,0.328459604185309,0.486,0.27,0.0119979178058402,"6","ERGIC2"
3.28790029066563e-07,0.295465010473142,0.508,0.281,0.0120340438538653,"6","EIF3B"
3.29451942280853e-07,0.487116403055592,0.316,0.152,0.0120582705394215,"6","TNKS1BP1"
3.55230210169566e-07,0.714902603327859,0.254,0.115,0.0130017809224163,"6","VTA1"
3.61011899822564e-07,0.256236044738469,0.271,0.12,0.0132133965454057,"6","SRPK1"
3.80900140870304e-07,0.697791212709175,0.35,0.174,0.013941326055994,"6","SMAD3"
3.87724986035586e-07,0.400234618941708,0.379,0.192,0.0141911222138885,"6","MAGT1"
4.06518375322007e-07,0.398190359638859,0.254,0.112,0.0148789790551608,"6","GGCX"
4.07015346600682e-07,0.429864492348064,0.362,0.18,0.0148971687009316,"6","HDAC2"
4.07566364633574e-07,0.311065935470381,0.407,0.205,0.0149173365119534,"6","ADSS"
4.08813167685699e-07,0.551503891751081,0.254,0.113,0.0149629707504643,"6","LIFR"
4.15007838888888e-07,0.28438907818089,0.588,0.329,0.0151897019111722,"6","LARP6"
4.20062571371015e-07,0.350617844592463,0.537,0.298,0.0153747101747505,"6","CFDP1"
4.26506589231633e-07,0.461015574487824,0.463,0.257,0.015610567672467,"6","SPTLC1"
4.41265118121216e-07,0.426322286794507,0.339,0.161,0.0161507445883546,"6","SLC39A6"
4.42011393278306e-07,0.32632800162703,0.531,0.299,0.0161780590053793,"6","SLC66A3"
4.43755167755032e-07,0.315272312296136,0.819,0.55,0.0162418828950019,"6","PSMA1"
4.49248321499763e-07,0.281054591932972,0.492,0.266,0.0164429378152128,"6","SZRD1"
4.51324197923507e-07,0.317690224382016,0.497,0.283,0.0165189169681983,"6","THBS2"
4.84118666126299e-07,0.387809515057465,0.514,0.287,0.0177192272988887,"6","HMG20B"
4.91364251960701e-07,0.357244895348369,0.701,0.443,0.0179844229860136,"6","EMC7"
4.92695678690542e-07,0.324288004905884,0.429,0.223,0.0180331545357525,"6","MRPL16"
5.10079742771418e-07,0.364654520380083,0.299,0.137,0.0186694286651767,"6","RUVBL2"
5.13705628056351e-07,0.262590332609446,0.774,0.499,0.0188021396924905,"6","BLOC1S1"
5.16530343012243e-07,0.312452434044875,0.311,0.147,0.0189055270845911,"6","TPRG1L"
5.19033215738235e-07,0.350268248543585,0.362,0.182,0.0189971347292351,"6","CFL2"
5.27973455360894e-07,0.556718903953324,0.294,0.141,0.0193243564396641,"6","DNAJB4"
5.33383139608246e-07,0.528386440147201,0.362,0.19,0.0195223562928014,"6","CLPTM1"
5.33542820991683e-07,0.393130146269872,0.667,0.425,0.0195282007911166,"6","QKI"
5.84922936380641e-07,0.394128683563887,0.373,0.191,0.0214087643944679,"6","RAB6A"
6.19982270681145e-07,0.266994410140673,0.723,0.447,0.0226919710892006,"6","CYC1"
6.42106272175786e-07,0.378426045031358,0.271,0.123,0.023501731667906,"6","IRF2"
6.57270042113979e-07,0.503082364152788,0.407,0.212,0.0240567408114137,"6","STEAP1"
6.6140321654753e-07,0.2507568544651,0.458,0.243,0.0242080191288561,"6","ARL8A"
6.64878313739861e-07,0.292330266842608,0.333,0.159,0.0243352111611926,"6","S1PR2"
6.70497026180514e-07,0.593603561638099,0.254,0.115,0.024540861655233,"6","TAF13"
6.88058472804081e-07,0.277386766469161,0.401,0.209,0.0251836281631022,"6","RTCB"
6.907025274617e-07,0.276105049868323,0.458,0.257,0.0252804032076257,"6","MMP19"
6.96905388170616e-07,0.529747869807307,0.271,0.125,0.0255074341124327,"6","SDHAF3"
7.15485046483952e-07,0.787426717889027,0.35,0.182,0.0261874681863591,"6","ARHGAP29"
7.15486047551207e-07,0.341214549607706,0.638,0.384,0.0261875048264217,"6","MPC1"
7.26551058677323e-07,0.252961896598424,0.565,0.308,0.0265924952986487,"6","TMEM98"
7.27466769506131e-07,0.359150393036841,0.395,0.206,0.0266260112306939,"6","RNF5"
7.41832054990968e-07,0.601674478220346,0.282,0.133,0.0271517950447244,"6","FMC1"
7.60514496330635e-07,0.391021001488952,0.571,0.334,0.0278355910801976,"6","DNAJC3"
7.68614197245232e-07,0.29882690439826,0.362,0.181,0.0281320482333727,"6","RABEP1"
7.80280585993508e-07,0.442478445096142,0.266,0.12,0.0285590497279484,"6","GAS2L1"
7.83752174949396e-07,0.344509614807122,0.446,0.242,0.0286861133553229,"6","CCNL2"
7.89456739038565e-07,0.683558029547698,0.288,0.137,0.0288949061055505,"6","SFXN3"
7.90579520952665e-07,0.31256167036325,0.757,0.483,0.0289360010463885,"6","GADD45GIP1"
7.95473914660545e-07,0.267714860116307,0.254,0.112,0.0291151407504906,"6","C11orf74"
8.07683820077603e-07,0.375750020351446,0.667,0.411,0.0295620354986603,"6","APEX1"
8.10622007894573e-07,0.273578001575921,0.356,0.177,0.0296695761109493,"6","DDX54"
8.11850135287418e-07,0.678651688687582,0.282,0.137,0.0297145268016548,"6","PDLIM3"
8.16876230610214e-07,0.6300375930171,0.339,0.173,0.0298984869165644,"6","MRPL15"
8.17209927607828e-07,0.262332146150044,0.542,0.317,0.0299107005603741,"6","SDHC"
8.3180779550854e-07,0.256917975626871,0.864,0.597,0.0304449971234081,"6","CLTA"
8.35986612246537e-07,0.326054892531172,0.78,0.522,0.0305979459948355,"6","HNRNPR"
8.41734255402189e-07,0.2558432820925,0.864,0.58,0.0308083154819755,"6","SSB"
8.69688596649236e-07,0.590881633817163,0.299,0.148,0.0318314723259587,"6","GAA"
8.88829243355548e-07,0.446370248658522,0.333,0.168,0.0325320391360564,"6","POLDIP2"
8.98771063149543e-07,0.270183954703594,0.311,0.151,0.0328959196823364,"6","MED31"
9.04734749296929e-07,0.475969125227519,0.299,0.143,0.0331141965590169,"6","STX18"
9.35586692263172e-07,0.276578324003025,0.294,0.14,0.0342434085235244,"6","KCTD9"
9.35594930977666e-07,0.286156160723585,0.446,0.243,0.0342437100687135,"6","PFDN4"
9.81826311800768e-07,0.436188238101235,0.48,0.268,0.0359358248382199,"6","IFT20"
9.92330875234092e-07,0.25973029074817,0.266,0.12,0.036320302364443,"6","ADIPOR2"
1.02809877673657e-06,0.342367816369648,0.475,0.255,0.0376294433273353,"6","VBP1"
1.06171363535821e-06,0.656004345379801,0.254,0.12,0.0388597807677459,"6","CAMK1D"
1.06437043826618e-06,0.494729664263698,0.345,0.182,0.0389570224109804,"6","SQOR"
1.07240874247335e-06,0.31096154780952,0.412,0.212,0.039251232383267,"6","CMBL"
1.07311049282274e-06,0.680707911867901,0.288,0.137,0.0392769171478051,"6","ADCY3"
1.07616919137159e-06,0.478694998386103,0.508,0.306,0.0393888685733917,"6","ACTN1"
1.12097548951436e-06,0.293047179370723,0.825,0.554,0.0410288238917152,"6","ATRAID"
1.13740404891802e-06,0.69390497830956,0.424,0.249,0.0416301255944486,"6","CCND1"
1.16877068290441e-06,0.25402217540001,0.384,0.197,0.0427781757649845,"6","GNPTG"
1.1710606568314e-06,0.47125974820397,0.294,0.144,0.0428619911006861,"6","SPHK1"
1.18095370405229e-06,0.288029211271456,0.74,0.479,0.0432240865220178,"6","PDCD5"
1.21931604411334e-06,0.36394030460821,0.435,0.237,0.0446281865305925,"6","IFNAR1"
1.23749319240573e-06,0.304720138479462,0.271,0.126,0.045293488335242,"6","ARFIP1"
1.27999344837022e-06,0.463913266771224,0.316,0.154,0.0468490402037986,"6","DDB1"
1.30500426081178e-06,0.252212467345271,0.373,0.19,0.0477644609499718,"6","MRPS18B"
1.33099306208996e-06,0.354438818731255,0.294,0.143,0.0487156770655546,"6","PRKACA"
1.36997816211169e-06,0.354576557529485,0.379,0.196,0.05014257071145,"6","ZNRD1"
1.413050337328e-06,0.277237657531699,0.87,0.613,0.051719055396542,"6","TRMT112"
1.48292436171803e-06,0.352570071240682,0.763,0.484,0.0542765145632417,"6","NDUFAB1"
1.51760449059569e-06,0.355165038477867,0.26,0.119,0.055545841960293,"6","ARFIP2"
1.52023280321768e-06,0.307182791151769,0.593,0.359,0.0556420408305702,"6","CACYBP"
1.52297263476542e-06,0.476393023979929,0.271,0.13,0.0557423214050492,"6","ILVBL"
1.56195721222379e-06,0.271291336805075,0.299,0.141,0.0571691959246029,"6","RXYLT1"
1.56933773184915e-06,0.320523418829409,0.367,0.183,0.0574393303234109,"6","CTDSPL"
1.61012681408299e-06,0.661380900471381,0.277,0.135,0.0589322515222514,"6","EVI5"
1.61123563052637e-06,0.4377123351314,0.412,0.221,0.0589728353128957,"6","MRPL42"
1.61352107382458e-06,0.349876352822201,0.621,0.364,0.0590564848230535,"6","TXN2"
1.66666238106131e-06,0.398926682432619,0.288,0.138,0.061001509809225,"6","MTG1"
1.67245454682888e-06,0.333491898241957,0.395,0.208,0.0612135088684837,"6","SLC25A11"
1.70846129052254e-06,0.258861498961918,0.921,0.67,0.0625313916944156,"6","SNX3"
1.75043059889656e-06,0.371297004460597,0.35,0.18,0.0640675103502129,"6","PAK1IP1"
1.77508240591763e-06,0.285346934568143,0.254,0.118,0.0649697911389913,"6","IPMK"
1.78803300059908e-06,0.27634169615534,0.362,0.185,0.065443795854927,"6","NUP54"
1.8211891383069e-06,0.28200711464495,0.508,0.286,0.0666573436511709,"6","RPP21"
1.84110897317224e-06,0.342410915422699,0.345,0.175,0.0673864295270771,"6","MASP1"
1.8514036717211e-06,0.419201227950284,0.311,0.154,0.067763225788664,"6","MRPS2"
1.93531530171299e-06,0.422297153158994,0.514,0.299,0.0708344753579971,"6","CYTH2"
1.94738132267611e-06,0.317444742754893,0.373,0.194,0.0712761037912682,"6","RRP15"
1.95819749915171e-06,0.258876209558929,0.424,0.225,0.0716719866664518,"6","NIP7"
1.99456320080825e-06,0.369779219748723,0.576,0.356,0.0730030077127828,"6","TMEM43"
2.01717276027327e-06,0.442133480720269,0.345,0.177,0.073830540198762,"6","RRP36"
2.02997712411616e-06,0.427662899518101,0.61,0.391,0.0742991927197757,"6","IMPDH2"
2.07277669969643e-06,0.393646751320774,0.525,0.306,0.0758656999855889,"6","ST6GALNAC6"
2.08242816013327e-06,0.727649041289603,0.254,0.124,0.0762189530890379,"6","HYMAI"
2.10107695882834e-06,0.28431398092957,0.282,0.136,0.0769015177700762,"6","EMC8"
2.14395987429793e-06,0.274854120819502,0.655,0.403,0.0784710753591787,"6","PUF60"
2.198438937541e-06,0.27845617601519,0.791,0.57,0.0804650635529381,"6","ARHGDIA"
2.2121878940641e-06,0.271192546007972,0.322,0.157,0.08096828911064,"6","GMPS"
2.21770416765384e-06,0.269783137483508,0.299,0.147,0.081170190240298,"6","KIN"
2.27011890181621e-06,0.425032212120707,0.469,0.265,0.0830886219253753,"6","HOOK3"
2.34448982862471e-06,0.323677465961009,0.311,0.155,0.085810672217493,"6","AMFR"
2.42716769437639e-06,0.257987372754783,0.39,0.202,0.0888367647818703,"6","CDC27"
2.47090235471307e-06,0.288803658183399,0.266,0.127,0.0904374970848531,"6","EFR3A"
2.51214961268882e-06,0.28803361568555,0.441,0.244,0.0919471879740234,"6","PPCS"
2.53792267587824e-06,0.465890284484775,0.305,0.151,0.0928905078598195,"6","CDC42BPA"
2.66407329416604e-06,0.277923080611867,0.983,0.829,0.0975077466397713,"6","MIF"
2.67705116436188e-06,0.380963763683069,0.48,0.269,0.097982749666809,"6","ABLIM1"
2.71296951371786e-06,0.309311117186616,0.469,0.263,0.0992973971715873,"6","TSG101"
2.76515885651808e-06,0.280251958508555,0.503,0.289,0.101207579307418,"6","CLNS1A"
2.83253923650596e-06,0.32817441675958,0.395,0.218,0.103673768595355,"6","PRKDC"
2.84410681866679e-06,0.502191916778065,0.294,0.142,0.104097153670023,"6","CNP"
2.85821734015296e-06,0.384903634814622,0.305,0.152,0.104613612866939,"6","CAMKK2"
3.03586334320125e-06,0.318571596754894,0.254,0.12,0.111115634224509,"6","DENND5A"
3.07490449927574e-06,0.521371130922744,0.316,0.162,0.112544579577991,"6","QDPR"
3.11946337911311e-06,0.29629911355211,0.808,0.533,0.114175479138919,"6","LAMTOR5"
3.16062646789846e-06,0.262942918577175,0.87,0.572,0.115682089351552,"6","LAMP1"
3.1791910467985e-06,0.2722336275809,0.802,0.52,0.116361571503872,"6","JMJD1C"
3.29050772242576e-06,0.581006253974253,0.294,0.148,0.120435873148505,"6","ZDHHC4"
3.30655948730114e-06,0.449048698421603,0.277,0.132,0.121023383794709,"6","WSB2"
3.34925606591208e-06,0.369801237063042,0.542,0.324,0.122586121268448,"6","NAA10"
3.46924526476194e-06,0.422460163879399,0.339,0.172,0.126977845935552,"6","BTD"
3.52299911561743e-06,0.332318085664565,0.531,0.317,0.128945290630714,"6","RCN2"
3.65446718370074e-06,0.34243106237032,0.277,0.132,0.133757153390631,"6","MBIP"
3.74116781373411e-06,0.72260078504803,0.305,0.155,0.136930483150482,"6","IL15RA"
3.81084234835349e-06,0.364138302207547,0.356,0.188,0.139480640792086,"6","ECE1"
3.83661924605527e-06,0.364113697396042,0.571,0.359,0.140424101024869,"6","CTDNEP1"
3.8459057171884e-06,0.291473075245996,0.328,0.165,0.140763995154812,"6","EXOSC7"
3.87568724214602e-06,0.285861333587547,0.463,0.256,0.141854028749786,"6","PLEKHJ1"
3.95350668769984e-06,0.356675743129938,0.266,0.125,0.144702298276502,"6","NOA1"
3.95398567711358e-06,0.27501453555783,0.655,0.43,0.144719829768034,"6","PRMT1"
3.95909222429201e-06,0.255449814423264,0.571,0.339,0.144906734501312,"6","TPGS1"
4.02807302301947e-06,0.293236832393338,0.384,0.206,0.147431500715536,"6","NUBP2"
4.03313487610952e-06,0.259724503217635,0.548,0.325,0.147616769600484,"6","SMARCE1"
4.08424652002219e-06,0.381065850953266,0.407,0.225,0.149487506879332,"6","RYBP"
4.13796145546068e-06,0.544583083649809,0.271,0.131,0.151453527231316,"6","TEAD1"
4.15759165248891e-06,0.434587154615798,0.379,0.208,0.152172012072747,"6","MRPS33"
4.17949260958826e-06,0.472251061003705,0.277,0.134,0.15297360900354,"6","PIGF"
4.21480382737643e-06,0.34436030975572,0.367,0.196,0.154266034885805,"6","UROD"
4.32828458510068e-06,0.271127682500083,0.881,0.592,0.15841954409927,"6","RPS27L"
4.40697137968741e-06,0.287163899772608,0.254,0.117,0.161299559467939,"6","SMIM10"
4.54733561132862e-06,0.264736372254354,0.48,0.284,0.166437030710239,"6","DDRGK1"
4.62212563994672e-06,0.305853064191516,0.395,0.207,0.16917442054769,"6","DGCR6L"
4.72197675788456e-06,0.30309006577063,0.322,0.162,0.172829071315333,"6","TMEM11"
4.72925467032233e-06,0.517228826437538,0.299,0.151,0.173095450188468,"6","DALRD3"
4.74383888895642e-06,0.259451015967925,0.74,0.48,0.173629247174694,"6","COPS9"
4.76767768202327e-06,0.309444121047031,0.294,0.144,0.174501770839734,"6","PEAK1"
4.78155969031279e-06,0.30507507422152,0.305,0.151,0.175009866225139,"6","EXOSC1"
4.84302650936373e-06,0.274449546259778,0.35,0.185,0.177259613269222,"6","CBX5"
4.85439516580342e-06,0.450289458896757,0.384,0.207,0.177675717463571,"6","ANKRD35"
5.23641321354368e-06,0.33920153894896,0.379,0.2,0.191657960028912,"6","C14orf119"
5.25749516518078e-06,0.430958204885661,0.356,0.189,0.192429580540782,"6","MRPS35"
5.28683641293935e-06,0.404174476947461,0.384,0.207,0.193503499549993,"6","ZNF787"
5.34235538871028e-06,0.338783127437386,0.282,0.137,0.195535549582185,"6","SNX14"
5.35534074668908e-06,0.267541805439879,0.373,0.199,0.196010826669567,"6","AP2B1"
5.56044690370249e-06,0.420145754831706,0.345,0.185,0.203517917122415,"6","PGP"
5.60756929073581e-06,0.401890612817903,0.322,0.161,0.205242643610221,"6","SMIM30"
5.83489897249048e-06,0.273700673107959,0.684,0.437,0.213563137292124,"6","YY1"
6.00912656539591e-06,0.462919236379386,0.282,0.139,0.219940041420056,"6","HAUS1"
6.2052584427449e-06,0.357831201115047,0.412,0.225,0.227118664262906,"6","FLYWCH2"
6.44363000155175e-06,0.273625667984411,0.412,0.23,0.235843301686796,"6","OLFML2B"
6.5358137903851e-06,0.299157936707715,0.621,0.384,0.239217320541885,"6","TMEM87A"
6.68061074039601e-06,0.363650622809197,0.441,0.249,0.244517033709234,"6","CARD19"
6.91994950959098e-06,0.287960740291337,0.254,0.121,0.253277072000539,"6","BTBD1"
7.06072707168629e-06,0.435591547950901,0.26,0.126,0.25842967155079,"6","COMMD10"
7.10059320936407e-06,0.38291645732094,0.35,0.188,0.259888812055934,"6","CSNK2A1"
7.13512642547698e-06,0.776330699745244,0.277,0.141,0.261152762298883,"6","ARHGAP12"
7.18097469162343e-06,0.327024262229053,0.412,0.235,0.262830854688109,"6","ANTXR2"
7.6843375010629e-06,0.271537351010689,0.469,0.269,0.281254436876403,"6","FOXO3"
8.10199117095664e-06,0.255790429526263,0.757,0.483,0.296540978848184,"6","NUDC"
8.35362928810397e-06,0.349235094854345,0.328,0.168,0.305751185573893,"6","ARMC10"
8.37172112074191e-06,0.256736612993226,0.362,0.193,0.306413364740275,"6","TINF2"
8.53732075890389e-06,0.361759517248393,0.333,0.174,0.312474477096641,"6","HTRA2"
8.54013372537063e-06,0.260850550906275,0.412,0.228,0.31257743448229,"6","PHACTR2"
8.67601234304854e-06,0.455334298375402,0.305,0.157,0.31755072776792,"6","SLC35C2"
8.79386303666286e-06,0.331119105298157,0.299,0.153,0.321864181004897,"6","SMAD5"
8.87301288732911e-06,0.295521298190136,0.35,0.188,0.324761144689133,"6","BRMS1"
8.89268852245324e-06,0.479847465037753,0.26,0.127,0.325481292610311,"6","B4GALT7"
8.92440524302496e-06,0.329458242564533,0.299,0.152,0.326642156299957,"6","CTSO"
9.06242801215721e-06,0.26332338666164,0.814,0.548,0.331693927672966,"6","DYNLRB1"
9.27286020624048e-06,0.287845048764085,0.345,0.182,0.339395956408608,"6","TYW3"
9.29373143075924e-06,0.369007791881892,0.282,0.14,0.340159864097219,"6","PPA2"
9.50192105086857e-06,0.259956864428865,0.362,0.195,0.34777981238284,"6","MRPS5"
9.69972473801244e-06,0.670958430098116,0.26,0.13,0.355019625135993,"6","SAMD8"
9.87131368057577e-06,0.25595928434738,0.458,0.259,0.361299952022754,"6","SMC3"
1.06738062090493e-05,0.348640832313953,0.39,0.224,0.390671981057413,"6","ZFYVE21"
1.06955789679844e-05,0.344538716105622,0.271,0.135,0.391468885807197,"6","INSIG2"
1.10341785766516e-05,0.25818116739923,0.271,0.133,0.403861970084026,"6","NELFB"
1.12022747032279e-05,0.370165690820242,0.26,0.127,0.410014456412843,"6","GLB1"
1.17044231455653e-05,0.33711737641243,0.282,0.142,0.428393591550835,"6","SNAPC2"
1.20868343659316e-05,0.640556054119771,0.254,0.126,0.442390224627462,"6","STK38L"
1.21942114588763e-05,0.298852705493203,0.35,0.19,0.44632033360633,"6","UACA"
1.23956526377387e-05,0.284665032783391,0.305,0.158,0.453693282193873,"6","SSRP1"
1.25340211680654e-05,0.25021721595652,0.52,0.303,0.458757708772362,"6","SNRPC"
1.27201381565421e-05,0.324285078915095,0.362,0.196,0.465569776667596,"6","INTS10"
1.2874555731363e-05,0.273956869533356,0.362,0.196,0.471221614323619,"6","PRKAG1"
1.30472260094074e-05,0.342773295164145,0.299,0.153,0.477541519170319,"6","SAMM50"
1.32654196126614e-05,0.284147189690463,0.582,0.363,0.485527623243021,"6","PSMC4"
1.33695477353272e-05,0.257999222181871,0.514,0.311,0.48933881666071,"6","AAMDC"
1.38291735595975e-05,0.401602791755648,0.333,0.174,0.506161581454827,"6","EMG1"
1.39559959543344e-05,0.412453954038165,0.299,0.159,0.510803407924594,"6","HPS1"
1.39734109102545e-05,0.387384324262836,0.316,0.165,0.511440812726224,"6","ANAPC13"
1.45152164872781e-05,0.308008645893448,0.282,0.145,0.531271438650867,"6","CINP"
1.4802901009869e-05,0.381012202128167,0.294,0.151,0.541800979862214,"6","BCCIP"
1.52222561061904e-05,0.314455970579876,0.497,0.291,0.557149795742675,"6","CUEDC2"
1.60263824519156e-05,0.308069408664655,0.254,0.128,0.586581624122562,"6","PML"
1.71749020370001e-05,0.426656529301834,0.322,0.171,0.628618589456239,"6","TMEM115"
1.74947637879894e-05,0.607928597119026,0.39,0.223,0.6403258494042,"6","OMD"
1.84440918138766e-05,0.59700366050392,0.299,0.156,0.675072204479696,"6","SBF2"
1.87238505216629e-05,0.401808019742132,0.271,0.138,0.685311652943383,"6","MEIS2"
1.88796684529476e-05,0.271916125204326,0.305,0.16,0.691014745046335,"6","C20orf27"
1.9047635477349e-05,0.386411744530091,0.282,0.144,0.69716250610645,"6","ACADM"
1.91314314784185e-05,0.281841461199179,0.424,0.244,0.700229523541596,"6","STX5"
1.96021652560177e-05,0.435417264173721,0.288,0.149,0.717458850535503,"6","RILP"
1.98090147069631e-05,0.322992018789703,0.441,0.249,0.725029747289555,"6","RSU1"
2.20600594855594e-05,0.493684052915705,0.311,0.168,0.807420237230961,"6","LYRM1"
2.2598313579093e-05,0.333437072880601,0.429,0.253,0.827120875308384,"6","CAMK2N1"
2.2914696659286e-05,0.331760396867238,0.299,0.159,0.838700812426527,"6","DR1"
2.31196672958305e-05,0.267450769903624,0.35,0.191,0.846202942694691,"6","PNO1"
2.32570772716461e-05,0.283269869490663,0.282,0.145,0.851232285219518,"6","INO80"
2.44896336412027e-05,0.375478554548539,0.277,0.142,0.89634508090166,"6","OGFOD3"
2.53367384110698e-05,0.308279317001909,0.316,0.169,0.927349962583566,"6","RDH14"
2.5518328425375e-05,0.356085677952461,0.322,0.171,0.93399633869715,"6","HOXC9"
3.03235229885357e-05,0.263705034469937,0.548,0.341,1,"6","CCNDBP1"
3.16448483795671e-05,1.2315737393729,0.271,0.146,1,"6","ASPN"
3.20872750848922e-05,0.270852254872817,0.452,0.262,1,"6","ACOT9"
3.38718892987727e-05,0.34715091610906,0.446,0.278,1,"6","ATP13A3"
3.40263712017845e-05,0.549385195464923,0.277,0.148,1,"6","BCKDK"
3.48924460147684e-05,0.53029825400155,0.266,0.139,1,"6","AR"
3.59012308746953e-05,0.26021190238437,0.384,0.212,1,"6","UBE2J2"
3.67591281071769e-05,0.280205951717885,0.452,0.278,1,"6","COL15A1"
3.93563409855626e-05,0.297776471413642,0.373,0.209,1,"6","UBE2Z"
4.02813534416538e-05,0.331375691544514,0.367,0.203,1,"6","TMEM106B"
4.14558117492681e-05,0.368044766332205,0.294,0.154,1,"6","FAM210B"
4.1591844103969e-05,0.357765161040607,0.254,0.128,1,"6","DHRSX"
4.44769133950446e-05,0.282457128831304,0.339,0.185,1,"6","TRIP12"
4.59477859104438e-05,0.500939516299302,0.299,0.163,1,"6","EIF4EBP1"
4.67460443327267e-05,0.252947539296048,0.254,0.13,1,"6","SNAPC5"
4.80039623250914e-05,0.498014663769656,0.294,0.153,1,"6","NIPA2"
4.81361294504952e-05,0.283384490286997,0.525,0.318,1,"6","PGRMC2"
4.90163327098778e-05,0.308373610527934,0.282,0.148,1,"6","TULP3"
4.9875985957552e-05,0.278232951250272,0.429,0.253,1,"6","UBE2V2"
5.14369280105439e-05,0.266528482971086,0.345,0.192,1,"6","SAP30"
5.18159182476662e-05,0.270059593273269,0.424,0.255,1,"6","PDLIM5"
5.24958913442867e-05,0.319787033840468,0.266,0.137,1,"6","UGGT2"
5.45813979751866e-05,0.476332394272317,0.277,0.148,1,"6","PGD"
5.58155423841013e-05,0.275463506275378,0.282,0.153,1,"6","H6PD"
5.99263014796398e-05,0.449987148148938,0.26,0.137,1,"6","KIAA2013"
6.4244789054635e-05,0.295813295281227,0.266,0.137,1,"6","MRPS14"
6.7270575372519e-05,0.37606147772888,0.271,0.144,1,"6","INPP1"
7.0159132434537e-05,0.328881244814535,0.39,0.228,1,"6","MCFD2"
7.29726181090053e-05,0.521614632297766,0.282,0.151,1,"6","KCTD20"
7.40601491724609e-05,0.375666570247967,0.254,0.133,1,"6","EEF1AKMT2"
7.95929621491375e-05,0.261902377026199,0.412,0.242,1,"6","ARF3"
8.18471682564458e-05,0.265893958188109,0.294,0.159,1,"6","MRPL2"
8.21590380103368e-05,0.250391135449683,0.429,0.253,1,"6","UNC50"
8.27275129616711e-05,0.297203268239901,0.424,0.254,1,"6","MIEN1"
8.56285031407275e-05,0.298532760440204,0.345,0.196,1,"6","HDAC3"
8.57549874287608e-05,0.251853568078667,0.254,0.131,1,"6","ZCCHC9"
8.62264896650551e-05,0.302173440713826,0.305,0.167,1,"6","SNRNP27"
9.61727242269617e-05,0.697391418491871,0.299,0.171,1,"6","GALNT15"
9.90062695308689e-05,0.252472457380929,0.746,0.532,1,"6","ANXA11"
0.000101250421433328,0.257640347545363,0.328,0.181,1,"6","CYB5B"
0.000104833312343489,0.255213797933304,0.266,0.142,1,"6","DRAM1"
0.000112775547629233,0.361379652130507,0.271,0.147,1,"6","LONRF1"
0.000119632384243472,0.251152793183548,0.576,0.379,1,"6","MGMT"
0.000122908469981139,0.299533600637066,0.322,0.183,1,"6","AUTS2"
0.000129164523385522,0.372163700487422,0.254,0.134,1,"6","VGLL3"
0.000132504857982679,0.255557816070185,0.379,0.222,1,"6","MRPS26"
0.000144430203627113,0.276944612331101,0.328,0.188,1,"6","CYP51A1"
0.000149011880759334,0.359955289349409,0.282,0.155,1,"6","SCAMP1"
0.000150665585460803,0.374009852519209,0.429,0.264,1,"6","IL11RA"
0.000153536768103919,0.396303027292283,0.282,0.158,1,"6","ASCC3"
0.000158528683982763,0.341339007681293,0.282,0.157,1,"6","POP4"
0.000163579400716858,0.290552218588926,0.311,0.176,1,"6","MACO1"
0.000164586431098599,0.469419945270142,0.282,0.155,1,"6","UBA5"
0.000164813644321875,0.354556324318704,0.339,0.2,1,"6","MARK3"
0.000168513935079197,0.529329035229129,0.271,0.151,1,"6","EHBP1"
0.000188551788831258,0.39157691347247,0.254,0.139,1,"6","TMEM106C"
0.000201433664131586,0.365449286891532,0.266,0.147,1,"6","MAGOHB"
0.000229401604566152,0.302891948685339,0.288,0.161,1,"6","PER3"
0.000238196623714894,0.284730072879883,0.333,0.191,1,"6","MAD2L2"
0.000238950477695384,0.295158264235712,0.288,0.162,1,"6","CD58"
0.000318063957493617,0.298395146406156,0.282,0.16,1,"6","SF3B4"
0.000329560668727769,0.257571043354619,0.339,0.198,1,"6","ATF7"
0.000332996975877729,0.284527038343855,0.294,0.171,1,"6","POP5"
0.000348883378176474,0.305304250541576,0.254,0.139,1,"6","C1RL"
0.000349788347168774,0.36124437403526,0.26,0.148,1,"6","FHL2"
0.000408692671364182,0.269948837432358,0.384,0.242,1,"6","CHCHD5"
0.000561773361943325,0.308924423635461,0.277,0.16,1,"6","CLN3"
0.000657903813488693,0.266470564872488,0.277,0.16,1,"6","FAF2"
0.000682312484130839,0.261017781598969,0.401,0.248,1,"6","DTWD1"
0.000684421211390618,0.340372094309724,0.26,0.149,1,"6","KAT5"
0.0010048708349045,0.291316957550035,0.333,0.207,1,"6","IMP3"
0.00142801811253191,0.289792251683946,0.266,0.157,1,"6","CNOT8"
0.00143002966178524,0.298830245250832,0.254,0.153,1,"6","AASS"
0.00154488447348299,0.397806818137254,0.305,0.188,1,"6","PLK2"
0.00210109932249382,0.254123546925852,0.26,0.157,1,"6","CDKN2C"
0.00234858112406738,0.344247082710046,0.362,0.23,1,"6","HECTD1"
0.00455103731408451,0.265723965103269,0.294,0.186,1,"6","RAB3IL1"
0,7.99965907787727,0.855,0.005,0,"7","MYH11"
0,9.14445909743876,0.839,0.002,0,"7","RERGL"
0,8.91705622805752,0.742,0.002,0,"7","GJA4"
0,10.532829687538,0.71,0.002,0,"7","PLN"
0,12.1537469035586,0.613,0,0,"7","WFDC1"
7.783510184583e-320,6.40172722395416,0.984,0.017,2.84884256265922e-315,"7","TINAGL1"
2.29265360645686e-315,6.1542421816654,0.855,0.011,8.39134146499274e-311,"7","NDUFA4L2"
1.70717994861271e-286,7.96154750311703,0.694,0.006,6.24844932991739e-282,"7","KCNAB1"
6.70253134588121e-277,6.96880870978203,0.935,0.021,2.45319349790598e-272,"7","MCAM"
3.48930604936547e-275,6.41899394778538,0.71,0.007,1.27712090712826e-270,"7","RGS5"
1.18112657145832e-267,8.39519098021512,0.548,0.002,4.32304136419459e-263,"7","ACTG2"
1.76619505800869e-259,10.760088474195,0.532,0.002,6.46445053181762e-255,"7","CNN1"
4.24141856523185e-256,5.13966133084199,0.839,0.017,1.55240160906051e-251,"7","PPP1R14A"
1.29200470998321e-255,11.3151314185517,0.468,0,4.72886643900955e-251,"7","CASQ2"
2.06490954199814e-246,6.15522619547716,0.661,0.008,7.55777541466739e-242,"7","COX4I2"
8.77539534347386e-232,7.07669051284621,0.677,0.01,3.21188244966487e-227,"7","SORBS2"
1.71589288745143e-211,10.9402743428418,0.387,0,6.28033955736098e-207,"7","FHL5"
3.75831648782952e-204,5.96139190121013,0.774,0.021,1.37558141771048e-199,"7","BCAM"
2.58884591147349e-200,8.95871617718656,0.435,0.002,9.47543492058414e-196,"7","LRRC10B"
7.65259504293965e-194,8.85193647984971,0.371,0,2.80092631166634e-189,"7","CDH6"
1.72187610277391e-187,8.88139259758003,0.387,0.001,6.3022387237628e-183,"7","SGCA"
3.1383798313265e-173,5.71348651823156,0.613,0.014,1.14867840206381e-168,"7","TBX2-AS1"
5.36490569204595e-172,4.77277004024089,0.371,0.002,1.96360913234574e-167,"7","ADGRL3"
1.14306564843749e-168,8.87306404881461,0.339,0.001,4.18373457984607e-164,"7","ANGPT4"
1.91798456106619e-163,5.63491873908628,0.5,0.008,7.02001529195834e-159,"7","TCIM"
1.01833033687196e-161,5.56114594148836,0.758,0.03,3.72719086598507e-157,"7","PDGFA"
2.80771908720812e-161,6.52174337451711,0.694,0.024,1.02765326310904e-156,"7","AVPR1A"
8.28078348245592e-160,7.50994359134266,0.371,0.002,3.03084956241369e-155,"7","FOXC2"
9.24280018804962e-159,10.0450079764417,0.29,0,3.38295729682804e-154,"7","HRC"
4.45825933623332e-157,4.51716072175947,0.79,0.034,1.63176749965476e-152,"7","APOLD1"
9.87965347299375e-157,6.10121228116852,0.581,0.015,3.61605196765044e-152,"7","GUCY1A1"
2.33391445615471e-151,6.78064621363128,0.419,0.005,8.54236030097184e-147,"7","SSTR2"
3.42912213923696e-144,5.28094515255429,0.581,0.017,1.25509299418212e-139,"7","PGF"
9.12695137050453e-144,6.68904960518075,0.419,0.006,3.34055547111836e-139,"7","EDNRA"
1.57748291132142e-142,6.3908459963136,0.339,0.002,5.77374520372753e-138,"7","GPR4"
1.57585979456189e-141,9.51972598226899,0.274,0,5.76780443407597e-137,"7","MYOZ1"
1.20680192567645e-132,8.52380523293153,0.258,0,4.41701572816839e-128,"7","MYOCD"
1.24423857355882e-132,8.59416655312953,0.258,0,4.55403760308264e-128,"7","SPEG"
3.57194131248631e-131,4.93854075192214,0.887,0.062,1.30736623978312e-126,"7","NOTCH3"
2.84527536663055e-125,9.04737215801151,0.258,0.001,1.04139923694045e-120,"7","PIP5K1B"
5.06493489996273e-125,6.06367085649629,0.258,0.001,1.85381682273536e-120,"7","DES"
4.88954089685931e-124,6.74445318978097,0.339,0.004,1.78962086365948e-119,"7","LINC01197"
1.65065844559393e-123,4.00322874191274,0.532,0.017,6.04157497671835e-119,"7","ESAM"
2.02929063145226e-123,6.6543017009219,0.403,0.008,7.42740664017843e-119,"7","GPRC5C"
5.41768706887238e-119,5.71211359618377,0.597,0.026,1.98292764407798e-114,"7","NRGN"
1.99660904985972e-118,8.02411264055616,0.258,0.001,7.30778878339154e-114,"7","LINC02515"
1.32238559751973e-115,5.46993751170093,0.613,0.028,4.84006352548197e-111,"7","PTP4A3"
2.90724195963914e-115,5.69657307540199,0.581,0.025,1.06407962964752e-110,"7","TBX2"
8.35896807845729e-115,6.5991436126985,0.274,0.002,3.05946590639615e-110,"7","SBSPON"
4.16406253130097e-112,5.87386735259787,0.258,0.002,1.52408852708147e-107,"7","ATP1B2"
4.70230844896252e-111,5.49222463256842,0.887,0.081,1.72109191540477e-106,"7","MUSTN1"
1.27075566653974e-110,4.73837682974433,0.677,0.039,4.65109281510209e-106,"7","FRZB"
5.89106908563531e-108,6.21536369755529,0.306,0.004,2.15619019603338e-103,"7","FRMD3"
6.46629348824695e-104,5.2563455273167,0.597,0.031,2.36672807963327e-99,"7","CCDC3"
6.10752574337883e-103,6.00237689631831,0.452,0.015,2.23541549733409e-98,"7","ITGA7"
5.67081450291443e-102,4.98395982362298,0.71,0.05,2.07557481621171e-97,"7","RCAN2"
4.05891963640687e-101,4.40607797563463,0.984,0.116,1.48560517612128e-96,"7","SPARCL1"
1.96355639834043e-96,5.46086730211389,0.29,0.004,7.1868127735658e-92,"7","ITGA3"
6.65426433088072e-94,4.58439501983182,0.484,0.021,2.43552728774565e-89,"7","PARM1"
1.71023327525359e-92,6.85935258598237,0.968,0.135,6.25962481075567e-88,"7","ACTA2"
1.35657979679332e-90,5.62573892280052,0.435,0.017,4.96521771424322e-86,"7","CCL8"
6.63084935587575e-85,3.88764776941921,0.935,0.122,2.42695717274408e-80,"7","BGN"
8.19358407187339e-84,4.3092237334916,0.597,0.041,2.99893370614638e-79,"7","FOXC1"
3.21729704506792e-83,4.83766921129791,0.903,0.121,1.17756289146531e-78,"7","HES4"
3.34794856967867e-83,4.56753377742601,0.661,0.054,1.22538265598809e-78,"7","SEPTIN4"
1.68729861916373e-78,5.61675946534098,0.403,0.017,6.17568167600116e-74,"7","MRVI1"
6.50714180190618e-78,4.80724760325712,0.484,0.028,2.38167897091568e-73,"7","PDE5A"
3.1335311877859e-77,5.02614924635761,0.484,0.028,1.14690375004152e-72,"7","SYNPO2"
1.25644324097088e-76,3.75352883795547,0.839,0.107,4.59870790627751e-72,"7","EPAS1"
1.16542590869659e-75,4.21251788961915,0.661,0.06,4.2655753684204e-71,"7","ISYNA1"
3.46648846543916e-74,4.55699908619933,0.823,0.111,1.26876944323539e-69,"7","MYLK"
1.08935510921785e-70,3.34441603547665,0.919,0.149,3.98714863524825e-66,"7","A2M"
4.18517981634636e-70,6.11913450819175,1,0.228,1.53181766458093e-65,"7","TAGLN"
4.83785569969804e-69,3.89441899149823,0.258,0.006,1.77070356464648e-64,"7","NMNAT2"
2.35856201196681e-67,5.75958641701591,0.306,0.011,8.63257281999973e-63,"7","RBPMS2"
1.13228684004779e-66,4.56675143324092,0.468,0.031,4.1442830632589e-62,"7","AOC3"
4.4749392213385e-66,2.78709862174537,0.548,0.045,1.6378725044021e-61,"7","ANGPT2"
2.68041388800172e-65,4.38227302102671,0.419,0.024,9.81058287147509e-61,"7","ITGA1"
7.09571811876185e-65,3.87165057494183,0.694,0.079,2.59710378864802e-60,"7","ECRG4"
6.55255723179413e-64,5.23763226549317,0.306,0.012,2.39830147240897e-59,"7","SORBS1"
1.02450941460855e-63,3.67910462047659,0.452,0.03,3.74980690840877e-59,"7","ARHGEF17"
3.78754905491902e-63,5.2115777781086,0.355,0.017,1.38628082959091e-58,"7","CSPG4"
7.28227403168787e-61,4.7096297975942,0.403,0.025,2.66538511833808e-56,"7","SLC7A2"
5.35476503000128e-60,3.60630786749365,0.387,0.021,1.95989754863077e-55,"7","INPP4B"
2.19902546694392e-58,4.54503346888899,0.532,0.05,8.04865311156145e-54,"7","ADRA2A"
7.35094228827222e-57,3.61006605258597,0.516,0.046,2.69051838693051e-52,"7","AKAP1"
8.61630103733591e-57,3.22572667430016,0.677,0.086,3.15365234267532e-52,"7","PMEPA1"
2.23757458594887e-56,4.35444472410847,0.435,0.032,8.18974674203146e-52,"7","CLMN"
4.77001574573712e-55,4.1028257785368,0.419,0.03,1.74587346309724e-50,"7","SERPINI1"
1.6417401253862e-52,4.27729712641577,0.29,0.014,6.00893303292604e-48,"7","KCNMB1"
3.46858662998957e-52,5.13576717238178,1,0.367,1.26953739244248e-47,"7","TPM2"
5.35358528900403e-52,4.30946157690921,0.419,0.033,1.95946575162837e-47,"7","DMPK"
6.16249484826079e-52,3.33483692797749,0.484,0.045,2.25553473941193e-47,"7","AOPEP"
1.80431697301603e-51,4.51470578039029,0.419,0.033,6.60398055293598e-47,"7","EDIL3"
8.79406521757223e-51,3.02815394289466,0.629,0.077,3.21871581028361e-46,"7","NRARP"
3.5449829964094e-50,3.92705767459934,0.806,0.167,1.29749922651581e-45,"7","NR2F2"
1.21476738843303e-49,3.38284397303795,0.935,0.28,4.44617011840373e-45,"7","COL18A1"
3.56307617411444e-49,4.06987904290625,0.661,0.101,1.30412151048762e-44,"7","CSRP2"
8.06473640297925e-48,3.74003526513361,0.581,0.076,2.95177417085444e-43,"7","TMEM38B"
4.69837254720826e-47,3.07946622171309,0.694,0.108,1.7196513360037e-42,"7","LBH"
1.10257971612967e-46,4.12962264743235,0.581,0.078,4.03555201900619e-42,"7","KIAA0040"
1.43286788100344e-46,3.36124987296032,0.823,0.188,5.2444397312607e-42,"7","LMOD1"
4.32086092217055e-46,4.90628694961233,0.306,0.019,1.58147830612364e-41,"7","RNF152"
8.34491812442273e-46,4.29383515839565,1,0.489,3.05432348271996e-41,"7","MYL9"
9.49512486122243e-46,3.61155828803287,0.984,0.383,3.47531065045602e-41,"7","TPM1"
1.34304440502015e-45,3.07922290895335,0.597,0.079,4.91567682681425e-41,"7","RRAD"
2.05533308652577e-45,4.48184389395172,0.419,0.039,7.52272462999298e-41,"7","MAP3K7CL"
7.08296835360519e-45,3.37953981147648,0.823,0.182,2.59243724710304e-40,"7","PHLDA2"
1.34321085015799e-44,4.12037771565776,0.371,0.03,4.91628603266325e-40,"7","NOL3"
1.73849578215202e-44,4.35195792560182,0.29,0.017,6.36306841225461e-40,"7","PDE3A"
7.87180696292681e-44,3.64926859107657,0.661,0.114,2.88116006650084e-39,"7","C1QTNF1"
8.01825561648271e-44,3.24992048832491,0.677,0.115,2.93476173818884e-39,"7","JAG1"
8.07271387203933e-44,3.50368080455495,0.694,0.127,2.95469400430512e-39,"7","WTIP"
9.12474217404674e-44,3.68045008816368,0.887,0.273,3.33974688312285e-39,"7","CSRP1"
1.38351252588333e-43,4.09285807914334,0.306,0.02,5.06379419598559e-39,"7","LTBP1"
1.49317003591109e-42,4.36363158302296,0.403,0.039,5.46515164843818e-38,"7","CAP2"
1.24338866974308e-41,4.11822754517015,0.339,0.026,4.55092687012665e-37,"7","GUCY1B1"
2.12066662856911e-41,3.49628765633649,0.581,0.089,7.76185192722578e-37,"7","EFHD1"
2.15060740768895e-41,2.78962946245458,0.887,0.244,7.87143817288234e-37,"7","ADAMTS1"
2.66403263195567e-41,3.77471617354257,0.565,0.083,9.75062583622095e-37,"7","NT5DC2"
1.07760357163125e-40,2.88741152573136,0.661,0.115,3.94413683252752e-36,"7","THBS1"
2.48756349628655e-40,3.95165562342149,0.419,0.044,9.10473115275839e-36,"7","LGI4"
7.74738589218018e-40,3.52309873991846,0.29,0.02,2.83562071039687e-35,"7","GLDN"
2.58253225767142e-39,2.83173718422207,1,0.577,9.45232631630316e-35,"7","ADIRF"
3.96848413464715e-38,3.26156516341983,0.935,0.316,1.4525048781222e-33,"7","RGS16"
6.18994551514069e-38,4.18536524391009,0.323,0.027,2.26558195799664e-33,"7","HRH2"
2.08722586602763e-37,3.32847308064314,0.984,0.63,7.63945539224774e-33,"7","IGFBP7"
5.6313803580487e-37,2.77955007541702,0.435,0.051,2.06114152484941e-32,"7","SYTL2"
7.61720134536741e-37,2.98948767159708,0.871,0.247,2.78797186441792e-32,"7","ID4"
1.25588593555168e-36,3.50889401328131,0.371,0.038,4.59666811271272e-32,"7","SORT1"
2.56778967662582e-36,3.21978651623606,0.677,0.146,9.39836699541816e-32,"7","TNS1"
4.82761327472826e-36,2.88815854575253,0.871,0.296,1.76695473468329e-31,"7","CRISPLD2"
3.9929273630214e-35,3.70922612216765,0.452,0.06,1.46145134413946e-30,"7","NET1"
3.8633922991179e-34,3.58923750362682,0.516,0.085,1.41404021540014e-29,"7","TBC1D1"
8.54110204138006e-34,3.64773543349947,0.597,0.117,3.12612875816551e-29,"7","SNCG"
2.8157777619078e-33,2.53593871456714,0.677,0.159,1.03060281863588e-28,"7","ZFHX3"
5.96107066548478e-33,2.20769994491681,0.968,0.599,2.18181147427408e-28,"7","CALD1"
1.13407771330309e-32,2.42080143229347,0.919,0.41,4.15083783846063e-28,"7","MFGE8"
1.53340977833866e-32,1.85880083256029,0.968,0.359,5.61243312969732e-28,"7","FABP4"
3.36303712249127e-32,2.48142677409674,0.984,0.44,1.23090521720303e-27,"7","IGFBP5"
9.90185674973797e-32,2.60655654174881,0.79,0.236,3.62417858897159e-27,"7","CRIP2"
1.38591132302698e-31,4.01837742113985,0.274,0.023,5.07257403341106e-27,"7","MEF2B"
5.47827738519574e-31,1.79681797179078,0.935,0.293,2.00510430575549e-26,"7","CPE"
5.89417571873921e-31,3.74428395319556,0.435,0.064,2.15732725481574e-26,"7","SYNM"
1.54702399922065e-30,2.40314856849448,0.855,0.318,5.6622625395475e-26,"7","LPP"
4.2204715908556e-30,2.48317302795384,0.984,0.633,1.54473480696906e-25,"7","C11orf96"
4.41650028408502e-30,4.36806198185271,0.29,0.028,1.61648326897796e-25,"7","CACNA1A"
1.23062894044355e-29,3.01642043005684,0.5,0.089,4.50422498491744e-25,"7","CRIM1"
1.90866403027152e-29,3.8508423049442,0.274,0.025,6.98590121719681e-25,"7","KLHL23"
1.99235481048793e-29,3.71640961113222,0.387,0.053,7.29221784186686e-25,"7","ENPEP"
2.44133922313827e-29,3.39784372421372,0.355,0.043,8.93554569060839e-25,"7","TNC"
3.2636805760847e-29,1.12881136273779,1,0.956,1.19453972765276e-24,"7","RPL3"
3.89835606793261e-29,3.40708099313439,0.403,0.058,1.42683730442402e-24,"7","PDE1A"
1.01880697396572e-28,2.45607992016911,0.839,0.336,3.72893540541193e-24,"7","ACTN4"
1.06730543583872e-28,1.55073351573535,1,0.721,3.90644462571331e-24,"7","MGST3"
1.31499941536241e-28,2.88630272284859,0.565,0.12,4.81302936016794e-24,"7","ZNF703"
1.90059631087541e-28,3.47176622119338,0.29,0.029,6.95637255743509e-24,"7","TTLL7"
3.09526710893768e-28,3.05316968943091,0.323,0.036,1.13289871454228e-23,"7","SLC8A1"
5.94967311435832e-28,2.43932011815231,0.984,0.745,2.17763985658629e-23,"7","DSTN"
2.17206476942103e-27,3.05119220059951,0.581,0.136,7.9499742625579e-23,"7","PTK2"
3.82129211680675e-27,2.94693793340449,0.371,0.05,1.39863112767244e-22,"7","BMP2"
4.07259872280407e-27,2.66595432190949,0.694,0.202,1.49061185853352e-22,"7","FADS3"
8.21145894242653e-27,3.45853715481193,0.29,0.031,3.00547608751753e-22,"7","RAMP1"
1.12216172697926e-26,2.51436183620824,0.597,0.136,4.10722413691678e-22,"7","PDLIM3"
1.58066838750703e-26,3.1927145972749,0.403,0.064,5.78540436511449e-22,"7","RASL12"
2.50522220812904e-25,3.33236874991537,0.258,0.026,9.16936380397312e-21,"7","ANKRD29"
1.19978148514963e-24,1.59491034183193,0.968,0.748,4.39132021379614e-20,"7","SEPTIN7"
1.23298266843649e-24,2.96436415131425,0.435,0.078,4.5128398647444e-20,"7","EGFLAM"
2.3088403459816e-24,2.8412934219803,0.565,0.139,8.45058655032725e-20,"7","SLC25A25"
2.43347098017147e-24,2.49772059408174,0.742,0.285,8.90674713452558e-20,"7","ARPC1A"
4.2157539779304e-24,3.30154363602032,0.339,0.047,1.54300811346231e-19,"7","DNAJC27"
8.72865476274448e-24,2.31927345477765,0.613,0.161,3.19477492971211e-19,"7","C7orf50"
1.04716925491212e-23,2.29535356638645,0.71,0.223,3.83274418990385e-19,"7","ID1"
1.52218755559204e-23,2.64062822418336,0.452,0.088,5.57135867222242e-19,"7","CPM"
2.6638505403505e-23,2.14224170165893,0.581,0.139,9.74995936273687e-19,"7","DKK3"
3.89429580027818e-23,1.91492806304643,0.887,0.417,1.42535120585982e-18,"7","PPP1R12A"
4.92349236224812e-23,3.47111180956104,0.355,0.056,1.80204743950644e-18,"7","ABCC9"
5.80355017482646e-23,2.10413700251547,0.774,0.303,2.12415739948823e-18,"7","UBA2"
1.31839354715077e-22,2.39538277810233,0.452,0.091,4.82545222192653e-18,"7","PPP1R12B"
1.45329195820942e-22,2.06700112004945,0.774,0.296,5.3191938962423e-18,"7","CHCHD10"
1.76368279259056e-22,0.989466273803698,1,0.953,6.45525538916069e-18,"7","PTMA"
5.63552144250368e-22,1.31796307364937,0.984,0.912,2.06265720317077e-17,"7","MYL6"
7.51016505353073e-22,2.15605290574676,0.919,0.577,2.74879551124278e-17,"7","HSPB1"
1.68932887620532e-21,2.0884164898255,0.581,0.155,6.1831126197991e-17,"7","HES1"
2.9392282692183e-21,2.39994453280043,0.823,0.446,1.07578693881659e-16,"7","CRYAB"
4.83277663899857e-21,3.36897902960618,0.29,0.04,1.76884457763987e-16,"7","KCNJ8"
4.96891378967509e-21,2.44752158174755,0.694,0.269,1.81867213615898e-16,"7","CAV2"
5.78929527551238e-21,2.75076104337937,0.516,0.133,2.11893996379029e-16,"7","MEF2C"
6.37514933366135e-21,2.27503793595251,0.532,0.13,2.33336840761339e-16,"7","TGFBI"
7.36611665648097e-21,1.88522876399828,0.887,0.416,2.6960723574386e-16,"7","ANGPTL4"
8.60208632884697e-21,2.71055106968219,0.565,0.155,3.14844961722128e-16,"7","ADAMTS4"
9.64754406608264e-21,2.18630423447092,0.597,0.18,3.53109760362691e-16,"7","KANK2"
1.18140942598375e-20,1.91444429212715,0.758,0.27,4.32407664004312e-16,"7","IER5L"
1.25068744312221e-20,1.87706870627768,0.774,0.321,4.57764111057159e-16,"7","MGLL"
1.26949614475e-20,0.759872917109474,1,0.946,4.64648283939946e-16,"7","FAU"
1.71625245007977e-20,2.40052189618051,0.371,0.067,6.28165559253696e-16,"7","SMTN"
2.59024986306973e-20,2.57219886487489,0.613,0.197,9.48057352382152e-16,"7","MSRB3"
2.97127477954519e-20,2.12996431176207,0.565,0.154,1.08751628206133e-15,"7","LRRC32"
4.38510015444469e-20,0.713521938253551,1,0.948,1.6049905075283e-15,"7","RPL9"
5.08828700416269e-20,2.98514973802983,0.29,0.042,1.86236392639359e-15,"7","FRY"
5.3778018613491e-20,1.40322641389154,0.952,0.539,1.96832925927238e-15,"7","CD151"
5.48457960330605e-20,2.32290657468319,0.306,0.047,2.00741098060605e-15,"7","RAB20"
7.83973858762402e-20,0.746857453471414,1,0.939,2.86942272045627e-15,"7","RPL37A"
1.06190768882715e-19,2.55638165921575,0.484,0.118,3.88668833187626e-15,"7","RERG"
1.0659045540755e-19,2.08006742671152,0.323,0.05,3.90131725837174e-15,"7","FBXO32"
1.08260153403072e-19,1.4474103142244,0.806,0.329,3.96242987470585e-15,"7","MYH9"
1.08436864941904e-19,1.25636856458669,0.984,0.71,3.96889769373862e-15,"7","C12orf57"
1.2521508385088e-19,2.79729041256553,0.581,0.178,4.58299728402606e-15,"7","SLC25A4"
1.33496919509921e-19,0.763506824332333,1,0.934,4.88612075098262e-15,"7","RPL7"
1.66730728873927e-19,1.59273191908049,0.919,0.611,6.10251140751459e-15,"7","SH3BGRL"
4.94858344187713e-19,2.20095930309939,0.629,0.221,1.81123102556145e-14,"7","NDRG2"
1.0742964919068e-18,1.42727178609711,0.968,0.615,3.93203259002809e-14,"7","RHOB"
1.535476033667e-18,3.06066939893171,0.339,0.062,5.61999583082458e-14,"7","SMARCD3"
1.57284226711037e-18,0.695548219249895,1,0.945,5.75675998185067e-14,"7","RPL5"
1.79947043914617e-18,2.5941609186823,0.355,0.066,6.58624175431891e-14,"7","HSPA2"
2.11322739303827e-18,1.59794792132,0.774,0.314,7.73462358125937e-14,"7","ID3"
2.40004249967741e-18,0.747735028057041,1,0.935,8.78439555306927e-14,"7","RPS5"
2.47835759545874e-18,1.81369762338296,0.871,0.536,9.07103663513853e-14,"7","FLNA"
2.77309356929512e-18,1.965551311866,0.419,0.093,1.01497997729771e-13,"7","C1orf54"
3.24818659252259e-18,2.72422120968682,0.452,0.114,1.18886877472919e-13,"7","PAWR"
5.02395847389566e-18,1.99238886152263,0.613,0.195,1.83881904103055e-13,"7","AK1"
6.4765873576026e-18,1.95004041641221,0.871,0.427,2.37049573875613e-13,"7","MT1A"
7.4666545765683e-18,1.27138774825319,0.968,0.719,2.73287024156976e-13,"7","YBX3"
9.92258613787742e-18,0.96053376385008,1,0.843,3.63176575232452e-13,"7","CALM2"
9.92957651386148e-18,2.65946034292119,0.435,0.103,3.63432429983844e-13,"7","FILIP1"
9.9463387718328e-18,1.53283039451426,0.613,0.19,3.64045945387852e-13,"7","HEXIM1"
1.23961279656613e-17,3.14195593099972,0.274,0.043,4.53710679671168e-13,"7","PPM1L"
1.44693414180199e-17,1.19021127673995,0.968,0.616,5.29592365240947e-13,"7","PTMS"
1.50793481825472e-17,1.69847954248118,1,0.863,5.5191922282941e-13,"7","GADD45B"
1.90283888678617e-17,0.676921816340758,1,0.938,6.96458060952607e-13,"7","RPL10A"
1.92190568947256e-17,2.31272281002913,0.645,0.252,7.03436701403851e-13,"7","CCND1"
2.30824794850401e-17,2.87892690826424,0.452,0.122,8.44841831631954e-13,"7","MTRNR2L1"
2.41076220949155e-17,1.36692245804183,0.919,0.648,8.82363076296002e-13,"7","CDKN1A"
3.25318430796426e-17,2.26287725250351,0.645,0.252,1.190697988558e-12,"7","OAZ2"
4.31400950286833e-17,1.90407638395731,0.645,0.247,1.57897061814484e-12,"7","RBPMS"
4.78073880548505e-17,1.16027652182343,0.968,0.754,1.74979821019558e-12,"7","UQCRB"
1.1427930209008e-16,0.744880592612066,1,0.943,4.18273673579901e-12,"7","RPL23A"
2.06956509799344e-16,1.92250125531254,0.839,0.48,7.57481521516578e-12,"7","MTRNR2L8"
2.42622607880326e-16,2.55852284062457,0.468,0.136,8.88023007102782e-12,"7","PDLIM7"
2.78119929576565e-16,2.6324902220535,0.435,0.116,1.01794675424319e-11,"7","PRKG1"
2.89718316637735e-16,1.82045483856961,0.532,0.162,1.06039801072577e-11,"7","NCK2"
3.15482431287422e-16,0.65563177406728,1,0.946,1.15469724675509e-11,"7","RPL21"
3.2746220074492e-16,1.46351102954743,0.871,0.462,1.19854440094648e-11,"7","PHLDA1"
5.4274072287556e-16,1.93974221893399,0.855,0.477,1.98648531979684e-11,"7","CCL2"
5.46346940341746e-16,1.64534042177009,0.823,0.434,1.99968443634482e-11,"7","MAGED2"
5.7395679723391e-16,0.641773108450576,1,0.95,2.10073927355584e-11,"7","RPL18"
5.97876929776251e-16,2.49824646622946,0.435,0.114,2.18828935067406e-11,"7","PRXL2A"
6.29363482793116e-16,2.04606530720228,0.306,0.054,2.30353328337108e-11,"7","RASGRP2"
6.74997576021e-16,1.8933099045866,0.645,0.259,2.47055862799446e-11,"7","RAB13"
1.02672540953086e-15,2.88670692320921,0.339,0.071,3.75791767142388e-11,"7","ANGPT1"
1.50305592983964e-15,1.91109582172108,0.548,0.177,5.50133500880607e-11,"7","RASL11A"
2.10575393405566e-15,2.01805614911753,0.645,0.273,7.70726997403711e-11,"7","NUDT4"
4.73961248964235e-15,2.65486955462926,0.387,0.098,1.734745567334e-10,"7","PLEKHH3"
6.69051935923482e-15,1.66015032515205,0.677,0.316,2.44879699067354e-10,"7","MAP3K20"
8.64209863612669e-15,1.80715161805852,0.548,0.178,3.16309452180873e-10,"7","EDNRB"
8.74906853909549e-15,2.72017524281187,0.5,0.164,3.20224657599434e-10,"7","C12orf75"
9.10082015655624e-15,1.01187449038529,0.968,0.792,3.33099118550115e-10,"7","HNRNPA1"
9.25852508916865e-15,2.02476502076314,0.355,0.078,3.38871276788662e-10,"7","CH25H"
1.07208206387735e-14,0.821550153918932,1,0.877,3.92392756199749e-10,"7","RPL4"
1.3195951083268e-14,2.06482333433863,0.613,0.255,4.82985005598692e-10,"7","AKAP12"
1.39406817968673e-14,0.591067710767131,1,0.954,5.10242894447142e-10,"7","RPL8"
2.22486540310109e-14,1.95768443750477,0.726,0.331,8.1432298618903e-10,"7","IL6"
2.45001426297154e-14,1.00225960383083,0.919,0.466,8.96729720390215e-10,"7","MAP1B"
2.55071223055223e-14,1.64877870981408,0.806,0.417,9.33586183504422e-10,"7","TSC22D1"
2.97019283480809e-14,2.22113197994549,0.468,0.144,1.08712027946811e-09,"7","DNAJB4"
3.16318852397718e-14,1.68528380279235,0.677,0.311,1.15775863166089e-09,"7","ACTN1"
3.21971178971136e-14,0.603598079946063,1,0.958,1.17844671215225e-09,"7","RPS3A"
7.04052608230379e-14,1.59017336905725,0.694,0.323,2.57690295138401e-09,"7","PALLD"
8.7927436927632e-14,1.67032098649685,0.565,0.2,3.21823211898826e-09,"7","MXI1"
1.02406150445664e-13,1.634645086051,0.694,0.313,3.74816751246174e-09,"7","TGFB1I1"
1.05739342294752e-13,1.61816373789554,0.613,0.257,3.87016566733022e-09,"7","SORBS3"
1.16207977987355e-13,0.581203775125579,1,0.915,4.25332820231518e-09,"7","RPL27"
1.24168768232463e-13,1.77911641750558,0.597,0.237,4.54470108607636e-09,"7","MTHFD2"
1.41759447277868e-13,0.609485426029738,1,0.944,5.18853752981725e-09,"7","RPS7"
1.5530033617444e-13,0.641064994854302,1,0.957,5.68414760432067e-09,"7","RPS8"
2.09236976858431e-13,3.01788948836759,0.403,0.12,7.65828258999545e-09,"7","STEAP4"
2.84596856003924e-13,0.589376310538677,1,0.957,1.04165295265996e-08,"7","RPS4X"
3.20910377146057e-13,1.06063116937727,0.871,0.624,1.17456407139228e-08,"7","SBDS"
3.86203583307173e-13,1.57160888868596,0.645,0.306,1.41354373526258e-08,"7","VCL"
3.99534952795016e-13,1.76714107399647,0.677,0.343,1.46233788072504e-08,"7","DBNDD2"
4.13662110899121e-13,1.75087114724652,0.468,0.147,1.51404469210187e-08,"7","MAPRE2"
5.24308693601496e-13,2.33060382860656,0.516,0.191,1.91902224945083e-08,"7","ZNF503"
5.29307604937382e-13,1.68598138700521,0.645,0.294,1.93731876483131e-08,"7","ROCK2"
7.2308695195956e-13,0.892271024427787,0.548,0.178,2.64657055286718e-08,"7","NR4A3"
8.81381302345741e-13,2.30736770029543,0.887,0.629,3.22594370471565e-08,"7","CYCS"
1.06967593949005e-12,1.0213082868223,0.935,0.874,3.91512090612754e-08,"7","MTRNR2L12"
1.63882289516961e-12,0.523213452001814,1,0.939,5.99825567861031e-08,"7","NACA"
1.6407154042486e-12,2.55383418290135,0.29,0.064,6.00518245109032e-08,"7","RGS3"
1.97476122909716e-12,2.12840726015232,0.468,0.163,7.22782357461853e-08,"7","C20orf27"
2.05957569751446e-12,1.17377947687393,0.871,0.592,7.53825301047267e-08,"7","HSPA1A"
2.3989052069069e-12,2.32247566967197,0.355,0.094,8.78023294779995e-08,"7","PHLDB2"
2.8390655000889e-12,0.460655048855758,1,0.982,1.03912636368754e-07,"7","EEF1A1"
4.55029283067768e-12,1.76268976442797,0.387,0.109,1.66545267895634e-07,"7","HIPK2"
4.58391623727447e-12,0.545255989127761,1,0.952,1.67775918200483e-07,"7","RPS6"
4.74355929280187e-12,1.18206880195498,0.823,0.481,1.73619013675841e-07,"7","HSPA1B"
6.25870226013264e-12,1.27344708947969,0.935,0.707,2.29074761423115e-07,"7","ATF3"
7.35819540188348e-12,2.65613248365751,0.403,0.131,2.69317309904337e-07,"7","MYO1B"
9.60885235113307e-12,1.1061751898062,0.887,0.565,3.51693604903821e-07,"7","TPM4"
1.06508571012513e-11,0.639209442797717,1,0.932,3.89832020762899e-07,"7","RPL27A"
1.17324939966558e-11,0.431375741238154,1,0.962,4.29421012771597e-07,"7","RPL41"
1.28495935241033e-11,0.483294985859845,1,0.958,4.70307972575704e-07,"7","RPL13A"
1.70084590793252e-11,0.93552331518555,0.839,0.45,6.22526610762381e-07,"7","ANP32B"
1.77969117048945e-11,2.41413406908384,0.306,0.078,6.51384765310845e-07,"7","CAMK2G"
1.7871283237301e-11,0.823043582730897,0.968,0.648,6.54106837768454e-07,"7","ITGB1"
1.8568563040851e-11,1.52762392922778,0.29,0.064,6.79627975858186e-07,"7","RCSD1"
2.11877591400152e-11,0.616956972721202,1,0.906,7.75493172283698e-07,"7","EEF1D"
2.32888152767353e-11,0.780413977174518,0.984,0.577,8.52393927943789e-07,"7","CAV1"
2.5736945951869e-11,0.585419298247548,0.952,0.959,9.41997958784356e-07,"7","MT-CO1"
2.71372143543866e-11,1.9613416690417,0.484,0.193,9.93249182584902e-07,"7","MOB2"
2.83725246044359e-11,0.703439114655185,0.968,0.814,1.03846277304696e-06,"7","NOP53"
2.8434268521434e-11,1.46312781127391,0.435,0.147,1.04072266215301e-06,"7","RELL1"
2.85063415378824e-11,0.830639590897295,0.919,0.528,1.04336060662803e-06,"7","MT1M"
3.997223493583e-11,1.65967012236401,0.548,0.229,1.46302377088631e-06,"7","MPRIP"
4.42930799426346e-11,1.02773104133309,0.758,0.42,1.62117101898037e-06,"7","PPP1CB"
4.64384412139548e-11,1.80495682638482,0.29,0.071,1.69969338687196e-06,"7","HIP1"
5.23743316289438e-11,1.14017017690473,0.871,0.642,1.91695291195097e-06,"7","SELENOW"
5.50916440159774e-11,0.469434971030868,1,0.956,2.01640926262879e-06,"7","RPL7A"
6.81250127668591e-11,1.95177483877425,0.387,0.127,2.49344359227981e-06,"7","PLEKHA4"
8.72055134205803e-11,0.620707961755523,1,0.88,3.19180899670666e-06,"7","RPL23"
1.2635066733095e-10,0.413975873783011,1,0.944,4.6245607749801e-06,"7","RPS25"
1.30295688248717e-10,0.472462697862779,1,0.955,4.76895248559128e-06,"7","RPL29"
1.31684944812488e-10,0.885979232113312,0.952,0.575,4.81980066508188e-06,"7","CAVIN1"
1.37194669407495e-10,1.18796090773829,0.726,0.41,5.02146209498374e-06,"7","PDLIM1"
1.68480300709919e-10,0.470831780788334,1,0.951,6.16654748628373e-06,"7","RPL14"
1.97438591104784e-10,1.55973353001788,0.565,0.26,7.22644987302621e-06,"7","PDLIM5"
1.99404878712585e-10,2.11196474047435,0.435,0.157,7.29841796575934e-06,"7","LMCD1"
2.01201448514807e-10,1.45977993144243,0.435,0.146,7.36417421709045e-06,"7","FMO2"
2.01787275000452e-10,1.95546779827914,0.435,0.158,7.38561605229153e-06,"7","SNTA1"
2.17509003880614e-10,1.3019343442303,0.79,0.486,7.96104705103437e-06,"7","TUBA1C"
2.33950368497942e-10,2.0903029192592,0.323,0.092,8.56281743739319e-06,"7","RASAL2"
2.65019848728665e-10,0.915359060087215,0.887,0.625,9.69999148331788e-06,"7","HMGN2"
2.77029537656641e-10,2.3214980102827,0.29,0.077,1.01395581077707e-05,"7","PTGIR"
3.01659322605714e-10,1.70403818204042,0.629,0.31,1.10410328666918e-05,"7","INTS6"
3.85001821786668e-10,1.16902902115824,0.871,0.774,1.40914516792138e-05,"7","NDUFA4"
4.15423914577661e-10,1.80201927043139,0.258,0.061,1.5204930697457e-05,"7","ZNF263"
4.35732615626705e-10,0.838579687601592,0.887,0.608,1.5948249464553e-05,"7","NR4A1"
4.77362871205087e-10,1.10102698370411,0.79,0.544,1.74719584489774e-05,"7","LDHB"
5.24501912567413e-10,0.517204494393694,0.952,0.966,1.91972945018799e-05,"7","MT-CO3"
6.90379351763248e-10,1.43155564891993,0.71,0.466,2.52685746538866e-05,"7","CCDC107"
7.56395793948553e-10,1.5800332539467,0.419,0.157,2.7684842454311e-05,"7","HSDL2"
7.67678797997145e-10,2.22851252774411,0.29,0.079,2.80978116854935e-05,"7","ENDOD1"
9.14316153020915e-10,2.32852139154595,0.274,0.072,3.34648855167185e-05,"7","FAM162B"
9.5737342655937e-10,1.20927752787543,0.71,0.399,3.50408247854995e-05,"7","CNN3"
1.0199828610567e-09,0.512624600480518,1,0.901,3.73323926975364e-05,"7","PFDN5"
1.29690957123835e-09,1.1947704544052,0.661,0.328,4.74681872168947e-05,"7","COL14A1"
1.35823195626917e-09,0.42103390046105,1,0.938,4.97126478314078e-05,"7","RPL24"
1.43055248919919e-09,1.10682997332637,0.919,0.661,5.23596516571794e-05,"7","EGR1"
1.46699860119789e-09,0.38196826638371,1,0.956,5.36936158024439e-05,"7","RPS27A"
1.58450868309417e-09,1.14390898896477,0.661,0.356,5.79946023099295e-05,"7","GLRX5"
1.61142482193949e-09,1.33128911482572,0.484,0.194,5.89797599078073e-05,"7","ING1"
1.76412602850288e-09,1.79376471678085,0.452,0.182,6.45687767692338e-05,"7","MRGPRF"
1.7657565785028e-09,1.09573969728403,0.871,0.681,6.46284565297809e-05,"7","SERTAD1"
1.78672153266723e-09,0.425978759296938,1,0.954,6.53957948171534e-05,"7","RPS14"
2.08703653648076e-09,0.664122702166715,0.984,0.933,7.63876242717323e-05,"7","JUNB"
2.11505016094031e-09,1.90666034274886,0.435,0.174,7.74129509405762e-05,"7","SPECC1"
2.14106484358928e-09,0.339544377582853,1,0.973,7.83651143402114e-05,"7","RPLP1"
2.50637108575958e-09,0.392101839497463,1,0.95,9.17356881098864e-05,"7","RPS16"
2.54345569251749e-09,2.86252426096697,0.258,0.067,9.30930218018325e-05,"7","HSPA6"
3.13309052363114e-09,1.33797306650276,0.629,0.33,0.000114674246255423,"7","COX7A1"
3.4215667913049e-09,0.531073521550084,1,0.906,0.000125232766128551,"7","BTF3"
3.51951018749393e-09,1.31464968110253,0.548,0.251,0.000128817592372465,"7","ELL2"
3.93411445126066e-09,1.18134338832552,0.532,0.221,0.000143992523030591,"7","VASP"
4.39415478638064e-09,0.991000860044555,0.581,0.263,0.000160830459336318,"7","ODC1"
4.90518190189206e-09,2.36801164497575,0.258,0.069,0.000179534562791151,"7","SOX5"
5.68218804997904e-09,1.63474362897575,0.645,0.372,0.000207973764817283,"7","EPS8"
5.77573432257794e-09,0.377196268463093,1,0.966,0.000211397651940675,"7","RPL19"
6.38660429843309e-09,0.841529739102424,0.839,0.602,0.000233756103926949,"7","MAFF"
7.48099047628174e-09,0.908844872826743,0.871,0.65,0.000273811732422388,"7","COX7A2"
7.58896405990798e-09,1.34642643580195,0.597,0.315,0.000277763673556692,"7","AXL"
8.7308779292728e-09,0.668558731001692,0.71,0.349,0.000319558863089314,"7","BST2"
8.86407613535763e-09,0.449863051284651,1,0.945,0.000324434050630225,"7","RPL6"
9.06514810138166e-09,1.21114267194435,0.71,0.434,0.00033179348565867,"7","EIF5B"
9.18519645069456e-09,0.386916706439248,1,0.95,0.000336187375291871,"7","RPS3"
9.78891183421931e-09,0.872454983858324,0.984,0.928,0.000358283962044261,"7","JUN"
1.03644789213302e-08,1.71851167682552,0.371,0.138,0.000379350292999607,"7","ARHGAP1"
1.25722348946757e-08,2.00612879193353,0.258,0.072,0.000460156369380025,"7","NTN4"
1.28741329107459e-08,1.09836224192745,0.677,0.381,0.000471206138666211,"7","ILK"
1.77531570725048e-08,1.4572464086326,0.306,0.099,0.000649783302010748,"7","RAP2A"
1.83198522522313e-08,0.61762156171431,1,0.848,0.000670524912283919,"7","CRIP1"
1.86530510299567e-08,1.32653842007287,0.565,0.296,0.000682720320747445,"7","NGRN"
2.23948434607342e-08,0.787675692959331,0.726,0.414,0.000819673665506332,"7","FOSL2"
2.30070526858375e-08,0.699240944662491,0.79,0.464,0.000842081135354338,"7","EIF4A3"
2.47349002446808e-08,0.499577727494133,1,0.902,0.000905322083855561,"7","EEF1G"
2.94715093846993e-08,0.440346119339807,1,0.903,0.00107868671498938,"7","RPL38"
3.04528948136966e-08,1.17830903225619,0.661,0.373,0.00111460640307611,"7","MAT2A"
3.33531309702602e-08,2.06439628391368,0.274,0.083,0.0012207579466425,"7","LRRC8A"
3.45127481855637e-08,0.854790250616118,0.774,0.462,0.00126320109633982,"7","LITAF"
3.47209437690445e-08,0.41002441985728,1,0.948,0.0012708212628908,"7","RPL15"
3.82458193392538e-08,1.82600843001852,0.403,0.172,0.00139983523363603,"7","KLF11"
3.9271144166886e-08,0.599849322400278,0.984,0.843,0.00143736314765219,"7","SNHG29"
4.18434851296228e-08,1.13316674488822,0.597,0.316,0.00153151339922932,"7","WDR1"
4.38355128482378e-08,0.775582025925842,0.548,0.262,0.00160442360575835,"7","ETS2"
4.42906630893441e-08,2.17975585414232,0.306,0.105,0.00162108255973308,"7","ADGRA2"
4.63703055992025e-08,2.08319196635938,0.371,0.142,0.00169719955523641,"7","ADCY3"
5.44555332982137e-08,0.427898670119716,1,0.931,0.00199312697424792,"7","RPL22"
5.49820459259989e-08,1.40779649057109,0.597,0.338,0.00201239786293749,"7","CCNH"
5.75268280404289e-08,0.425126815095173,1,0.933,0.00210553943310774,"7","RPS11"
5.80333787710323e-08,0.478429166249963,1,0.95,0.00212407969639855,"7","RPS19"
5.93560004093742e-08,1.28141088900043,0.645,0.371,0.00217248897098351,"7","CDC42EP4"
5.93575867290969e-08,1.55675664095474,0.435,0.193,0.00217254703187168,"7","CAMK1"
6.18440882904461e-08,1.49301127815088,0.419,0.176,0.00226355547551862,"7","NBEAL1"
6.62238396425429e-08,0.701292585650951,0.839,0.622,0.00242385875475671,"7","HNRNPA3"
7.1494259497451e-08,0.863472794673051,0.806,0.575,0.00261676139186621,"7","NDUFB7"
7.39190520222271e-08,0.351978390957007,1,0.966,0.00270551122306554,"7","RPS18"
7.41578347501568e-08,1.30314874899915,0.484,0.228,0.00271425090969049,"7","RASSF1"
7.84157327337858e-08,0.398462812404135,1,0.951,0.00287009423378929,"7","RPS9"
7.92849828664419e-08,1.4787383584045,0.484,0.232,0.00290190965789464,"7","TNS2"
8.46137327745493e-08,0.351391227726226,1,0.946,0.00309694723328128,"7","RPS13"
9.45295419889691e-08,0.572928409503041,0.919,0.845,0.00345987576633826,"7","NPM1"
9.71765415473359e-08,0.679556198519498,0.919,0.721,0.00355675859717404,"7","IFITM2"
1.15368952612575e-07,1.29412455302702,0.419,0.173,0.00422261903457284,"7","GADD45G"
1.21110018469758e-07,1.88887661705219,0.323,0.115,0.00443274778601161,"7","SMYD4"
1.304498602107e-07,1.03538016756616,0.726,0.481,0.00477459533357185,"7","ROCK1"
1.52557745744135e-07,2.07509024938414,0.258,0.077,0.00558376605198107,"7","CITED4"
1.60420919172468e-07,1.76570378063519,0.339,0.124,0.0058715660626315,"7","GAMT"
1.63065786671012e-07,1.0320839887817,0.71,0.502,0.00596837085794569,"7","TLN1"
1.69985468026466e-07,1.11231907517997,0.355,0.13,0.00622163811523668,"7","N4BP2L1"
1.70438222334363e-07,1.75180120473903,0.323,0.115,0.00623820937566002,"7","SLFN11"
1.83263172356985e-07,1.39842430790424,0.387,0.16,0.00670761537143799,"7","LINC00702"
1.85724770859804e-07,0.663263674739414,0.855,0.517,0.00679771233823969,"7","CAVIN3"
1.92301113077918e-07,0.940262352323475,0.79,0.524,0.00703841303976487,"7","STOM"
1.96120197501117e-07,1.08856158280807,0.774,0.581,0.00717819534873838,"7","TACC1"
2.04372146456617e-07,1.73988307910125,0.29,0.097,0.00748022493245863,"7","MAP9"
2.28125431716476e-07,1.17577939314919,0.548,0.275,0.00834961892625474,"7","DYNLT3"
2.29884103229658e-07,1.37335451875979,0.484,0.235,0.0084139880623087,"7","PICALM"
2.30778807971337e-07,1.97912042466825,0.258,0.079,0.00844673515055891,"7","UBR1"
2.32963628907747e-07,0.991190455867616,0.758,0.557,0.00852670178165246,"7","NSA2"
2.40720191730538e-07,1.59221878669196,0.661,0.408,0.00881059973752943,"7","HCFC1R1"
2.60483172258144e-07,0.947871539246979,0.823,0.599,0.00953394458782033,"7","C4orf3"
2.98486169006708e-07,1.40284712553649,0.532,0.291,0.0109248922718145,"7","COX17"
3.02840909218762e-07,1.4681401098299,0.565,0.317,0.0110842801183159,"7","TUSC1"
3.4040737645991e-07,0.846873720737324,0.79,0.527,0.0124592503858092,"7","EIF3L"
3.55956136280827e-07,1.48881601358173,0.274,0.091,0.0130283505440146,"7","SH3PXD2A"
3.57482882359784e-07,0.452388137154276,1,0.901,0.0130842309772505,"7","GNAS"
3.83498212555088e-07,1.45574424127834,0.371,0.152,0.0140364180777288,"7","SSBP3"
3.86170557759281e-07,0.646110064311821,0.806,0.556,0.0141342285845475,"7","RHOC"
4.43133680083079e-07,1.59382213439529,0.274,0.093,0.0162191358247208,"7","PPP1R1A"
4.52496061931051e-07,1.82388447857257,0.323,0.116,0.0165618083627384,"7","DEPP1"
4.8432957687042e-07,2.24205911387316,0.29,0.102,0.0177269468430342,"7","TP53I11"
5.3961189273016e-07,0.750163651614439,0.548,0.253,0.0197503348858166,"7","FAM107B"
5.4005649868439e-07,0.303350854434911,1,0.966,0.0197666079083474,"7","RPL32"
5.61047383626369e-07,0.825286020274966,0.887,0.738,0.0205348952881087,"7","IER2"
5.65867817688394e-07,1.521840268831,0.565,0.361,0.0207113279952129,"7","MRPL32"
6.671212513293e-07,1.46552332341079,0.387,0.174,0.0244173049199037,"7","TJP1"
7.1424887121223e-07,1.03999684944986,0.597,0.371,0.0261422229352388,"7","CHMP3"
7.51198995368691e-07,1.63189000451914,0.419,0.191,0.0274946344294895,"7","PLK2"
7.94510102895713e-07,1.07485593632793,0.677,0.472,0.029079864276086,"7","CHURC1"
7.96002623090476e-07,1.64321909126594,0.339,0.135,0.0291344920077345,"7","CABIN1"
8.0099203140879e-07,1.3816236527653,0.274,0.091,0.0293171093415931,"7","NRBP2"
8.40402204364071e-07,1.30804047028464,0.516,0.261,0.0307595610819294,"7","FSTL3"
8.4892082597652e-07,0.642253528063796,0.903,0.728,0.0310713511515666,"7","COX6A1"
9.85405993381644e-07,1.70456263803917,0.403,0.191,0.0360668447637616,"7","CTDSPL"
1.05844359977241e-06,0.946948283489444,0.532,0.279,0.0387400941952698,"7","TOB1"
1.0790470641204e-06,0.770268452596566,0.548,0.277,0.0394942015938708,"7","ISG15"
1.15100723087221e-06,1.52962191676219,0.29,0.103,0.0421280156571538,"7","SLMAP"
1.18961580725742e-06,0.361108025974439,0.968,0.835,0.0435411281614287,"7","RPS26"
1.21978543046392e-06,0.710511204396664,0.79,0.564,0.04464536654041,"7","SIVA1"
1.24016930133723e-06,1.51197883969584,0.306,0.115,0.0453914365982438,"7","NMB"
1.24150903022594e-06,1.51389202085491,0.339,0.135,0.0454404720152995,"7","ARHGEF7"
1.2637198339134e-06,1.29442877714023,0.452,0.217,0.0462534096410643,"7","COBLL1"
1.3247646854391e-06,0.470366921547925,0.952,0.811,0.0484877122517566,"7","TUBA1B"
1.33795676342792e-06,0.690993310545961,0.855,0.635,0.0489705554982255,"7","NDUFB8"
1.39056966142431e-06,0.525700560493328,0.952,0.804,0.0508962401777911,"7","SKP1"
1.43468913016601e-06,0.946982459148349,0.613,0.388,0.0525110568532061,"7","SNHG15"
1.44285918528553e-06,0.630929783583815,0.871,0.735,0.0528100890406357,"7","COX6C"
1.5063989884816e-06,1.15042084415827,0.71,0.536,0.0551357093774149,"7","ELOC"
1.79092995403073e-06,2.48506446228364,0.661,0.53,0.0655498272474787,"7","ATP1B3"
1.8256195769829e-06,0.536152605964845,0.887,0.594,0.0668195021371511,"7","MT1X"
1.90113482524623e-06,1.65208908120131,0.371,0.165,0.0695834357388373,"7","CDC42EP1"
1.99624927432977e-06,1.56381160101693,0.387,0.178,0.0730647196897439,"7","OSBPL9"
2.08411956472224e-06,0.621316437305311,0.758,0.486,0.0762808601883987,"7","GADD45A"
2.08999750218811e-06,1.47620426007721,0.468,0.246,0.0764959985775872,"7","BCL6"
2.17725225162062e-06,1.79626826405435,0.516,0.279,0.0796896096615661,"7","PLEKHO1"
2.23010807920633e-06,1.04930602475933,0.5,0.275,0.0816241858070309,"7","CSNK1E"
2.48525475582356e-06,1.59615576131009,0.355,0.152,0.090962809317898,"7","ERF"
2.51256151087083e-06,1.60407840005175,0.29,0.107,0.0919622638593831,"7","MFHAS1"
2.61984604743435e-06,1.07486993422754,0.726,0.548,0.0958889851821445,"7","MIDN"
2.65187164860229e-06,0.864507530142664,0.645,0.416,0.0970611542104923,"7","NDUFV1"
2.97519639080525e-06,0.424595851043964,0.968,0.732,0.108895163099863,"7","EIF4A2"
2.9763063025451e-06,0.476488153849944,0.952,0.769,0.108935786979453,"7","ATF4"
3.11727402221999e-06,1.34384935642151,0.371,0.158,0.114095346487274,"7","SEMA4A"
3.23524878823611e-06,0.885692085768061,0.71,0.492,0.11841334089823,"7","FXYD1"
3.4602134790018e-06,1.70018142200551,0.306,0.123,0.126647273544945,"7","KAZN"
3.67886172153271e-06,0.582178032713331,0.823,0.637,0.134650017869819,"7","UBXN1"
3.74896164439836e-06,1.26216437317527,0.484,0.268,0.137215745146624,"7","RBFOX2"
3.88287293652834e-06,1.77829945217987,0.274,0.103,0.142117032349874,"7","ANTXR1"
3.91046281403188e-06,1.17759104661592,0.419,0.201,0.143126849456381,"7","LARS"
3.91363585538979e-06,0.831979382518424,0.565,0.311,0.143242985943122,"7","SNRPN"
4.06864818784093e-06,1.43538644963179,0.29,0.111,0.148916592323166,"7","EHBP1L1"
4.40156262285152e-06,1.46628460043986,0.306,0.121,0.161101593558988,"7","AC005261.1"
4.44785007649172e-06,0.67144768534207,0.855,0.668,0.162795760649673,"7","COX5B"
4.65878452039046e-06,1.21603021723266,0.274,0.099,0.170516172230811,"7","B3GNT2"
4.66257102690094e-06,1.23338327190539,0.387,0.18,0.170654762155601,"7","TSR2"
4.8218171578687e-06,0.736002294630814,0.468,0.228,0.176483329795152,"7","H2AFX"
4.90217476827913e-06,0.709607595727123,0.71,0.517,0.179424498693785,"7","ANAPC16"
5.12752513977571e-06,0.945968476348903,0.774,0.579,0.187672547640931,"7","HSPD1"
5.394376183305e-06,0.875829030375341,0.452,0.21,0.197439562685146,"7","SEPTIN9"
5.71677101307359e-06,1.42536814162388,0.387,0.186,0.209239535849507,"7","RAB31"
5.81301235507353e-06,1.28889618195746,0.468,0.257,0.212762065208046,"7","RSU1"
5.89899762733938e-06,1.76139945972758,0.323,0.139,0.215909212158249,"7","FMC1"
6.03156343073317e-06,1.12167356106983,0.274,0.101,0.220761253128265,"7","SUSD6"
6.20765383113516e-06,0.499711012599062,1,0.941,0.227206337873378,"7","MT2A"
6.3994086369139e-06,1.32933506344291,0.339,0.148,0.234224755519686,"7","NMD3"
6.54124690673188e-06,0.867757954679916,0.629,0.417,0.239416178033293,"7","DCTN2"
7.022010128844e-06,1.18985803049053,0.323,0.14,0.257012592725819,"7","IRF2BPL"
7.39302404723673e-06,1.02437877986028,0.613,0.378,0.270592073152912,"7","MAFB"
7.63194783223252e-06,0.974190448207874,0.661,0.429,0.279336922607543,"7","RRAS"
9.27918032521346e-06,1.22289481567829,0.613,0.442,0.339627279083138,"7","MIR22HG"
1.0038301306929e-05,1.18906915315456,0.306,0.126,0.367411866134907,"7","FKBP4"
1.06983316857564e-05,1.32642978492458,0.306,0.126,0.391569638030369,"7","CRTC3"
1.08010783168977e-05,0.622013099564004,0.919,0.782,0.395330267476774,"7","GUK1"
1.0941125017129e-05,0.474271576147741,0.871,0.742,0.400456116751938,"7","SRSF3"
1.09744397962011e-05,1.10028635538925,0.532,0.316,0.401675470980758,"7","ST6GALNAC6"
1.11063200097907e-05,1.25519387647783,0.468,0.259,0.406502418678348,"7","TOB2"
1.15211866734196e-05,0.643991642230047,0.79,0.595,0.421686953433832,"7","SSB"
1.22586526156871e-05,0.822419216429805,0.597,0.364,0.448678944386763,"7","MAP4"
1.35378641758334e-05,1.21817439942109,0.339,0.151,0.495499366699677,"7","TLE1"
1.42100921254883e-05,0.543171582030946,0.968,0.625,0.520103581884996,"7","SELENOM"
1.46596211551506e-05,0.573082555159286,0.871,0.71,0.536556793899665,"7","ARL6IP4"
1.6775847868082e-05,1.74713601341799,0.258,0.101,0.614012807819671,"7","GALNT16"
1.72916879265853e-05,0.813806783906428,0.661,0.467,0.632893069800949,"7","EIF4B"
1.75434876234553e-05,1.49232385474216,0.355,0.172,0.642109190506086,"7","INAFM1"
1.93735509881218e-05,0.933468304435849,0.581,0.38,0.709091339716247,"7","TNFSF12"
2.08878606798832e-05,0.503682306983914,0.919,0.79,0.764516588744406,"7","COX7C"
2.25549004086729e-05,0.299744288587306,1,0.931,0.825531909857835,"7","RPL35"
2.27443538087438e-05,1.51353868508915,0.29,0.123,0.832466093753831,"7","SMIM10"
2.33247340146478e-05,0.366313653951986,0.968,0.879,0.853708589670123,"7","HSP90AB1"
2.5261364473321e-05,0.451465845743861,0.935,0.753,0.924591201088023,"7","SOD1"
2.54625208571484e-05,0.681915882109516,0.758,0.611,0.93195372589249,"7","NDUFB10"
2.6183290233834e-05,0.650288723061137,0.71,0.523,0.958334605848558,"7","HNRNPH3"
2.74170280803929e-05,1.49120673360722,0.323,0.149,1,"7","COL5A3"
2.76867004553634e-05,0.832704342447382,0.532,0.337,1,"7","MRPL33"
2.83539030551298e-05,0.647015897570108,0.694,0.48,1,"7","RAD23A"
3.11474566966358e-05,0.73938899305897,0.742,0.571,1,"7","UQCR11"
3.29916805927579e-05,0.725827786987873,0.645,0.415,1,"7","TAF7"
3.35301723320432e-05,0.855991129543483,0.645,0.438,1,"7","ANXA6"
3.47560210258054e-05,1.60395057336064,0.323,0.152,1,"7","TWSG1"
3.50148208054858e-05,0.620092714316892,0.419,0.202,1,"7","PBXIP1"
3.67699572196949e-05,0.760440884074891,0.613,0.402,1,"7","PSMD4"
3.79142233362121e-05,0.993684661861312,0.452,0.264,1,"7","PPP2CB"
3.97774717697378e-05,1.05572572230807,0.5,0.29,1,"7","VGLL4"
4.00110529789665e-05,0.380278858255684,0.984,0.841,1,"7","TOMM7"
4.04990001048538e-05,0.727914828333661,0.677,0.432,1,"7","NDN"
4.13743840043463e-05,0.665078055470235,0.742,0.546,1,"7","SNHG32"
4.23495085297448e-05,1.23598326925736,0.468,0.274,1,"7","PLEKHA3"
4.75921196916727e-05,1.07761567893779,0.371,0.188,1,"7","PPP1R12C"
4.81926278756449e-05,1.51964974355481,0.258,0.104,1,"7","SEPTIN8"
5.39796920110242e-05,0.724830443290566,0.71,0.562,1,"7","CSDE1"
5.51492236915392e-05,1.44840177010047,0.306,0.142,1,"7","PIGK"
5.52966189546107e-05,1.6506089620181,0.258,0.105,1,"7","TCEA3"
5.70519468911755e-05,1.14454429087238,0.419,0.237,1,"7","ENAH"
5.85755608181516e-05,1.02566667201987,0.548,0.355,1,"7","RHOQ"
5.95050690964189e-05,1.31182864417136,0.29,0.127,1,"7","LIX1L"
6.77872050126176e-05,1.2217219489144,0.371,0.196,1,"7","AIG1"
6.80251643009373e-05,1.16254348032423,0.339,0.167,1,"7","HDGFL2"
7.1265470963897e-05,1.18676896218178,0.355,0.174,1,"7","NDUFS1"
7.14588260101202e-05,1.08193156958912,0.484,0.296,1,"7","NSRP1"
7.39369864226248e-05,0.829683506203694,0.532,0.344,1,"7","PPM1G"
7.99427325982754e-05,0.438186919530115,0.919,0.69,1,"7","ELOB"
8.29525460084227e-05,1.56876415262357,0.29,0.131,1,"7","HABP4"
8.88028725942887e-05,0.474589933489988,0.839,0.639,1,"7","NAP1L1"
9.15446898146347e-05,1.00531689331017,0.435,0.248,1,"7","EHD2"
9.28133954332009e-05,0.98858296928922,0.468,0.279,1,"7","SURF1"
9.31695288513275e-05,1.14778810077018,0.258,0.105,1,"7","BCL9L"
9.50152890699344e-05,0.80410226959309,0.645,0.446,1,"7","XRCC5"
9.60680385547452e-05,1.35795489048585,0.29,0.129,1,"7","CHSY1"
9.79252358425848e-05,0.648459563898435,0.661,0.455,1,"7","BAG1"
0.000100673132252269,1.15912382492129,0.258,0.109,1,"7","CD27-AS1"
0.000104683243614593,0.829703876908422,0.742,0.618,1,"7","HSPE1"
0.000118997828688737,0.965328322871251,0.452,0.273,1,"7","PLS3"
0.000120592187881488,0.897703854664365,0.5,0.316,1,"7","PMVK"
0.000126370040656359,1.71343853655116,0.306,0.144,1,"7","MEIS2"
0.000129005238309897,1.0872699331347,0.468,0.289,1,"7","PURA"
0.000131191157092481,0.357411086705859,0.5,0.275,1,"7","ZNF331"
0.000133653160899409,1.20221109599385,0.323,0.156,1,"7","PTPRG"
0.000134945181224382,0.518994372695883,0.694,0.483,1,"7","EIF3D"
0.000138841126020251,0.359688421388392,0.984,0.836,1,"7","MIF"
0.000142373829672114,0.888968992081385,0.516,0.324,1,"7","SLIRP"
0.000160133738205857,1.0330687468263,0.323,0.155,1,"7","MEF2D"
0.000162248888437186,0.926617310220499,0.484,0.289,1,"7","GNA11"
0.000168089038601795,0.669921754135485,0.758,0.559,1,"7","CHMP2A"
0.000172361445890225,0.557638300182818,0.79,0.642,1,"7","SLC25A5"
0.000175688376526508,0.687727913596814,0.645,0.465,1,"7","SYPL1"
0.000176884035293637,0.503683210129395,0.871,0.768,1,"7","PPDPF"
0.000179155917369308,0.587848981649977,0.548,0.336,1,"7","RALBP1"
0.000181589230693901,0.528336751926771,0.5,0.299,1,"7","FABP5"
0.00018761256241733,0.964573942177547,0.435,0.256,1,"7","NME4"
0.000188612932392992,0.583823438008347,0.742,0.577,1,"7","COX7B"
0.000189926544421343,1.12789916624082,0.323,0.161,1,"7","GSK3A"
0.000193364681130748,0.836337678321097,0.581,0.361,1,"7","VASN"
0.000195078845575671,0.720212444332651,0.339,0.166,1,"7","ABTB1"
0.000199745980795009,0.904524231713464,0.435,0.25,1,"7","HDDC2"
0.000201873775994347,0.693600389151422,0.371,0.198,1,"7","SNHG9"
0.000205457842715483,0.454813919779065,0.823,0.679,1,"7","EIF3H"
0.000206131783340138,0.410902052158622,0.984,0.879,1,"7","YBX1"
0.000212688838009833,0.619273152187058,0.694,0.484,1,"7","GHITM"
0.000213464951023134,0.766490207296005,0.419,0.241,1,"7","MARCH2"
0.000237960470168848,1.33318646876746,0.355,0.197,1,"7","MRPL24"
0.000239702691477416,1.22715281756271,0.371,0.204,1,"7","TOR1AIP1"
0.000242272439639441,1.05546358354297,0.435,0.262,1,"7","SSBP2"
0.000246718117758599,1.36678113628922,0.274,0.128,1,"7","AC068888.1"
0.000248794508298446,1.33085001844341,0.258,0.115,1,"7","UNC45A"
0.000252607592977844,0.647980919512089,0.661,0.5,1,"7","KIF5B"
0.000292000115202735,1.04931743106184,0.258,0.119,1,"7","HDAC5"
0.000300036045437162,0.877036869713755,0.661,0.482,1,"7","PDK4"
0.000313349520559243,0.777534629160245,0.5,0.32,1,"7","ASXL1"
0.000316203806074293,1.26732391499264,0.371,0.208,1,"7","CREB3"
0.000317652472459241,1.36678507963238,0.274,0.13,1,"7","ARHGEF12"
0.000321317086714872,1.10651174295331,0.355,0.188,1,"7","HTATSF1"
0.000325802665320312,1.05070851376426,0.452,0.277,1,"7","SENP6"
0.000328981193376951,1.08743656141983,0.371,0.201,1,"7","TINF2"
0.000334762434073206,0.875461458182017,0.565,0.4,1,"7","CAMTA1"
0.000341141135516018,0.775485645069617,0.629,0.481,1,"7","NFIL3"
0.000369193886992984,0.834136723347359,0.403,0.238,1,"7","ATP2B4"
0.000374043866643054,0.932597983882469,0.323,0.163,1,"7","PURB"
0.000375418153794224,0.379200879762768,0.887,0.75,1,"7","ATP5MC2"
0.000397180692654771,0.324351223906696,0.952,0.792,1,"7","GSTP1"
0.000398644917776534,0.896942324885448,0.581,0.44,1,"7","UBE2M"
0.00040264369714538,0.892510090685699,0.516,0.35,1,"7","PTEN"
0.000405876349695883,0.442362645623437,0.903,0.744,1,"7","ZFP36L1"
0.00040921539393862,0.592897376228868,0.532,0.328,1,"7","NEXN"
0.000411688080694374,0.282426205630844,0.613,0.399,1,"7","IFRD1"
0.000413983241114269,0.578138828179866,0.726,0.587,1,"7","EIF4G2"
0.000431057854952997,0.505358275773445,0.71,0.516,1,"7","KTN1"
0.000437746564228341,0.772051517108503,0.516,0.31,1,"7","DDIT4"
0.000464971039969981,0.982792201522553,0.452,0.261,1,"7","CAMK2N1"
0.000473825879196009,1.14630876399862,0.274,0.134,1,"7","CEP63"
0.000475935264410025,0.363578994802665,1,0.892,1,"7","EIF4A1"
0.000476490347308906,1.36232068024618,0.29,0.144,1,"7","LGALSL"
0.00049602529749273,0.799368601671419,0.468,0.286,1,"7","EBNA1BP2"
0.000496189661459935,0.393181624611514,0.79,0.573,1,"7","SET"
0.000530942010718986,1.08521413047123,0.29,0.15,1,"7","DAPK3"
0.000532036148912962,0.512520881883529,0.581,0.385,1,"7","PIN1"
0.000541533867187284,0.689408858363785,0.516,0.339,1,"7","FBL"
0.000558059301219055,0.734981718041644,0.339,0.186,1,"7","SMIM12"
0.000558209214769612,0.864477172367661,0.387,0.223,1,"7","NDUFA7"
0.00056890694989858,0.631953916380166,0.532,0.352,1,"7","DNAJC19"
0.000593328264814735,0.738947838228483,0.435,0.256,1,"7","MYLIP"
0.000624301628217338,0.903225641824418,0.403,0.238,1,"7","OLFML2B"
0.000629547284180002,0.457090408071566,0.774,0.547,1,"7","ATP5IF1"
0.000633657785727255,1.26287518149024,0.258,0.124,1,"7","MTRF1L"
0.000658025350450767,0.383574158327486,0.694,0.471,1,"7","CCT7"
0.000666248233356405,0.709694707296825,0.548,0.376,1,"7","SERPINB6"
0.000679010441616795,0.615978969275021,0.677,0.503,1,"7","DDT"
0.000731636789029021,0.576683842304845,0.645,0.434,1,"7","PDGFRB"
0.000739141843437711,1.48966722729631,0.274,0.136,1,"7","C22orf39"
0.000747851031493729,0.295428392369609,0.435,0.236,1,"7","SYNE2"
0.00074788793715514,0.540851187134205,0.694,0.547,1,"7","PFDN2"
0.000748869798665697,0.448610842308817,0.758,0.597,1,"7","SEM1"
0.000749637482739663,1.98335684615445,0.323,0.176,1,"7","BTBD7"
0.00078426213877353,1.0334289902422,0.306,0.161,1,"7","AKT3"
0.000797731691735486,0.847022652477163,0.677,0.508,1,"7","PA2G4"
0.000808972798694411,0.889190857382157,0.435,0.272,1,"7","NAXE"
0.000809031868445397,1.01750882859686,0.387,0.23,1,"7","POLD2"
0.000835800448408396,0.372787600108227,0.968,0.794,1,"7","SOCS3"
0.000838117837088937,0.87447073600887,0.419,0.261,1,"7","MYO1C"
0.000838369517003549,0.707172277531848,0.355,0.209,1,"7","PINK1"
0.00084016199485166,0.740997652963559,0.629,0.51,1,"7","VDAC1"
0.000855905882363601,1.29807966420407,0.339,0.19,1,"7","BMERB1"
0.000920158657496305,0.33025824523415,0.935,0.802,1,"7","RBM3"
0.00093924114269882,0.303475770064515,0.855,0.685,1,"7","UQCRH"
0.000953992908435046,0.520575462404036,0.645,0.432,1,"7","KLF10"
0.000959360610734022,0.895914116891909,0.468,0.31,1,"7","CLIC4"
0.000968851181307831,0.503951492599346,0.758,0.603,1,"7","ATP5MD"
0.000988861384423067,1.13551997392085,0.29,0.15,1,"7","LTN1"
0.00100950115515531,0.594785449182716,0.532,0.345,1,"7","HSPB6"
0.00104480111660184,0.854020014696666,0.532,0.366,1,"7","ZCRB1"
0.00106649662959338,0.545888528853875,0.726,0.62,1,"7","ATP5F1B"
0.00108685221423469,0.284516190857532,0.823,0.521,1,"7","NTRK2"
0.00112467437046158,0.683753742911852,0.694,0.516,1,"7","LHFPL6"
0.00112984405282679,0.542403527219703,0.613,0.481,1,"7","BRD2"
0.00116883140202513,0.778473533436975,0.484,0.34,1,"7","CTNNA1"
0.00118658247046821,0.292818528967969,0.935,0.611,1,"7","TIMP3"
0.00123098458750819,0.305381184578543,0.919,0.737,1,"7","PEBP1"
0.00123695452774641,0.644578325240742,0.774,0.736,1,"7","BTG2"
0.00124098737415624,0.901241209593091,0.5,0.361,1,"7","EIF2S3"
0.0012647493802218,0.374818734934008,0.871,0.736,1,"7","NDUFS5"
0.00129243632313039,0.449827870059025,0.581,0.411,1,"7","SYF2"
0.00129665092206852,0.677130280150626,0.468,0.309,1,"7","SMIM3"
0.00133380293984108,0.263164275031631,0.823,0.682,1,"7","H2AFZ"
0.00136297400805255,0.75331538712433,0.339,0.182,1,"7","SMOC2"
0.00143807430225071,0.463286223523351,0.661,0.496,1,"7","SNRPF"
0.0014523028414513,0.343411760245327,0.468,0.286,1,"7","PPP1R10"
0.00148180037565678,1.17618459647779,0.371,0.225,1,"7","FAM241A"
0.00148422824504903,0.539768973007917,0.581,0.442,1,"7","PCNP"
0.00149683686754674,0.287169561776868,0.935,0.809,1,"7","DYNLL1"
0.00159731014322655,0.907406163197641,0.419,0.264,1,"7","OSBPL1A"
0.00165222329415915,0.393044271136186,0.565,0.406,1,"7","MAF1"
0.00167987086577899,0.824956927212073,0.5,0.349,1,"7","RBBP7"
0.00169816316639132,0.337323553788216,0.952,0.842,1,"7","EEF2"
0.0017123858660371,0.65095887959682,0.306,0.158,1,"7","EGR3"
0.00177066899382594,0.684491716172592,0.516,0.343,1,"7","PKIG"
0.00177575870756918,0.439396353296449,0.565,0.401,1,"7","ASAH1"
0.00181149879442985,0.439085742438957,0.677,0.55,1,"7","HNRNPM"
0.00182950756701933,0.513185492879605,0.565,0.423,1,"7","NDUFA10"
0.00192377419535546,0.620853232824704,0.323,0.178,1,"7","PCSK7"
0.00195510903899609,1.40758091874882,0.258,0.137,1,"7","ST5"
0.00208123835192313,0.572156829266938,0.613,0.446,1,"7","RAB34"
0.00215298494292295,1.17224502598973,0.274,0.15,1,"7","PRKACA"
0.00220367175827377,1.25205914142991,0.29,0.165,1,"7","R3HCC1"
0.0023409324003319,0.527324497457489,0.516,0.367,1,"7","PABPC4"
0.00237326306546076,1.17422747357084,0.29,0.162,1,"7","GPATCH4"
0.00240788419716334,1.55020894052554,0.258,0.139,1,"7","CAMSAP2"
0.00247824203290207,0.810216530604562,0.419,0.275,1,"7","HYI"
0.00254326464344478,0.588890980947704,0.5,0.342,1,"7","NAA38"
0.00266160403597105,0.882190102580883,0.306,0.18,1,"7","BAG6"
0.00271904049964791,1.31167211237543,0.323,0.189,1,"7","PHF1"
0.00271948433153422,1.01318937688569,0.274,0.147,1,"7","DTNBP1"
0.00281308403570218,0.857630225224893,0.355,0.218,1,"7","SLC25A11"
0.00283200120364513,0.426218664324343,0.468,0.303,1,"7","UTRN"
0.00289631803803165,0.861011139485236,0.371,0.242,1,"7","NOP16"
0.00291924352845111,0.504045975504642,0.774,0.631,1,"7","ATP5PO"
0.00292039400252266,0.372321375978065,0.726,0.551,1,"7","SSBP1"
0.00301991420418046,0.509597931155564,0.258,0.127,1,"7","CBX4"
0.0031501042178301,0.74204631931711,0.355,0.212,1,"7","PBRM1"
0.00317556286887456,0.482107902009496,0.387,0.23,1,"7","TOPORS"
0.00320917571175131,0.358975859224436,0.839,0.77,1,"7","PSMA7"
0.00321604322424103,1.13924224944847,0.258,0.139,1,"7","TASOR2"
0.00321614914230331,0.737711120640998,0.597,0.478,1,"7","ATP5F1A"
0.00323014311501055,1.0671041359265,0.323,0.201,1,"7","YAP1"
0.00328305571846165,0.436115449562107,0.597,0.433,1,"7","RNASEH2C"
0.00330330252649033,0.476943764851563,0.484,0.317,1,"7","NONO"
0.00338903704909138,0.810223587688217,0.452,0.327,1,"7","PRDX3"
0.00339250197369347,0.735882993632537,0.323,0.183,1,"7","SPEN"
0.00342829493589204,0.686479437428529,0.565,0.453,1,"7","CCT3"
0.00375369790263699,0.690219873026971,0.419,0.281,1,"7","DYNC1LI2"
0.00380165291417754,0.916657328499055,0.258,0.136,1,"7","ZSCAN16-AS1"
0.00381170105154658,0.340004755146464,0.613,0.488,1,"7","UBE2S"
0.00396883298751868,1.3117417380235,0.258,0.142,1,"7","PACSIN2"
0.00400072899616465,0.852175240701815,0.371,0.241,1,"7","NT5C3B"
0.00401626046625729,0.613232492912953,0.274,0.15,1,"7","MRPL23"
0.00406996604605165,1.03350572629989,0.258,0.143,1,"7","USP11"
0.00408306049787855,0.882102528605232,0.403,0.276,1,"7","HIGD1A"
0.00416136427186473,0.555152831395126,0.452,0.309,1,"7","DLC1"
0.00425784712509902,0.707996807382805,0.258,0.138,1,"7","CDC34"
0.0043238986533364,0.885810228570625,0.403,0.276,1,"7","CFAP36"
0.0043712334534447,0.473795715604874,0.613,0.452,1,"7","MSN"
0.00444216039648474,0.54637697396335,0.5,0.368,1,"7","NIBAN1"
0.00446866327328305,0.76228021622574,0.29,0.17,1,"7","SCML1"
0.00454871210395346,0.772801551000113,0.274,0.155,1,"7","PLA2G12A"
0.00454951418050469,0.389264389610943,0.855,0.777,1,"7","CCNI"
0.00468167231529261,0.506563230646263,0.661,0.515,1,"7","MDH2"
0.00476541822014426,1.01647440398781,0.323,0.19,1,"7","ARHGAP29"
0.00477305571177196,1.29787910273767,0.306,0.178,1,"7","CTBP2"
0.00487795796133919,1.16409882700455,0.258,0.15,1,"7","HADH"
0.0050092547774939,1.01532336037219,0.355,0.242,1,"7","NDUFS2"
0.00507594051107099,0.496844623439613,0.532,0.391,1,"7","TXNL4A"
0.00518896982126921,0.688031241767445,0.468,0.339,1,"7","BRD4"
0.00523169523910477,0.828917463068868,0.419,0.294,1,"7","ZC3H13"
0.00526341627206639,0.424089150233211,0.774,0.642,1,"7","COX8A"
0.00531689511540605,0.72091846073686,0.5,0.388,1,"7","MLF2"
0.00535723697212202,0.518221678037227,0.661,0.539,1,"7","ST13"
0.00543852131955931,0.25828430837692,0.952,0.79,1,"7","SAP18"
0.00547525525590147,0.705825312232099,0.452,0.319,1,"7","RAB5A"
0.00556925026238007,0.25508730876098,0.581,0.412,1,"7","FAM177A1"
0.0056591065734854,0.433844722882692,0.79,0.657,1,"7","POMP"
0.00569443941028054,0.715792484083587,0.419,0.296,1,"7","TRIM28"
0.00589900339103812,0.290325102421343,0.984,0.862,1,"7","SLC25A6"
0.00593279549979013,0.434920952906145,0.581,0.465,1,"7","BCL7C"
0.00602628350846628,0.421527810868488,0.823,0.734,1,"7","EIF3F"
0.00607174288299094,0.915768236874966,0.419,0.3,1,"7","WBP11"
0.00610376731247778,0.850776604827221,0.355,0.231,1,"7","MRPL52"
0.00610702424242926,0.357579928540601,0.306,0.179,1,"7","WDR82"
0.00614714786687005,0.48803022602547,0.548,0.38,1,"7","SERPINH1"
0.00627699950003063,0.302787816994502,0.919,0.838,1,"7","PPP1R15A"
0.00652323217920746,0.272717529080628,0.774,0.628,1,"7","TRMT112"
0.00672920087476395,0.542109640888946,0.694,0.462,1,"7","COL4A2"
0.00675325140160555,0.414238050246218,0.694,0.562,1,"7","CYSTM1"
0.00681261890058605,0.974600893997064,0.323,0.204,1,"7","ZNF24"
0.00688332651210211,0.387165111842335,0.645,0.454,1,"7","FERMT2"
0.00693454820620475,0.985452277955921,0.339,0.223,1,"7","DHX15"
0.00698510114700472,0.967201807349668,0.339,0.212,1,"7","EPN2"
0.00741647209778059,0.477106159581066,0.79,0.67,1,"7","ZFAND5"
0.00748256970918407,0.378137120661119,0.677,0.537,1,"7","HNRNPR"
0.00757651267454356,0.940576771090372,0.258,0.148,1,"7","AARSD1"
0.0076181359222497,0.341959735868456,0.516,0.371,1,"7","CCT6A"
0.00767406643492752,0.855456989444194,0.339,0.217,1,"7","DGCR6L"
0.00772780283141386,0.455305768355224,0.677,0.548,1,"7","HNRNPD"
0.00784690603540197,0.886140112457507,0.306,0.191,1,"7","STX7"
0.00786978108123641,0.955317230593056,0.387,0.272,1,"7","WBP4"
0.00788857254303357,0.674564111657536,0.435,0.301,1,"7","MAPKAPK2"
0.00800213467707207,0.332766682662247,0.774,0.649,1,"7","ATP6V1G1"
0.00801141867202866,0.768237996006187,0.371,0.243,1,"7","BCL3"
0.00801235179355269,0.25848522294479,0.984,0.942,1,"7","FOS"
0.00805426361827785,0.974809782750418,0.258,0.148,1,"7","GAR1"
0.00822422336631633,0.353317490219291,0.823,0.656,1,"7","VAPA"
0.0082661219850376,0.478846129230517,0.5,0.369,1,"7","NOP56"
0.00829156847373494,0.531446627993325,0.71,0.519,1,"7","FILIP1L"
0.00866092409381502,1.26833375985165,0.274,0.164,1,"7","MINDY2"
0.00891009686865452,1.19997767676948,0.274,0.165,1,"7","MRPL2"
0.00894837684368326,0.397484556281476,0.645,0.529,1,"7","ESD"
0.00915879895279521,0.374757150301351,0.629,0.503,1,"7","UQCRQ"
0.00921526044769263,0.339351049552517,0.629,0.481,1,"7","PPIG"
0.0096529941132166,0.902854648254725,0.274,0.159,1,"7","KIAA2026"
0.00971542775825188,0.447818330162671,0.29,0.172,1,"7","ARC"
0.00976684963192676,0.769789101704151,0.371,0.258,1,"7","ZBTB38"
0.0097688475504071,0.730166121110652,0.323,0.208,1,"7","MCUR1"
0.00988807766694027,0.784291238554807,0.403,0.303,1,"7","ECI1"
0.00990101545714351,0.395552728792881,0.726,0.614,1,"7","PCBP1"
0.00990925361213074,0.395013469963513,0.516,0.387,1,"7","HADHB"
0,7.91155163107772,0.804,0.003,0,"8","ECSCR"
0,12.5130041160838,0.765,0,0,"8","PCAT19"
0,7.41459399272803,0.745,0.003,0,"8","CCL14"
0,7.92611515747947,0.725,0.002,0,"8","CLDN5"
0,8.09940063279527,0.706,0.002,0,"8","VWF"
5.73512091741133e-306,7.37305514628102,0.725,0.004,2.09911160698172e-301,"8","C2CD4B"
4.90153482250346e-303,7.25482616510132,0.667,0.003,1.79401076038449e-298,"8","RAMP3"
3.06513488419719e-289,8.17411238839572,0.627,0.002,1.12187001896502e-284,"8","PLVAP"
7.85681433022562e-238,12.2133543856674,0.471,0.001,2.87567261300588e-233,"8","SOX17"
5.98256009674258e-231,10.4456341468657,0.667,0.008,2.18967682100875e-226,"8","CSF3"
7.03555421485837e-229,8.03437649320096,0.608,0.006,2.57508319818031e-224,"8","ACKR1"
3.29951208731745e-226,7.71633382451779,0.941,0.026,1.20765441907906e-221,"8","TM4SF1"
3.81708302250099e-226,8.11593836758435,0.667,0.008,1.39709055706559e-221,"8","MMRN2"
2.68593698267415e-218,8.0770359066004,0.804,0.017,9.83079795028565e-214,"8","RBP7"
3.04329340991209e-215,10.682505496374,0.412,0,1.11387582096193e-210,"8","DIPK2B"
3.1876768788252e-210,8.39559168465243,0.686,0.011,1.16672161441881e-205,"8","ADGRL4"
5.19263545907945e-210,7.38520599282613,0.608,0.007,1.90055650437767e-205,"8","SELE"
7.81149588789987e-206,8.46946666756679,0.529,0.004,2.85908560993023e-201,"8","TSPAN7"
1.62305740268469e-204,10.4825404459824,0.392,0,5.94055239956624e-200,"8","SELP"
4.0537254124213e-204,11.1880349854054,0.373,0,1.48370403820032e-199,"8","ERG"
2.04063912441506e-199,9.6631382781229,0.431,0.002,7.46894325927158e-195,"8","SOX18"
3.79914669858555e-191,8.01711436987013,0.49,0.004,1.3905256831493e-186,"8","TPD52L1"
7.1326707980093e-187,8.78333065668751,0.471,0.004,2.61062883877938e-182,"8","CYYR1"
2.70648435054343e-186,7.6505601547485,0.549,0.007,9.90600337142402e-182,"8","ADCY4"
4.78337204857882e-177,6.43478429684092,0.882,0.033,1.75076200350033e-172,"8","PECAM1"
2.29314238898025e-176,7.14485268873237,0.451,0.004,8.3931304579066e-172,"8","CDH5"
1.90188943106105e-172,10.8585954227669,0.333,0,6.96110550662654e-168,"8","PTPRB"
5.16869638622707e-172,11.4104686532337,0.314,0,1.89179456432297e-167,"8","DIPK1B"
2.15907962332799e-171,8.66308479869132,0.392,0.002,7.90244732934278e-167,"8","SOX7"
2.22310356532455e-166,5.95417068317598,0.647,0.015,8.13678135944438e-162,"8","EGFL7"
1.63635264811459e-163,6.8546127111415,0.667,0.017,5.98921432736421e-159,"8","ADAMTS9"
3.31951670585912e-163,9.50423220718928,0.333,0.001,1.2149763095115e-158,"8","DOC2B"
8.51963229324083e-162,10.2494059996477,0.314,0,3.11827061564908e-157,"8","TM4SF18"
2.5112167402878e-161,11.806201972348,0.294,0,9.19130439112737e-157,"8","GPIHBP1"
7.43575222270329e-158,9.55359724637277,0.353,0.002,2.72155967103163e-153,"8","ANXA3"
5.13758499475112e-156,5.74408616133653,0.647,0.017,1.88040748392886e-151,"8","ESAM"
1.34046313980369e-153,5.04977355972347,0.863,0.036,4.90622913799549e-149,"8","APOLD1"
1.86987716978532e-152,5.71002827078169,0.314,0.001,6.84393742913125e-148,"8","MYCT1"
2.04268125937562e-144,6.00833334947708,0.745,0.028,7.47641767744069e-140,"8","PALMD"
3.67681552278058e-143,4.70034832509644,0.725,0.025,1.34575124949292e-138,"8","BCAM"
1.27489532756827e-142,5.49512193991502,0.373,0.003,4.66624438843261e-138,"8","RAPGEF3"
1.27294314169595e-140,7.06582040376742,0.451,0.007,4.65909919292134e-136,"8","ROBO4"
5.63139002035434e-140,10.3889503657717,0.255,0,2.06114506134989e-135,"8","RAB3C"
5.63139002035434e-140,10.5188654183374,0.255,0,2.06114506134989e-135,"8","BMX"
4.55498015831541e-137,3.63596801210255,0.765,0.031,1.66716828774502e-132,"8","RNASE1"
1.89514221832216e-132,6.01958389692553,0.529,0.013,6.93641003328094e-128,"8","IGFBP2"
8.03860011119813e-130,9.24503487826806,0.255,0,2.94220802669963e-125,"8","TEK"
8.74740234045687e-117,9.72273107363578,0.275,0.002,3.20163673063062e-112,"8","BTNL9"
3.06045402441247e-114,7.09974812729124,0.431,0.009,1.12015677747521e-109,"8","RASIP1"
1.22940385567138e-113,6.97188967228198,0.314,0.003,4.49974105214281e-109,"8","TIE1"
8.27435954544083e-113,5.4380413225333,0.667,0.03,3.0284983372268e-108,"8","CAVIN2"
3.855494329751e-109,6.43261391610355,0.373,0.006,1.41114947963216e-104,"8","NOSTRIN"
7.68576432449106e-109,7.20116420631054,0.392,0.008,2.81306660040697e-104,"8","SHANK3"
1.00171429585128e-99,5.73639721744067,0.569,0.024,3.66637449424528e-95,"8","CNKSR3"
2.55568317047121e-99,4.63057648848444,0.275,0.003,9.35405597224168e-95,"8","CPLX1"
7.07559591650406e-99,4.96715912520036,0.431,0.012,2.58973886139965e-94,"8","ICA1"
3.84799318492735e-96,5.32600620865477,0.569,0.025,1.40840398561526e-91,"8","FLT1"
1.67255126927631e-95,6.74209338666965,0.294,0.004,6.1217049006782e-91,"8","MET"
5.62833890270789e-95,5.14970190748362,0.431,0.013,2.06002832178012e-90,"8","ITGA6"
8.40124618790706e-92,7.20013213667255,0.294,0.004,3.07494011723586e-87,"8","ADGRF5"
3.1487134939307e-90,7.60697404843844,0.255,0.003,1.15246062591358e-85,"8","PODXL"
1.30232656098681e-89,5.8200811344093,0.686,0.046,4.76664544586783e-85,"8","CLEC14A"
3.23577968590425e-88,4.83372188145307,0.588,0.031,1.18432772283781e-83,"8","CD93"
2.68914532557714e-87,5.95690231281114,0.353,0.008,9.84254080614489e-83,"8","CX3CL1"
1.2854676189808e-84,4.66084172843448,0.373,0.01,4.70494003223163e-80,"8","SCARF1"
5.20723447386176e-84,5.47725016499168,0.647,0.042,1.90589988977814e-79,"8","JAM2"
1.24284212849603e-82,7.12844897827621,0.333,0.008,4.5489264745083e-78,"8","EDN1"
3.82371939786356e-78,6.83181408295707,0.255,0.004,1.39951953681204e-73,"8","ITGB4"
5.09679759466921e-78,5.84764049538068,0.255,0.004,1.86547888762488e-73,"8","PLCB4"
1.45554372287098e-73,2.83573455787829,0.549,0.031,5.32743558008009e-69,"8","TINAGL1"
1.71805730403066e-73,4.51462046350505,0.373,0.013,6.28826153848263e-69,"8","S1PR1"
3.33289025926585e-72,4.21872294877577,0.451,0.021,1.21987116379389e-67,"8","PIK3R3"
8.01765132651192e-72,4.93079436232639,0.353,0.012,2.93454056201663e-67,"8","LRG1"
1.57933004354479e-68,5.06288589686419,0.451,0.023,5.78050589237828e-64,"8","GIMAP4"
3.07862219111062e-68,5.22674908698104,0.333,0.011,1.1268065081684e-63,"8","KANK3"
2.98688755866327e-65,5.26923842345056,0.294,0.008,1.09323071534634e-60,"8","GIMAP6"
7.91023479692394e-65,4.63982037704016,0.647,0.059,2.89522503802213e-60,"8","EVA1C"
2.65224505388758e-64,5.81223848140891,0.275,0.007,9.70748212173391e-60,"8","AL583785.1"
6.72006284644642e-64,5.74794597754175,0.373,0.016,2.45961020242785e-59,"8","MALL"
2.40365951333272e-63,5.07478136188337,0.49,0.031,8.79763418474909e-59,"8","RND1"
1.19532042554919e-62,4.51058999458587,0.863,0.122,4.37499228955257e-58,"8","SPARCL1"
2.89838543612371e-62,4.46332947276525,0.569,0.044,1.06083805347564e-57,"8","FOXC1"
1.27090190817777e-61,5.48682622057858,0.294,0.009,4.65162807412146e-57,"8","LAMA5"
9.32538740728794e-61,5.20448923913051,0.686,0.074,3.41318504494146e-56,"8","AQP1"
3.17854927428884e-58,5.50950534870046,0.431,0.026,1.16338081988246e-53,"8","TRIM16"
1.22693362817114e-53,4.26446003747933,0.431,0.029,4.49069977246918e-49,"8","SHB"
1.51177829343615e-53,4.97739666372266,0.412,0.026,5.53325973180566e-49,"8","MCTP1"
1.63791917368529e-53,3.61467943749635,0.392,0.022,5.99494796760554e-49,"8","IL3RA"
3.67770803013502e-52,4.87740676589503,0.353,0.019,1.34607791610972e-47,"8","CFI"
1.11026454835485e-51,4.52909713852515,0.882,0.177,4.0636792734336e-47,"8","NPDC1"
2.54048476625583e-51,5.14859832593649,0.392,0.024,9.29842829297297e-47,"8","ANKRD29"
7.7374203250972e-51,4.69202648477268,0.667,0.085,2.83197321318883e-46,"8","LMO2"
2.59666267388053e-49,5.01948665879554,0.294,0.013,9.50404505267013e-45,"8","TSPAN13"
6.10070104377098e-49,4.85086500449502,0.745,0.113,2.23291758903061e-44,"8","EPAS1"
1.55364327479112e-47,2.47032587755592,0.745,0.099,5.68648975006297e-43,"8","HLA-DRB5"
1.81846514403362e-47,4.8252000148017,0.588,0.066,6.65576427367745e-43,"8","THBD"
1.01769385772642e-46,4.00317402899122,0.392,0.026,3.72486128866446e-42,"8","GIMAP1"
3.08893815266615e-46,3.65107416173112,0.412,0.03,1.13058225325734e-41,"8","RALGAPA2"
9.0873447514659e-46,4.38495406147775,0.294,0.014,3.32605905248403e-41,"8","GIMAP5"
2.03668085679388e-44,3.93187037082986,0.647,0.09,7.45445560395128e-40,"8","EMCN"
2.91323911249377e-41,4.95287528522695,0.294,0.017,1.06627464756384e-36,"8","EFNA1"
5.06632904141207e-41,5.43054289438465,0.627,0.091,1.85432709244723e-36,"8","SLC9A3R2"
6.38621517826675e-38,4.89904009031511,0.255,0.013,2.33741861739741e-33,"8","TMEM255B"
1.22426639162968e-37,3.65464866352486,0.569,0.075,4.48093742000377e-33,"8","CDC42EP3"
1.77324562525126e-37,4.05627845658115,0.922,0.321,6.49025631298213e-33,"8","IFI27"
3.15593626706045e-36,2.95033745679443,0.353,0.027,1.1551042331068e-31,"8","ADGRG1"
4.18169145172483e-36,4.86042901935358,0.392,0.037,1.5305408882458e-31,"8","ZNF385D"
1.07740952864483e-35,3.87705125394067,0.471,0.052,3.94342661579293e-31,"8","GIMAP7"
2.62791755502244e-35,4.29970683455478,0.686,0.138,9.61844104313762e-31,"8","RCAN1"
3.17717981085723e-35,3.45859842068702,0.647,0.109,1.16287958257185e-30,"8","NEDD9"
1.49672324621832e-34,3.84634830523028,0.627,0.112,5.47815675348366e-30,"8","PRXL2A"
3.35683121689893e-34,4.62110420068439,0.275,0.018,1.22863379369718e-29,"8","PLEKHG1"
6.3795502226443e-34,5.12185923319068,0.588,0.099,2.33497917699004e-29,"8","HYAL2"
3.33140381219269e-31,3.79656618116658,0.529,0.084,1.21932710930065e-26,"8","SOCS2"
6.42551387491103e-31,3.58745234623124,0.431,0.053,2.35180233335619e-26,"8","TNFAIP1"
1.97855192107657e-30,4.6317138753544,0.529,0.085,7.24169788633234e-26,"8","VCAM1"
2.32863925287232e-30,3.69830084716563,0.745,0.205,8.52305252943798e-26,"8","NRN1"
2.86530891456242e-30,2.88528209105063,0.882,0.292,1.04873171581899e-25,"8","FABP5"
8.7945255683902e-30,3.42408217379409,0.608,0.119,3.2188843032865e-25,"8","SNCG"
1.53597633049472e-29,5.13680318581295,0.255,0.018,5.62182696724372e-25,"8","DAB2IP"
1.72181245436126e-29,4.26909347704393,0.49,0.075,6.30200576420764e-25,"8","MTUS1"
2.30845253013427e-29,3.90591134921474,0.725,0.194,8.44916710554443e-25,"8","ENG"
3.38139208090941e-29,3.8603600402288,0.451,0.061,1.23762331553365e-24,"8","HAPLN3"
6.99936988978367e-29,3.73635052423485,0.784,0.237,2.56183937335972e-24,"8","PNP"
9.03359436176641e-29,2.87486647082676,0.804,0.238,3.30638587235012e-24,"8","CRIP2"
3.34562565608801e-28,3.64045125496987,0.882,0.408,1.22453244638477e-23,"8","PDLIM1"
6.29816930738304e-28,3.59057944221538,0.882,0.364,2.30519294819527e-23,"8","FABP4"
6.58867028114602e-28,4.08803699088339,0.314,0.03,2.41151920960226e-23,"8","CALCRL"
5.61504062177414e-27,3.52090923621988,0.667,0.158,2.05516101797555e-22,"8","A2M"
9.15443053188709e-27,3.44725457452966,0.647,0.154,3.35061311897599e-22,"8","LMCD1"
1.85880440337409e-26,5.84996991484209,0.392,0.05,6.8034099967895e-22,"8","ANGPT2"
3.38719004658764e-26,3.48738403018749,0.294,0.028,1.23974542895154e-21,"8","EFNB2"
4.83158467048446e-26,2.97971058847397,0.784,0.259,1.76840830524402e-21,"8","ETS2"
7.27160093148567e-26,3.18059405143506,0.882,0.463,2.66147865693307e-21,"8","GNG11"
8.1931704956317e-26,4.11231978548632,0.373,0.048,2.99878233310616e-21,"8","SEMA6A"
4.77938878416028e-25,2.99441778094907,0.863,0.347,1.74930408889051e-20,"8","BST2"
6.39010433084618e-25,4.24594527014178,0.314,0.034,2.33884208613301e-20,"8","PKP4"
2.17895348714474e-24,4.44256105133776,0.51,0.095,7.97518765829846e-20,"8","ICAM2"
6.30029951970992e-24,0.925982314826106,0.843,0.242,2.30597262720903e-19,"8","HLA-DPA1"
7.66042199369146e-24,4.74099993656708,0.333,0.041,2.80379105391101e-19,"8","FAM107A"
9.59139855312824e-24,2.57143689793908,0.49,0.083,3.51054778443047e-19,"8","NRARP"
1.67534638898706e-23,2.6894428379429,0.745,0.253,6.13193531833153e-19,"8","PALM2-AKAP2"
2.61057351103691e-23,3.42492349305458,0.392,0.057,9.55496010774621e-19,"8","IFI44L"
5.50274374934948e-23,3.07109316089641,0.686,0.205,2.0140592396994e-18,"8","MGST2"
5.75690038798242e-23,3.29798135958644,0.353,0.048,2.10708311100545e-18,"8","SSH1"
5.76564117667316e-23,4.04909943093401,0.412,0.065,2.11028232707414e-18,"8","MAST4"
1.21610691846846e-22,3.39644081998562,0.275,0.029,4.45107293228641e-18,"8","IPO11"
1.3612041661879e-22,0.503945660820934,0.843,0.25,4.98214336866432e-18,"8","HLA-DRA"
1.71073381473787e-22,1.38016889434792,0.804,0.239,6.26145683532208e-18,"8","HLA-DRB1"
2.60029030079408e-22,3.53226102570967,0.745,0.25,9.51732252993643e-18,"8","ADAMTS1"
4.60101147167872e-22,3.22516395732113,0.294,0.033,1.68401620874913e-17,"8","EXOC6"
1.51416089531512e-21,2.72567401264465,0.745,0.27,5.54198029294288e-17,"8","CAV2"
3.58226249982222e-21,1.77459702542176,0.961,0.881,1.31114389755993e-16,"8","HLA-E"
7.03456957409569e-21,4.37503677735504,0.275,0.031,2.57472280981476e-16,"8","TMTC1"
9.65013196634427e-21,3.69700006627276,0.588,0.157,3.53204480100167e-16,"8","ADAMTS4"
1.02148937265943e-20,3.95671887810403,0.353,0.053,3.73875325287079e-16,"8","VWA1"
1.28558450133476e-20,3.05404205120576,0.275,0.031,4.70536783333534e-16,"8","TRIB2"
2.61774046349686e-20,2.75666633882113,0.373,0.058,9.58119187044486e-16,"8","LTC4S"
5.15782133006555e-20,2.80708586005995,0.471,0.091,1.88781418501729e-15,"8","SYNGR2"
2.00688405658918e-19,1.30994317348832,0.843,0.309,7.34539633552205e-15,"8","CD74"
3.47459234290619e-19,3.48882069276231,0.412,0.075,1.27173554342709e-14,"8","CPXM2"
3.81548323521807e-19,2.19058888272856,0.902,0.522,1.39650501892217e-14,"8","STOM"
5.23832902788149e-19,2.85607778301519,0.373,0.063,1.9172808074949e-14,"8","MMP28"
6.0453409986704e-19,2.75262701432036,0.431,0.084,2.21265525892335e-14,"8","KIAA0355"
7.06843004789154e-19,1.45703556151948,0.98,0.707,2.58711608182878e-14,"8","IFITM3"
8.5184141363545e-19,2.00021281016741,0.902,0.463,3.11782475804711e-14,"8","RAMP2"
1.58278930685492e-18,1.93585663832787,0.804,0.324,5.7931671420197e-14,"8","GRASP"
2.00631774223766e-18,2.07960207926599,0.804,0.294,7.34332356836406e-14,"8","HLA-F"
3.38002839722697e-18,3.69015826776253,0.314,0.048,1.23712419366904e-13,"8","PREX2"
4.24041010457712e-18,4.16464750065304,0.255,0.031,1.55203250237627e-13,"8","PIK3C2B"
7.53839095377738e-18,3.60399968238787,0.431,0.094,2.75912647299206e-13,"8","FAM89A"
8.00138973228881e-18,1.4169677609297,0.98,0.838,2.92858865591503e-13,"8","MYL12A"
1.03420003720943e-17,3.30723290548266,0.353,0.06,3.78527555619025e-13,"8","FNBP1L"
1.16748816877214e-17,2.63832021271303,0.667,0.255,4.27312344652289e-13,"8","NECTIN2"
1.58748339847398e-17,2.125485000264,0.784,0.378,5.81034798675461e-13,"8","FLOT1"
1.67292835523216e-17,0.707679461514664,0.588,0.138,6.12308507298524e-13,"8","HLA-DQB1"
1.79324561660386e-17,1.27094859159611,0.98,0.919,6.56345828133178e-13,"8","HLA-A"
1.97855808133717e-17,2.60378155599966,0.392,0.069,7.24172043350218e-13,"8","OCIAD2"
2.86433874615286e-17,3.00858758020255,0.373,0.066,1.04837662447941e-12,"8","B3GNT5"
5.30117277823877e-17,3.38023675309602,0.725,0.333,1.94028224856317e-12,"8","IL6"
6.93001091064818e-17,2.81467962434166,0.529,0.142,2.53645329340634e-12,"8","SLC25A25"
7.61035576247459e-17,2.98928708223457,0.294,0.044,2.78546631262333e-12,"8","PARP12"
1.42983793575829e-16,1.47517329836522,1,0.875,5.2333498286689e-12,"8","HLA-B"
2.65578449969049e-16,2.86672218495536,0.275,0.039,9.72043684731717e-12,"8","FLI1"
3.26796828015848e-16,2.88082218797446,0.451,0.108,1.19610907022081e-11,"8","CSRP2"
3.46232680486208e-16,2.70799426483302,0.255,0.034,1.26724623384757e-11,"8","NOTCH1"
4.11764662176804e-16,3.30630877443818,0.451,0.113,1.50709984003332e-11,"8","ADAM15"
5.7407383013436e-16,2.00736298856694,0.275,0.038,2.10116762567477e-11,"8","MCAM"
1.26177416558687e-15,1.31736707491917,0.961,0.72,4.61821962346448e-11,"8","YBX3"
1.85549638571846e-15,1.21384236793562,1,0.882,6.79130232136812e-11,"8","HLA-C"
2.07844565196324e-15,1.09083460823353,1,0.97,7.60731893075064e-11,"8","B2M"
3.49693856829755e-15,1.62121361961961,0.922,0.642,1.27991448538259e-10,"8","CD59"
4.80503738188725e-15,2.86988382565099,0.588,0.215,1.75869173214455e-10,"8","DUSP23"
5.01949357962812e-15,3.20462676994846,0.412,0.099,1.83718484507969e-10,"8","LIMS2"
5.88411559062647e-15,2.00763945933623,0.745,0.339,2.1536451473252e-10,"8","CD36"
1.92992593250252e-14,2.88524399748463,0.588,0.218,7.06372190555248e-10,"8","SWAP70"
2.21718223836151e-14,2.60823909312842,0.412,0.098,8.11510871062695e-10,"8","RPGR"
5.75161427374501e-14,2.88403537771314,0.49,0.147,2.10514834033341e-09,"8","PON2"
5.94191222467026e-14,2.50969821157825,0.725,0.352,2.17479929335156e-09,"8","RDX"
6.44695298038655e-14,3.47045068549323,0.373,0.087,2.35964926035128e-09,"8","IFIT3"
6.44732510072304e-14,1.49235475608335,0.922,0.58,2.35978546011564e-09,"8","CAV1"
8.01740288938912e-14,3.19281551003842,0.392,0.092,2.93444963154531e-09,"8","RHOJ"
8.52695589588147e-14,3.3400209822633,0.353,0.078,3.12095112745158e-09,"8","TCN2"
9.15124186680954e-14,1.55919915289055,0.882,0.581,3.34944603567096e-09,"8","ADIRF"
1.06803793334271e-13,2.48872081992682,0.392,0.093,3.90912563982766e-09,"8","CRIM1"
1.1782485891356e-13,1.63017746369619,0.863,0.634,4.3125076610952e-09,"8","IGFBP7"
1.23677706156458e-13,2.6344108987278,0.725,0.417,4.52672772303251e-09,"8","ICAM1"
1.31101181590716e-13,2.24389835278116,0.686,0.335,4.79843434740181e-09,"8","MRPL33"
1.31944931853499e-13,2.44455548922656,0.294,0.053,4.82931645076991e-09,"8","ITPR1"
1.39516076330598e-13,2.47241951867279,0.667,0.315,5.1064279097762e-09,"8","UGCG"
1.65311306589839e-13,2.37537306607451,0.392,0.094,6.05055913249469e-09,"8","CMIP"
1.90592880978351e-13,2.72551057176183,0.569,0.216,6.97589003668864e-09,"8","GJA1"
2.1702488706292e-13,1.22131326446558,0.98,0.795,7.94332789138992e-09,"8","SOCS3"
2.98011736061018e-13,1.92984116673143,0.549,0.176,1.09075275515693e-08,"8","PITPNC1"
3.53774322659253e-13,2.53491000368368,0.392,0.093,1.29484939836513e-08,"8","FAM43A"
5.35079822299304e-13,2.32687191512813,0.667,0.305,1.95844565759768e-08,"8","DLC1"
1.07443860133146e-12,1.85095837959946,0.49,0.135,3.93255272473329e-08,"8","STX11"
1.21591189041139e-12,3.2715340484596,0.353,0.083,4.45035911009473e-08,"8","RIPOR1"
1.34531512364774e-12,2.36432804537021,0.608,0.247,4.92398788406308e-08,"8","HDGFL3"
1.48806289928145e-12,2.68376187822621,0.275,0.05,5.44645901766004e-08,"8","FGD5"
1.50077115035966e-12,2.33006052997127,0.765,0.42,5.49297248743138e-08,"8","TSC22D1"
1.51162636127129e-12,2.48430052280324,0.608,0.26,5.53270364488904e-08,"8","PDLIM5"
1.62030895107777e-12,2.26218770916197,0.569,0.223,5.93049279183976e-08,"8","ELK3"
2.04917627531032e-12,3.38632248403382,0.294,0.059,7.5001900852633e-08,"8","PLAT"
2.31988572266889e-12,2.3847065778962,0.49,0.159,8.49101373354041e-08,"8","TAP1"
2.58620297155313e-12,4.45348607200406,0.333,0.079,9.46576149618162e-08,"8","OLFM1"
2.72244922738155e-12,2.81811821288596,0.314,0.065,9.96443641713921e-08,"8","BCR"
2.98350703150514e-12,2.17763196596679,0.647,0.29,1.0919934086012e-07,"8","TNFSF10"
3.06385667504803e-12,2.2510474677247,0.647,0.308,1.12140218163433e-07,"8","ARPC5L"
3.50633317477162e-12,2.15769478915563,0.314,0.063,1.28335300529816e-07,"8","PRKCH"
4.196726526323e-12,3.33986302436682,0.314,0.068,1.53604387589948e-07,"8","NXN"
4.56432638757692e-12,1.59662264531505,0.686,0.319,1.67058910111703e-07,"8","PSMB9"
4.8331176790959e-12,2.61707274143771,0.431,0.13,1.76896940172589e-07,"8","KLF7"
4.94914024521291e-12,1.4491015134345,0.863,0.626,1.81143482115038e-07,"8","FKBP1A"
4.96392426693594e-12,2.2965343609011,0.51,0.178,1.81684592094122e-07,"8","CD320"
7.36509379486744e-12,1.57070174721869,0.706,0.333,2.69569797985943e-07,"8","MYH9"
7.44234077583115e-12,1.86391699002849,0.765,0.49,2.72397114736196e-07,"8","CDC37"
7.74084782477987e-12,1.54583292783191,0.529,0.171,2.83322771234768e-07,"8","HLA-DMA"
8.91858364741502e-12,2.61432898479942,0.51,0.193,3.26429080079037e-07,"8","ECE1"
9.67387434035037e-12,2.77038521774114,0.275,0.052,3.54073474731164e-07,"8","ADRB2"
1.06877212001254e-11,2.33418715512066,0.627,0.282,3.91181283645789e-07,"8","LAP3"
1.29048392854182e-11,1.777738643893,0.804,0.644,4.72330022685592e-07,"8","SELENOW"
1.58397594404931e-11,3.03416670792659,0.314,0.072,5.79751035281487e-07,"8","PDIA5"
1.83648740341849e-11,1.52502077449875,0.843,0.591,6.72172754525203e-07,"8","CCDC85B"
1.91655882789572e-11,1.73845339102595,0.725,0.362,7.01479696598113e-07,"8","S100A16"
3.0997910963642e-11,1.69271079408637,0.667,0.325,1.13455453918026e-06,"8","ARID5A"
3.18609255315239e-11,3.0365035962038,0.471,0.159,1.1661417353793e-06,"8","HES1"
3.40510582215544e-11,3.06656249433515,0.627,0.303,1.24630278196711e-06,"8","TMEM70"
3.44629784193445e-11,1.50574531690194,0.843,0.556,1.26137947312643e-06,"8","RHOC"
4.83613697392041e-11,2.55562356801403,0.549,0.227,1.77007449382461e-06,"8","DUSP6"
6.34468610221506e-11,1.84646461754896,0.549,0.206,2.32221856027174e-06,"8","RALGDS"
9.14466802482133e-11,2.37171885589561,0.373,0.105,3.34703994376486e-06,"8","MX1"
1.11474529789094e-10,2.66054211335815,0.431,0.149,4.08007926481064e-06,"8","SPHK1"
1.60374951295765e-10,2.09776121917744,0.412,0.126,5.86988359237631e-06,"8","XAF1"
1.8075509596963e-10,2.48404885379886,0.451,0.151,6.61581726758442e-06,"8","LDB2"
1.83542948833034e-10,1.37394786050764,0.588,0.235,6.71785547023787e-06,"8","CTSH"
1.85558075070717e-10,2.37872680199653,0.294,0.066,6.7916111056633e-06,"8","TFPI2"
1.90104215598672e-10,2.14533183678514,0.471,0.174,6.95800439512701e-06,"8","TJP1"
1.90480696136025e-10,1.98007379529997,0.784,0.442,6.97178395927466e-06,"8","IER3"
2.12943414843539e-10,3.10443332405972,0.255,0.053,7.79394192668839e-06,"8","TNFRSF10D"
2.60515095969275e-10,1.61430469873963,0.588,0.234,9.53511302757143e-06,"8","SYNE2"
3.09114641569996e-10,3.10258889906377,0.392,0.124,1.13139049961034e-05,"8","WWTR1"
3.24913437258932e-10,1.91150817225557,0.745,0.488,1.18921567171142e-05,"8","GADD45A"
3.38563036146016e-10,3.18744407992059,0.294,0.071,1.23917456859803e-05,"8","NUDT14"
3.8301049420436e-10,4.02419509888902,0.275,0.063,1.40185670983738e-05,"8","MED24"
4.32292188820404e-10,1.40798058222083,0.824,0.646,1.58223264030156e-05,"8","GNAI2"
5.1694465683061e-10,2.26947141780916,0.392,0.121,1.89206913846572e-05,"8","CPNE8"
5.68609665144758e-10,1.92364068298399,0.569,0.262,2.08116823539633e-05,"8","RAB13"
6.98311754911437e-10,2.57178449489632,0.333,0.09,2.55589085415135e-05,"8","FRYL"
8.77715209062011e-10,1.70117046785903,0.647,0.339,3.21252543668787e-05,"8","PLSCR1"
1.13023201219471e-09,1.7544936156659,0.647,0.359,4.13676218783387e-05,"8","RAB11A"
1.18091233782948e-09,2.11671192145597,0.333,0.088,4.32225724768969e-05,"8","CARD8"
1.39636330006114e-09,2.90572764520715,0.373,0.118,5.11082931455376e-05,"8","LIFR"
1.42822066574225e-09,3.30751874472413,0.255,0.059,5.22743045868322e-05,"8","GMDS"
1.72897453010979e-09,2.55513300412891,0.333,0.092,6.32821967765483e-05,"8","FLNB"
2.21184326551132e-09,2.16643010279343,0.588,0.291,8.09556753609799e-05,"8","COX17"
2.2873670290943e-09,1.36046911437921,0.784,0.581,8.37199206318803e-05,"8","HSPB1"
2.71944425816463e-09,1.09459668378872,0.882,0.65,9.95343792930835e-05,"8","CDKN1A"
2.8369296986453e-09,2.39013890218659,0.314,0.083,0.000103834463900117,"8","STIM2"
3.73698841440026e-09,2.57697453032343,0.294,0.075,0.000136777512955464,"8","HPCAL1"
4.12628532503501e-09,1.63045478112683,0.667,0.385,0.000151026169181606,"8","PSMB8"
5.16617652881996e-09,2.7963855595151,0.412,0.15,0.000189087227131339,"8","BMPR2"
5.35253247614339e-09,2.20264747919796,0.275,0.067,0.000195908041159324,"8","C21orf91"
5.55097828224105e-09,1.07223462161887,0.922,0.763,0.000203171356108305,"8","RAC1"
6.00919202941228e-09,1.39763819871248,0.451,0.157,0.000219942437468519,"8","CYTH1"
6.84652311681265e-09,2.04224160898848,0.49,0.196,0.00025058959259846,"8","IFITM1"
6.88442952685285e-09,1.11498725702355,0.922,0.87,0.000251977005112341,"8","SRP14"
7.12420410436236e-09,2.34915982778545,0.314,0.086,0.000260752994423767,"8","KIAA0040"
9.22617673992856e-09,2.59685249602577,0.255,0.061,0.000337687294858125,"8","MAP3K11"
1.49630248296622e-08,1.41648504940984,0.745,0.483,0.000547661671790466,"8","NFKBIZ"
1.55003438112274e-08,1.3721286748771,0.686,0.454,0.000567328083834736,"8","VAMP5"
1.57675820147215e-08,2.2681328600008,0.431,0.164,0.000577109269320822,"8","SHC1"
1.58611900738663e-08,2.16216476282106,0.255,0.061,0.00058053541789358,"8","CMTM8"
1.61098581370099e-08,1.1201615624826,0.569,0.218,0.0005896369176727,"8","GMFG"
1.62579626689975e-08,3.62045543589432,0.294,0.082,0.000595057691647978,"8","INHBB"
2.10500366110602e-08,1.556039756941,0.627,0.37,0.000770452390001413,"8","POLE4"
2.24960487685968e-08,2.25970272608362,0.569,0.327,0.000823377880979413,"8","MGLL"
2.95115662635444e-08,2.23826954381888,0.314,0.093,0.00108015283681199,"8","HOXD8"
3.43867084186507e-08,2.03620998340321,0.314,0.09,0.00125858791483103,"8","CARD16"
3.46860537642082e-08,2.61697289558792,0.529,0.229,0.00126954425382379,"8","ID1"
3.47045752302241e-08,0.645776408202206,1,0.962,0.00127022215800143,"8","TMSB10"
3.51633746557172e-08,1.97930463780415,0.392,0.136,0.0012870146757739,"8","KBTBD2"
3.74261390269754e-08,1.89711182681905,0.373,0.124,0.00136983411452633,"8","RAB27A"
5.30457550730161e-08,2.24746135396284,0.49,0.223,0.00194152768142746,"8","FAM241A"
6.10494746059266e-08,0.721387165113595,0.98,0.827,0.00223447182005152,"8","TAGLN2"
6.53188572180495e-08,2.0872218256558,0.412,0.156,0.00239073549303783,"8","MDK"
6.56594780890331e-08,0.511018871018617,1,0.956,0.0024032025575367,"8","RPL3"
7.23432015894221e-08,1.79890797523283,0.627,0.349,0.00264783352137444,"8","SPRY1"
7.24626305119962e-08,2.10824145749904,0.471,0.218,0.00265220473936957,"8","ITPKC"
7.83442125789404e-08,1.18098288107641,0.804,0.568,0.0028674765246018,"8","TPM4"
8.76308043500056e-08,0.901167185019882,0.961,0.864,0.00320737507001455,"8","GADD45B"
1.13781399878483e-07,2.13201778795659,0.392,0.148,0.00416451301695236,"8","INPP1"
1.18313822147944e-07,2.27238431437179,0.431,0.185,0.0043304042044369,"8","YPEL2"
1.40608989259311e-07,2.01918050805753,0.569,0.335,0.00514642961588003,"8","NCOA7"
1.49283508492477e-07,1.74469194838455,0.608,0.396,0.00546392569433316,"8","NDRG1"
1.49994192449091e-07,1.66987274701056,0.294,0.083,0.00548993743782919,"8","MGAT4A"
1.510168423014e-07,3.23557643196626,0.51,0.258,0.00552736744507354,"8","AKAP12"
1.52079968828685e-07,1.94214456670402,0.529,0.247,0.0055662789390987,"8","SEC14L1"
1.60041848101913e-07,0.920720188162849,0.902,0.722,0.00585769168237811,"8","IFITM2"
1.60411942550876e-07,2.67984077221795,0.275,0.081,0.0058712375093046,"8","BCAR1"
1.65881557937271e-07,1.67210077631214,0.431,0.17,0.00607143090206206,"8","EHD4"
2.20727855161887e-07,2.78468136428994,0.314,0.104,0.00807886022678021,"8","SPTLC2"
2.42245632924604e-07,1.12018161492237,0.608,0.295,0.00886643241067343,"8","ETS1"
2.74009015066619e-07,0.832662454154137,0.863,0.619,0.0100290039604533,"8","PTMS"
2.86487101238592e-07,1.63508347828093,0.412,0.152,0.0104857143924337,"8","SEC11C"
3.22178261242246e-07,1.71107738819739,0.471,0.228,0.0117920465397275,"8","ASAP1"
3.23531090622075e-07,1.71024000121628,0.765,0.537,0.0118415614478586,"8","TCF4"
3.34157701349476e-07,1.33782420589691,0.647,0.397,0.0122305060270922,"8","SNHG7"
4.08629344827438e-07,2.07284198646108,0.373,0.149,0.0149562426500291,"8","RELL1"
5.28842808881531e-07,1.46499614216813,0.686,0.537,0.0193561756478729,"8","ELOC"
8.97519630071794e-07,2.00293151526527,0.333,0.117,0.0328501159802577,"8","PIK3C2A"
9.64433795576419e-07,0.9968748493552,0.804,0.751,0.0352992413518925,"8","SDCBP"
1.08856543019842e-06,1.99782863206352,0.255,0.073,0.0398425833106923,"8","SVIP"
1.10629510792525e-06,2.2269773510134,0.314,0.108,0.0404915072451721,"8","NRP2"
1.1114964857681e-06,2.96603991209369,0.275,0.09,0.0406818828755981,"8","TSPAN6"
1.17688869814819e-06,0.880515529890189,0.843,0.643,0.0430753032409219,"8","TPM3"
1.2047917977604e-06,2.1814622765027,0.431,0.185,0.0440965845898284,"8","SP110"
1.28723252861564e-06,2.1736274968488,0.294,0.099,0.0471139977798612,"8","TAP2"
1.35399916216373e-06,2.32933918342462,0.275,0.088,0.0495577233343548,"8","GCA"
1.48751697226966e-06,2.48401958971993,0.353,0.137,0.0544446087020419,"8","CRYBG3"
1.52330161752284e-06,0.59948555579428,0.961,0.839,0.0557543625029535,"8","MYL12B"
1.53908811262538e-06,1.81757630739406,0.333,0.119,0.0563321640102017,"8","ETV6"
1.57344883121781e-06,1.80492905798918,0.588,0.343,0.0575898006714032,"8","ACTN4"
1.59033930996155e-06,2.31743000407664,0.412,0.189,0.0582080090839027,"8","ARHGAP29"
2.01274547543708e-06,2.37864682206296,0.314,0.116,0.0736684971464725,"8","BCL2L1"
2.17318583131846e-06,0.639235987771225,0.941,0.836,0.079540774612087,"8","RPS26"
2.4208832070358e-06,2.29992154631199,0.412,0.184,0.0886067462607173,"8","G0S2"
2.57103192496303e-06,1.9910890681652,0.373,0.158,0.094102339485572,"8","ITSN2"
2.75394600965409e-06,2.36736268903676,0.275,0.092,0.100797177899349,"8","TBC1D1"
2.91057046034047e-06,0.421026376380702,1,0.956,0.106529789418921,"8","RPL34"
3.34325765832576e-06,1.914034546737,0.706,0.482,0.122366573552381,"8","CCL2"
3.94620410839955e-06,2.10509367558216,0.275,0.091,0.144435016571532,"8","CEP68"
4.16643827366466e-06,0.366824400288662,0.98,0.965,0.1524958072544,"8","EIF1"
4.65129644456206e-06,2.75975489384986,0.314,0.118,0.170242101167416,"8","FCHO2"
4.76551667051307e-06,2.58247059332837,0.412,0.195,0.174422675657449,"8","KCTD12"
4.82177007510177e-06,2.07054978701776,0.255,0.082,0.1764816065188,"8","TMEM204"
4.86936250992452e-06,2.19734014972803,0.333,0.132,0.178223537225747,"8","GULP1"
4.89985673172373e-06,0.449908379774935,1,0.952,0.17933965623782,"8","RPS6"
5.21744502377142e-06,1.12467526202947,0.451,0.208,0.190963705315058,"8","CTSC"
5.56420386845029e-06,1.33423787964855,0.804,0.581,0.203655425789149,"8","TACC1"
6.00353647604324e-06,1.38316058456998,0.49,0.244,0.219735438559659,"8","DUSP5"
6.46307500684142e-06,2.42328322383381,0.255,0.082,0.236555008325403,"8","AL121603.2"
7.16714479064536e-06,1.70065711856276,0.412,0.185,0.262324666482411,"8","PARP14"
7.6051208969595e-06,1.04725279839163,0.725,0.603,0.278355029949615,"8","IFI16"
7.76050363779826e-06,2.70967046273952,0.255,0.086,0.284042193647054,"8","ITPRID2"
7.95638285581634e-06,1.65604184656673,0.549,0.312,0.291211568905734,"8","LDLR"
8.15333672430433e-06,1.72895602973021,0.353,0.151,0.298420277446263,"8","CLIC2"
8.38113439153824e-06,1.5561341836252,0.353,0.139,0.306757899864691,"8","PTPRE"
8.42268185507066e-06,1.72032772381988,0.275,0.095,0.308278578577441,"8","LYSMD2"
8.60839036278196e-06,0.929716105434065,0.706,0.385,0.315075695668183,"8","XIST"
8.77687663040685e-06,1.85713857640376,0.333,0.133,0.321242461549521,"8","STMN1"
8.84558758880644e-06,1.22085958578593,0.549,0.319,0.323757351337905,"8","LUZP1"
9.03009084754531e-06,1.83645751188268,0.275,0.096,0.330510355111006,"8","TPST2"
9.15301788221902e-06,1.00920550352506,0.784,0.622,0.335009607507099,"8","FIS1"
9.18893390552371e-06,2.32922554092178,0.294,0.114,0.336324169876073,"8","LRMDA"
9.82546815984112e-06,2.9623652949602,0.275,0.101,0.359621960118345,"8","VEGFC"
1.0123421753261e-05,1.88840113794487,0.51,0.279,0.370527359591106,"8","SASH1"
1.0158990331704e-05,2.17298911492105,0.294,0.11,0.3718292051307,"8","IL33"
1.05795385120585e-05,0.767982111200094,0.667,0.468,0.387221689079852,"8","EIF4B"
1.0840569002144e-05,1.2703933507494,0.686,0.501,0.396775666047471,"8","ARL6IP1"
1.09629650363049e-05,2.30374529006654,0.314,0.129,0.401255483293795,"8","BACE2"
1.13757816730127e-05,1.53241268571966,0.431,0.218,0.416364985013938,"8","PEF1"
1.14746219461643e-05,1.63282416933508,0.549,0.321,0.419982637851558,"8","ID3"
1.15906502186609e-05,0.590820048696411,0.882,0.846,0.424229388653209,"8","SNHG29"
1.19956249619716e-05,2.1670957844914,0.333,0.138,0.439051869233123,"8","MEF2C"
1.25294067876867e-05,1.38652245127435,0.627,0.453,0.45858881783612,"8","MSN"
1.28709707066932e-05,0.394811798950257,0.98,0.955,0.471090398835678,"8","RPL26"
1.3937085936223e-05,2.17976199434524,0.275,0.098,0.510111282351698,"8","CCDC69"
1.43367731621105e-05,1.33202517667872,0.275,0.096,0.524740234506407,"8","GASK1B"
1.45616498853949e-05,1.34414085862179,0.471,0.24,0.53297094745534,"8","IRF9"
1.58809463742593e-05,1.28919239081346,0.667,0.469,0.581258518244265,"8","APP"
1.74294475399606e-05,1.57649519837313,0.353,0.157,0.637935209410098,"8","PRPSAP1"
2.09576979148911e-05,0.987209237122072,0.745,0.611,0.767072701382931,"8","SNU13"
2.15404473771816e-05,0.930347375021215,0.706,0.659,0.788401914452222,"8","POMP"
2.26842635291891e-05,1.82758184692956,0.353,0.155,0.830266729431852,"8","GBP1"
2.31782307451868e-05,1.95223163969955,0.51,0.322,0.848346423504581,"8","UPP1"
2.6167453830468e-05,0.444822194521734,0.961,0.945,0.957754977648959,"8","RPS28"
2.63483563908138e-05,1.96970273610188,0.412,0.21,0.964376192260175,"8","AFDN"
2.81412144724419e-05,1.15052356076291,0.902,0.915,1,"8","NFKBIA"
3.05880029685785e-05,1.17086487731197,0.667,0.504,1,"8","CAPNS1"
3.72390440599382e-05,1.9041889535449,0.275,0.107,1,"8","RGL2"
3.90596643677804e-05,1.59902643104844,0.49,0.279,1,"8","ISG15"
3.95463236126847e-05,1.63549775302715,0.471,0.259,1,"8","HSD17B12"
3.98431926983826e-05,2.33012945392451,0.294,0.122,1,"8","RHOU"
4.03106946201817e-05,2.59818293033734,0.255,0.093,1,"8","NOL12"
4.50010083649876e-05,3.25735203974535,0.294,0.118,1,"8","DEPP1"
4.52886835985748e-05,1.3539023956097,0.706,0.525,1,"8","IL6ST"
4.90945565406598e-05,1.04348484747376,0.608,0.427,1,"8","CFLAR"
4.91143939357927e-05,1.12580156153179,0.804,0.62,1,"8","RHOB"
5.44374500708599e-05,1.44395425911113,0.451,0.234,1,"8","TNS2"
5.91243974335896e-05,2.40736585697335,0.255,0.091,1,"8","ECRG4"
5.92523635489524e-05,1.18938275300355,0.529,0.324,1,"8","CCDC50"
6.12057723596785e-05,1.24943076753871,0.471,0.268,1,"8","FEZ2"
7.08485199734479e-05,1.67406872910181,0.275,0.107,1,"8","APOL1"
7.32008690049603e-05,1.00656772894594,0.667,0.495,1,"8","CAPZA2"
7.40870141681207e-05,1.25902989019597,0.49,0.28,1,"8","ABLIM1"
8.20231737859714e-05,1.44636875249374,0.627,0.396,1,"8","TSHZ2"
8.28013035287952e-05,1.02311023550251,0.686,0.55,1,"8","MIDN"
8.77513707663836e-05,0.894610245140753,0.725,0.614,1,"8","SLC2A3"
8.8013198731803e-05,1.33049012973645,0.431,0.231,1,"8","RBM22"
9.87781718981466e-05,0.75307486944016,0.765,0.605,1,"8","MAFF"
0.000112864714673717,1.68363801727291,0.451,0.277,1,"8","SAV1"
0.00011514393052691,0.658915296679577,0.863,0.757,1,"8","UQCRB"
0.000116511344727034,0.510260452009721,0.863,0.817,1,"8","NOP53"
0.000121721885202864,1.09996459752924,0.686,0.56,1,"8","NSA2"
0.000123691493534934,1.12483062705956,0.686,0.605,1,"8","MAP1LC3B"
0.000127164419591662,1.88403275890313,0.275,0.113,1,"8","PIBF1"
0.000131204008372485,1.73401614451364,0.392,0.214,1,"8","CD40"
0.000133300283614007,0.493667855910007,0.843,0.756,1,"8","TRIR"
0.00015216878028651,1.37999843452998,0.49,0.308,1,"8","GBP2"
0.000158233388586419,1.37103616040566,0.471,0.281,1,"8","PTPN12"
0.00015951974560096,1.31363469880008,0.588,0.399,1,"8","TGFBR2"
0.000162147553624451,1.34285892494336,0.392,0.193,1,"8","NFKBIB"
0.000164755043517072,0.376499462698319,0.49,0.245,1,"8","RILPL2"
0.000168394726153672,0.464864643688024,0.941,0.9,1,"8","DDX5"
0.000168507244013037,0.359661892491943,0.98,0.94,1,"8","NACA"
0.000180277070062358,0.718480794275204,0.824,0.579,1,"8","CAVIN1"
0.000182092846084188,0.989331587822354,0.49,0.296,1,"8","BNIP2"
0.000208245425862406,0.988152581991347,0.647,0.484,1,"8","EIF3D"
0.000213352568136532,1.50939655156574,0.588,0.467,1,"8","LITAF"
0.000216024838369546,1.27122116598554,0.549,0.39,1,"8","CHMP5"
0.000219056891321579,0.311382784196518,0.961,0.955,1,"8","RPL8"
0.000220900653231064,1.37367772169316,0.647,0.508,1,"8","ATP1A1"
0.000229060355582267,0.906166333746171,0.725,0.506,1,"8","EMP2"
0.000231135839315738,1.59797882858183,0.333,0.162,1,"8","ZSCAN18"
0.000231141093386291,0.628592787191957,0.824,0.784,1,"8","GUK1"
0.000231943264361936,1.60523470985504,0.392,0.197,1,"8","ARRDC3"
0.000233546657280318,1.18148541328728,0.627,0.452,1,"8","CCT3"
0.000244487595542362,2.40790891281197,0.255,0.107,1,"8","CTTNBP2NL"
0.000247791288300002,1.69567145188884,0.275,0.116,1,"8","SLC41A3"
0.00025303939169348,0.942330984857436,0.667,0.547,1,"8","CD151"
0.000260030572397209,1.09506989998708,0.765,0.711,1,"8","ATF3"
0.000287288235673467,1.54414837605909,0.353,0.176,1,"8","ZNRF1"
0.000316244084755267,0.33810113269755,0.98,0.979,1,"8","TPT1"
0.000327173346633651,1.04808455282927,0.647,0.491,1,"8","SPTBN1"
0.000337122241610118,1.95831300112487,0.373,0.198,1,"8","UACA"
0.000347231642049759,0.252734567682574,1,0.966,1,"8","RPL32"
0.000360632281300192,2.35509174317718,0.294,0.134,1,"8","NPR1"
0.000364701298259029,1.34202812985693,0.471,0.31,1,"8","CLIC4"
0.000380708210880263,1.72463866149072,0.392,0.22,1,"8","PPFIBP1"
0.000382812934833354,1.03373000011417,0.627,0.472,1,"8","EIF2S2"
0.000383235883590115,0.353979088241918,0.373,0.172,1,"8","PMAIP1"
0.000410959955783033,0.437615500578277,0.902,0.894,1,"8","EIF4A1"
0.000419144874600347,0.79891537408919,0.725,0.611,1,"8","GABARAPL2"
0.000433144691558236,1.28920549733057,0.451,0.268,1,"8","SEPTIN10"
0.000439334056873699,0.725512269303835,0.765,0.56,1,"8","LEPROT"
0.000504054194637943,1.00360617375845,0.549,0.406,1,"8","TMEM173"
0.000506751782060537,1.27967318469121,0.51,0.342,1,"8","NBDY"
0.000533036438814197,1.60624664587121,0.451,0.294,1,"8","IFI6"
0.000555534592741406,0.688415249859097,0.765,0.676,1,"8","ARGLU1"
0.000568391500661737,0.937277513730474,0.667,0.549,1,"8","HNRNPD"
0.000583004705498806,1.21077683264326,0.51,0.355,1,"8","HSD17B11"
0.000590244118640748,1.95401466684239,0.529,0.363,1,"8","PLPP1"
0.000605834623543247,0.761564793288205,0.549,0.369,1,"8","BAZ1A"
0.00061430122898887,1.38697546970845,0.49,0.317,1,"8","ACTN1"
0.000659032392540123,1.16909709916863,0.529,0.344,1,"8","PKIG"
0.000678984138102283,2.15162456748036,0.255,0.113,1,"8","CD2AP"
0.000679628174919087,0.91555417533285,0.706,0.606,1,"8","ENY2"
0.00071824715040993,0.401866725860402,0.882,0.611,1,"8","NNMT"
0.000729873922993986,1.72581071799131,0.275,0.129,1,"8","AC068888.1"
0.000794981637738065,1.38901199160899,0.431,0.276,1,"8","HNRNPH2"
0.000862649299027012,1.35125342795239,0.588,0.466,1,"8","TFPI"
0.000901331851324313,0.838639256256909,0.667,0.543,1,"8","PSMA6"
0.000954750838489044,0.332690712752589,0.902,0.853,1,"8","BTG1"
0.000969128821740022,1.5901528771406,0.255,0.117,1,"8","ABCD4"
0.00100290882539999,0.860612951503898,0.569,0.385,1,"8","CD34"
0.00100735473923179,0.816273160697251,0.725,0.625,1,"8","HNRNPA3"
0.00104272228495468,0.463381275205783,0.98,0.942,1,"8","MT2A"
0.00106903189120748,1.91982649304158,0.255,0.118,1,"8","YJU2"
0.00111154410725126,0.489291754712404,0.725,0.598,1,"8","FXYD5"
0.00113166219485229,0.487174884206235,0.843,0.792,1,"8","SRSF5"
0.00114194613379809,1.77075641344212,0.314,0.164,1,"8","ORMDL2"
0.00116358244245194,1.30472679786032,0.392,0.233,1,"8","ZFYVE21"
0.00118270900297085,1.37841959597594,0.392,0.234,1,"8","MPRIP"
0.0013350524571862,1.32373622602935,0.451,0.287,1,"8","COL15A1"
0.00135710237779724,0.434221761660412,0.922,0.915,1,"8","GAPDH"
0.00138298229983153,0.705443314905288,0.706,0.562,1,"8","CYSTM1"
0.00142004417551053,0.586386012539207,0.745,0.685,1,"8","SERBP1"
0.00147308764790218,0.710516865993804,0.706,0.653,1,"8","FCGRT"
0.00149491935468125,1.96630262591012,0.549,0.459,1,"8","SERPINB1"
0.001526443831912,1.12652505281052,0.255,0.118,1,"8","MAP3K3"
0.00153232482310003,0.495660468303815,0.941,0.913,1,"8","MYL6"
0.00154401828255512,2.01455032478886,0.294,0.153,1,"8","MSRA"
0.00158843793259933,0.724262793613428,0.275,0.126,1,"8","MYLK"
0.0015949268139191,0.905762190831655,0.529,0.387,1,"8","HADHB"
0.0017011235193036,0.755598349523413,0.608,0.468,1,"8","PSMA3"
0.00170620564774788,1.85302870631832,0.314,0.168,1,"8","MLXIP"
0.00182098119581575,0.76846944657462,0.863,0.818,1,"8","SAT1"
0.00182651612364455,0.902280777162052,0.569,0.419,1,"8","FOSL2"
0.00192280057655968,0.710006794015491,0.275,0.122,1,"8","ORAI1"
0.00196186767988876,0.92983995461386,0.608,0.509,1,"8","TMEM219"
0.00199693759755952,0.267837801803133,1,0.966,1,"8","RPS18"
0.00202042597870973,0.719483070793379,0.902,0.738,1,"8","IER2"
0.00202291488320071,1.32246951774665,0.333,0.184,1,"8","DHRS7B"
0.00204182848814796,1.26140721060335,0.549,0.418,1,"8","TAF7"
0.00205629536324514,1.49274152639306,0.353,0.201,1,"8","ZC3H12A"
0.00210850013713602,0.742522363019968,0.608,0.449,1,"8","PLAAT3"
0.0021804313920751,1.1512175749403,0.51,0.361,1,"8","DNTTIP2"
0.00221352834289775,1.17657646370644,0.431,0.29,1,"8","VAMP3"
0.0022508761250227,1.51316208102788,0.314,0.174,1,"8","ZNF524"
0.00228718549194964,0.768794858129151,0.647,0.551,1,"8","LAMTOR5"
0.00228853763965419,1.44175768932084,0.353,0.217,1,"8","ZNF787"
0.00230475957881395,0.684975714254124,0.451,0.268,1,"8","NFKB2"
0.0023238556782067,1.18571714242709,0.451,0.304,1,"8","CEMIP2"
0.0023347774064536,1.08359581921738,0.275,0.142,1,"8","IRF2BPL"
0.00233495769495136,1.25726185392236,0.294,0.151,1,"8","PPP2R5A"
0.00239639867832805,1.53381575931324,0.471,0.345,1,"8","SRSF4"
0.0024291410342357,1.59403020209275,0.275,0.138,1,"8","STARD3NL"
0.00250373230358476,1.46283605298159,0.255,0.121,1,"8","TRIM56"
0.00271129879960725,0.254661950040758,1,0.939,1,"8","RPL24"
0.00271751211531193,0.790715159899483,0.49,0.313,1,"8","MARCKSL1"
0.00299955412491749,1.19916709319562,0.392,0.243,1,"8","SCOC"
0.00301827827031922,0.77329016612482,0.451,0.292,1,"8","VGLL4"
0.00315708975967884,0.981067625775949,0.471,0.317,1,"8","TMEM205"
0.00320365926402972,0.756800402220584,0.569,0.404,1,"8","AKR1C3"
0.00323490471483149,0.783155458733935,0.569,0.467,1,"8","SYPL1"
0.0032757828694478,1.61885478990068,0.255,0.125,1,"8","BABAM2"
0.0032822399529094,0.517344441308634,0.745,0.624,1,"8","YWHAE"
0.00330231334343503,0.547683997838178,0.863,0.698,1,"8","EMP1"
0.00340138876978288,1.15490058931643,0.49,0.375,1,"8","NDUFC1"
0.00354052355726003,0.385020383393577,0.941,0.88,1,"8","HSP90AB1"
0.00357239052946768,1.65429955980729,0.294,0.156,1,"8","SLFN5"
0.0036055283004004,1.15968003821052,0.255,0.121,1,"8","GCH1"
0.0038086565352557,0.49708313350549,0.745,0.702,1,"8","DDX3X"
0.00392222249460387,1.53405556518281,0.255,0.128,1,"8","SRPK1"
0.00397670494955657,0.591820614081999,0.706,0.583,1,"8","PRDX2"
0.00408263786148782,0.793610681374334,0.314,0.177,1,"8","IRF7"
0.00423941011582101,0.711543954882997,0.627,0.551,1,"8","HNRNPM"
0.00430917501206937,1.25017342897823,0.588,0.472,1,"8","CXCL2"
0.00435043777417054,0.783301936984823,0.49,0.333,1,"8","NBL1"
0.00454469846527128,0.95111646376446,0.608,0.519,1,"8","KTN1"
0.00456205634819418,2.37080486197992,0.255,0.14,1,"8","CAMSAP2"
0.00458598678665191,1.18277259746415,0.706,0.596,1,"8","HSPA1A"
0.00461751675974732,0.539150545759104,0.608,0.445,1,"8","KDM6B"
0.00462398746038054,0.831231254274441,0.412,0.238,1,"8","NINJ1"
0.00477259034699844,0.822395379150416,0.529,0.404,1,"8","CNN3"
0.00487491899292538,1.41573212416574,0.333,0.208,1,"8","DCAF13"
0.00507485321555774,1.08938380360284,0.412,0.287,1,"8","GRPEL1"
0.00516002098414777,0.984358701179937,0.549,0.413,1,"8","FAM177A1"
0.00523247921571033,0.952256073508068,0.471,0.333,1,"8","NANS"
0.00528861267475161,0.939937632131141,0.49,0.33,1,"8","AHR"
0.00547974813191037,0.875228501417657,0.588,0.474,1,"8","CHURC1"
0.00551940616138409,0.675142870231916,0.824,0.736,1,"8","COX6C"
0.00558506983913953,0.685699069147313,0.745,0.621,1,"8","MRFAP1"
0.00572691184207236,0.329019520382655,0.863,0.845,1,"8","TOMM7"
0.00579711498628987,1.20713735154089,0.353,0.218,1,"8","WBP2"
0.00594455476797206,0.938237908878167,0.412,0.273,1,"8","INSIG1"
0.00598329990237079,0.279876536420891,1,0.953,1,"8","PTMA"
0.00602638931249345,0.68122266358365,0.686,0.652,1,"8","GNG5"
0.00606720144421485,0.7847477800561,0.529,0.44,1,"8","NASP"
0.006100041682106,1.45939324394063,0.255,0.131,1,"8","HTATIP2"
0.00613291611432903,1.04025096251711,0.431,0.285,1,"8","PFDN1"
0.00643207875753566,0.700196756999341,0.647,0.562,1,"8","CHMP2A"
0.00676043152969905,1.31053322204445,0.275,0.154,1,"8","PLPBP"
0.0068288869541333,0.971335139092364,0.529,0.418,1,"8","TPR"
0.00685267184749054,0.685599633731745,0.431,0.285,1,"8","CSRP1"
0.00686050837504122,1.22416340910825,0.373,0.233,1,"8","MRPS18C"
0.00691819812886033,1.1935921380105,0.529,0.409,1,"8","ARL4A"
0.00703606095113154,0.664775825504953,0.863,0.784,1,"8","CEBPD"
0.00728750916571848,1.27732524020816,0.294,0.175,1,"8","KLF11"
0.00741545915830138,0.412383839480486,0.098,0.279,1,"8","SEC13"
0.00776048567455231,1.31357422127299,0.255,0.138,1,"8","TIFA"
0.00811774555569933,0.437563743919942,0.392,0.231,1,"8","H2AFX"
0.00838795273793694,1.26288216993165,0.392,0.268,1,"8","TSSC4"
0.00852951204747814,2.13948750079657,0.373,0.244,1,"8","NRP1"
0.00868866888574778,0.997044389256177,0.529,0.438,1,"8","NOP10"
0.00874432192503235,2.00142503064284,0.275,0.161,1,"8","LRRC32"
0.00890279582249998,0.673346662073054,0.627,0.582,1,"8","HNRNPF"
0.00890535300311066,0.282328727269513,0.961,0.907,1,"8","BTF3"
0.00899938393484904,1.65707341287088,0.294,0.177,1,"8","CBR3"
0.00908848464360265,0.569969390138299,0.627,0.49,1,"8","LIMS1"
0.00913584089691255,1.09652473977649,0.51,0.416,1,"8","BCAP31"
0.00920911585675689,0.820350625984413,0.51,0.395,1,"8","C1orf43"
0.00921882213354254,0.981864632577619,0.49,0.392,1,"8","TCEAL9"
0.00929440459953668,1.1629734539009,0.353,0.214,1,"8","GNAQ"
0.0093220504061532,1.4782199074202,0.314,0.189,1,"8","FNIP2"
0.00939445031446628,0.549515542681403,0.745,0.73,1,"8","UBE2D3"
0.00941798680425958,1.20268575616276,0.353,0.221,1,"8","EXOSC8"
0.00945140727537769,0.904332835435133,0.471,0.341,1,"8","LSM2"
0.00951932856825979,0.760727390712092,0.588,0.501,1,"8","HMGN3"
0.00952314108611429,1.32291734921092,0.373,0.259,1,"8","NDUFA8"
0.00959659766353613,0.323871948680938,0.902,0.836,1,"8","ATP5F1E"
1.75331960147603e-295,9.78843817333145,0.611,0.001,6.41732507336242e-291,"9","CLEC9A"
1.94594069394107e-218,7.29853607488611,0.722,0.008,7.12233753389372e-214,"9","IDO1"
1.36708661708694e-180,6.69570628173986,0.722,0.012,5.00367372719989e-176,"9","WDFY4"
4.40278976990414e-159,6.78071866599552,0.667,0.012,1.61146508368262e-154,"9","TACSTD2"
1.86609380087466e-154,5.74851008118955,0.417,0.003,6.83008992058134e-150,"9","CLNK"
8.57029348766943e-148,6.61258568313633,0.611,0.011,3.13681311942189e-143,"9","S100B"
7.26058758412286e-144,5.04853687704772,0.583,0.01,2.65744766166481e-139,"9","RUBCNL"
5.92795993292874e-142,4.83310013117042,0.306,0.001,2.16969261505125e-137,"9","XCR1"
4.25919043257615e-139,9.47862612676469,0.278,0,1.5589062902272e-134,"9","PPY"
2.94433796890712e-117,7.39999509967584,0.278,0.001,1.07765713999969e-112,"9","IDO2"
6.2859924702035e-114,5.12727669669244,0.639,0.018,2.30073610401918e-109,"9","KLHL6"
5.50701559143923e-113,5.12105551528925,0.806,0.033,2.01562277662267e-108,"9","DAPP1"
8.48826935490678e-111,4.64627518564192,0.944,0.05,3.10679146658943e-106,"9","LGALS2"
2.10358371196062e-105,4.55756529753574,0.806,0.036,7.69932674414707e-101,"9","TSPAN33"
3.00676886003255e-104,7.36038668191297,0.333,0.004,1.10050747046051e-99,"9","BCL2L14"
1.18287584429309e-102,5.3670229406877,0.5,0.012,4.32944387769713e-98,"9","HOMER2"
3.8407007300064e-101,5.85644896729956,0.278,0.002,1.40573487418964e-96,"9","BIK"
1.19893761680877e-99,4.72489483084828,0.556,0.016,4.38823157128179e-95,"9","FLT3"
5.63529997717941e-99,4.30941032309171,0.639,0.022,2.06257614464744e-94,"9","MCOLN2"
7.57889419290162e-98,5.48177704672158,0.611,0.021,2.77395106354392e-93,"9","GPR157"
9.51064534153137e-95,5.00715698041967,0.389,0.007,3.4809913014539e-90,"9","CCSER1"
4.4698944637097e-94,4.0864137643968,0.889,0.051,1.63602607266239e-89,"9","ST8SIA4"
2.08016237951771e-91,5.61469296816826,0.306,0.004,7.61360232527277e-87,"9","FRY-AS1"
6.27125796722144e-91,4.45273473806793,0.389,0.007,2.29534312858272e-86,"9","FUT7"
1.28294214528601e-89,3.88565267416194,0.833,0.045,4.69569654596133e-85,"9","CFP"
4.14343953649708e-85,4.27068873207984,0.5,0.015,1.5165403047533e-80,"9","APOBEC3A"
1.13803397137374e-84,3.80690038558977,0.75,0.039,4.16531813862501e-80,"9","CIITA"
1.40886565384554e-83,5.12537482144358,0.389,0.008,5.15658917964007e-79,"9","HLA-DOB"
1.87677609334346e-83,5.36792902477897,0.389,0.008,6.8691881792464e-79,"9","UPK3A"
1.27874626729079e-80,4.79260768924447,0.528,0.019,4.68033921291101e-76,"9","CADM1"
7.76034768599113e-80,3.57660894659746,0.694,0.035,2.84036485654961e-75,"9","PKIB"
9.42376945709522e-80,3.82617993800086,0.75,0.042,3.44919385899142e-75,"9","MIR181A1HG"
1.42177573766046e-77,4.5549279755067,0.556,0.022,5.20384137741104e-73,"9","CYP2S1"
4.83399518842984e-77,6.78205562291846,0.25,0.003,1.76929057891721e-72,"9","LAD1"
4.44674997662671e-76,3.9033917141198,0.694,0.038,1.62755495894514e-71,"9","C15orf48"
3.46774721064906e-73,6.70324619732984,0.306,0.006,1.26923015656966e-68,"9","LAMP3"
8.14555978756751e-72,4.23241908387465,0.778,0.053,2.98135633784759e-67,"9","CSF2RA"
2.78216919342313e-70,4.28818888537684,0.417,0.013,1.0183017464848e-65,"9","APOBR"
3.96870488576383e-70,4.21285737391774,0.472,0.017,1.45258567523842e-65,"9","AP1S3"
6.94599306412807e-70,3.23347382600675,0.861,0.064,2.54230292140152e-65,"9","SPI1"
4.26413951148828e-69,3.33907533251959,0.944,0.085,1.56071770259983e-64,"9","LGALS9"
2.01531165014438e-68,3.30355751751678,0.528,0.022,7.37624217069343e-64,"9","SLAMF7"
1.45431997988417e-67,5.63009656300295,0.306,0.006,5.32295655837405e-63,"9","PPM1J"
3.75530929074958e-67,3.9981324366587,0.583,0.029,1.37448075350725e-62,"9","RAMP1"
3.77807756522319e-67,2.83426011447994,0.972,0.09,1.38281416964734e-62,"9","LYZ"
5.00246542335009e-67,4.68664962447013,0.306,0.006,1.83095236960037e-62,"9","SLC9A7"
1.89296336964345e-65,3.75132165756846,0.361,0.01,6.928435229232e-61,"9","SEMA7A"
2.00293497241839e-64,3.81588487472026,1,0.11,7.33094229254856e-60,"9","HLA-DQA1"
5.90551307227326e-64,3.13670987013981,0.944,0.087,2.16147683958274e-59,"9","SYNGR2"
1.20276932223567e-62,4.54769697298434,0.333,0.009,4.40225599631478e-58,"9","CD80"
2.04372649850502e-62,4.00960800855921,0.639,0.04,7.48024335717823e-58,"9","FRY"
5.92171151571003e-61,4.96093952497923,0.25,0.004,2.16740563186503e-56,"9","PADI2"
3.03276255509455e-59,3.47573202557301,0.861,0.08,1.11002142279016e-54,"9","NRARP"
6.29670050217475e-59,4.0673398747359,0.917,0.098,2.30465535080098e-54,"9","DUSP4"
9.67756587512113e-59,3.65785769506839,0.361,0.012,3.54208588595309e-54,"9","CLECL1"
3.54875703816672e-58,2.46045769566244,0.722,0.052,1.2988805635394e-53,"9","CD86"
1.14181645345021e-57,2.7030528067777,0.889,0.086,4.1791624012731e-53,"9","IRF8"
1.29737183907096e-57,3.62594311672537,0.472,0.022,4.74851066818363e-53,"9","ICOSLG"
1.23757249926606e-56,3.42569027515369,0.75,0.06,4.52963910456369e-52,"9","NET1"
3.90080871880343e-56,3.74376431736641,0.972,0.12,1.42773499916924e-51,"9","RAB11FIP1"
4.56289366935609e-56,4.37410791193204,0.333,0.01,1.67006471192102e-51,"9","SLC7A11"
3.41480613825968e-55,4.57676580535396,0.278,0.007,1.24985319466442e-50,"9","SIGLEC10"
1.60489894188901e-54,1.90111912657529,1,0.11,5.87409061720798e-50,"9","IFI30"
8.0574077908399e-54,3.58370659638343,0.722,0.06,2.94909182552531e-49,"9","SPINT2"
1.80381008041992e-53,2.87511253080173,0.889,0.094,6.60212527534496e-49,"9","PLEK"
2.03045015889508e-53,2.75291097647395,0.75,0.063,7.43165062657189e-49,"9","RHOF"
2.96181323325134e-53,3.33099834683834,0.917,0.108,1.08405326150232e-48,"9","CXCL16"
3.26163514903759e-53,3.58429067371806,1,0.134,1.19379108089925e-48,"9","HLA-DQB1"
6.27768141674584e-53,3.4805942110774,0.667,0.053,2.29769417534314e-48,"9","CLEC7A"
8.44120223643875e-53,3.9707132639249,0.389,0.016,3.08956443055895e-48,"9","TSPOAP1"
9.52718344311169e-52,5.5402057981653,0.278,0.008,3.48704441201331e-47,"9","CCL22"
1.31352873136706e-51,4.1088270538333,0.361,0.014,4.80764650967659e-47,"9","SPIB"
3.31712342770229e-51,2.60970476860017,0.806,0.079,1.21410034577332e-46,"9","BCL2A1"
4.82851462187806e-51,3.05281258415397,0.861,0.089,1.76728463675359e-46,"9","ATP1B1"
7.97191361912933e-51,3.37353824099239,0.5,0.029,2.91780010373753e-46,"9","HDAC9"
1.1557560182854e-50,3.74449545414065,0.472,0.026,4.23018260252639e-46,"9","SLAMF8"
1.37466578323004e-50,3.40200789236433,0.611,0.045,5.03141423320028e-46,"9","VAC14"
2.90238038471828e-50,3.5418100982473,0.5,0.029,1.06230024461074e-45,"9","MAP3K1"
2.02413194249203e-48,3.97680217413324,0.306,0.01,7.40852532271507e-44,"9","AC026369.3"
2.3572795542481e-48,4.52209525861136,0.25,0.006,8.62787889650345e-44,"9","KIFC1"
2.34598978242605e-47,2.44545528058524,0.361,0.015,8.58655720265759e-43,"9","RASSF7"
2.93844019536027e-47,4.44167371544721,0.778,0.091,1.07549849590381e-42,"9","C1orf54"
3.12064231673003e-47,2.48799565899338,0.806,0.083,1.14218629434636e-42,"9","HLA-DMB"
1.15941757353111e-46,3.51678381261918,0.778,0.084,4.2435842608812e-42,"9","SHTN1"
2.05320804857109e-46,2.33185961772685,0.806,0.081,7.51494677857503e-42,"9","AC004687.1"
1.21617071993081e-45,4.20872422527496,0.583,0.048,4.45130645201875e-41,"9","VMO1"
1.09018562893133e-44,5.41664894262999,0.639,0.063,3.99018842045156e-40,"9","DNASE1L3"
1.16365272680996e-44,2.88087575309355,0.75,0.077,4.25908534539715e-40,"9","HAVCR2"
1.54178675979597e-44,3.80409599379666,0.556,0.043,5.64309371952922e-40,"9","VDR"
4.59707270847847e-44,2.73247173322573,0.722,0.073,1.6825745820302e-39,"9","AC008105.3"
6.75421716569146e-44,2.87339030408829,0.889,0.117,2.47211102481473e-39,"9","MXD1"
5.36847533303988e-43,3.10576521945499,0.528,0.039,1.96491565664593e-38,"9","CD1C"
6.39951498154891e-43,2.30784036773536,0.778,0.09,2.34228647839671e-38,"9","LDLRAD4"
9.67755510152056e-42,2.67337238517137,0.806,0.093,3.54208194270754e-37,"9","LYN"
1.15119822329206e-41,3.56930938084878,0.389,0.021,4.21350061707126e-37,"9","C19orf38"
2.04185711445439e-41,3.24242694339641,0.472,0.033,7.47340122461451e-37,"9","HCK"
2.49491802764452e-41,3.46558836097854,0.444,0.028,9.13164947298169e-37,"9","HLA-DOA"
2.71778603299995e-41,2.14224773089592,0.833,0.1,9.94736865938313e-37,"9","BCL2L11"
4.122038764321e-41,3.28749141851158,0.694,0.074,1.50870740812913e-36,"9","GK"
1.58794958465954e-40,5.61203964786,0.25,0.008,5.81205427481239e-36,"9","CD1B"
3.01717461839301e-40,3.02332825329448,0.694,0.074,1.10431608207803e-35,"9","GNA15"
3.06748038331035e-40,3.49346142923206,0.417,0.026,1.12272849509542e-35,"9","KBTBD8"
8.0922538867391e-40,3.48064246286006,0.472,0.034,2.96184584508538e-35,"9","IL4I1"
1.92031642840138e-39,2.61045635280422,0.722,0.078,7.0285501595919e-35,"9","THEMIS2"
1.98069565145545e-39,4.1116043764675,0.583,0.055,7.24954415389209e-35,"9","RAB7B"
2.21803274332416e-39,2.62630443543148,0.75,0.085,8.11822164384076e-35,"9","IGFLR1"
4.78693882067043e-39,3.33430697452405,1,0.2,1.75206747775358e-34,"9","CD83"
6.41099394432122e-39,2.46635362978811,0.972,0.167,2.34648789356101e-34,"9","HLA-DMA"
3.25082354224222e-38,3.02623211791154,0.417,0.027,1.18983392469607e-33,"9","MPEG1"
5.1345821177869e-38,3.7326195435406,0.361,0.02,1.87930840093118e-33,"9","TTYH2"
6.26078844419055e-38,2.3039169658484,0.667,0.069,2.29151117845818e-33,"9","ADAM8"
1.07316772561252e-37,2.92701753204719,0.361,0.02,3.9279011925144e-33,"9","ADAM28"
2.75590029228055e-37,3.84766021281786,0.417,0.028,1.0086870659776e-32,"9","TMEM97"
4.05839633025423e-37,2.65755983007295,0.722,0.087,1.48541364083635e-32,"9","PHACTR1"
4.32452017249999e-37,3.92840354238034,1,0.244,1.58281762833672e-32,"9","HLA-DPA1"
2.70243314569666e-36,2.12800823102596,0.667,0.072,9.89117555656436e-32,"9","TRPS1"
3.3518770991373e-36,2.62474060715599,0.667,0.075,1.22682053705524e-31,"9","SH2B3"
8.45275905029896e-36,3.86684478537779,0.306,0.015,3.09379433999992e-31,"9","AC112496.1"
1.73959121911944e-35,3.9763662920326,1,0.263,6.36707782109906e-31,"9","HLA-DPB1"
1.81742540260611e-35,2.60739620409646,0.472,0.039,6.65195871607863e-31,"9","AC020656.1"
2.04808332759575e-35,3.16589422936258,0.333,0.018,7.49618978733321e-31,"9","LINC00877"
2.40278643307521e-35,2.21794581733183,0.972,0.163,8.79443862369857e-31,"9","GPR183"
2.53460784153705e-35,2.4067993155339,0.972,0.169,9.27691816080977e-31,"9","LCP1"
2.76705017045856e-35,3.41489454513959,1,0.24,1.01276803288954e-30,"9","HLA-DRB1"
2.82356800299853e-35,3.31859549957073,0.333,0.018,1.03345412477749e-30,"9","RASGRP3"
3.29796149916594e-35,3.67442119829134,0.528,0.05,1.20708688830973e-30,"9","RNASE6"
4.16994534740964e-35,2.71078458769926,0.806,0.114,1.5262416966054e-30,"9","ETV6"
5.91781841314509e-35,3.55330444849642,0.389,0.026,2.16598071739524e-30,"9","LY75"
7.09343712803034e-35,1.96678408449751,0.722,0.086,2.59626892323039e-30,"9","AIF1"
8.84836996469931e-35,3.55729577640777,1,0.252,3.2385918907796e-30,"9","HLA-DRA"
9.87071034783832e-35,2.90574456951772,0.778,0.115,3.6127786944123e-30,"9","C1orf162"
2.0206033663431e-34,2.39197720619596,0.417,0.03,7.39561038115238e-30,"9","ITGB7"
3.48433177559473e-34,2.93829337335976,0.5,0.044,1.27530027318543e-29,"9","MNDA"
8.33639935740758e-34,2.64078081407567,0.694,0.087,3.05120552880475e-29,"9","EDEM1"
9.80482531101048e-34,3.12973721471318,0.75,0.111,3.58866411208295e-29,"9","BATF3"
2.31072511641606e-33,4.30788823367019,0.278,0.014,8.45748499859442e-29,"9","PCLAF"
3.50874412074604e-33,4.11537387153564,0.278,0.014,1.28423543563426e-28,"9","FBXO27"
6.18411625165775e-33,2.78203756301497,0.583,0.063,2.26344838926925e-28,"9","MCM5"
1.1618338803567e-32,3.3433202638397,0.278,0.014,4.25242818549357e-28,"9","NETO2"
2.80967533646525e-32,2.69304671224984,0.444,0.038,1.02836926989965e-27,"9","HMGB3"
4.52708892754016e-32,3.79898953606093,0.25,0.011,1.65695981836897e-27,"9","BCL11A"
4.68408469722571e-32,3.60232235503684,1,0.31,1.71442184003158e-27,"9","CD74"
8.97447600056791e-32,2.18246570119598,0.278,0.014,3.28474796096786e-27,"9","SCARF1"
1.10032505785255e-31,3.16399280927949,0.444,0.038,4.0272997442461e-27,"9","UBASH3B"
1.68360591982371e-31,2.54392946705005,0.278,0.014,6.16216602714678e-27,"9","HLA-DQB2"
2.45454018529442e-31,4.25244355114617,0.306,0.018,8.98386253219612e-27,"9","ZMYND15"
6.03524468146058e-31,2.48744247677015,0.389,0.029,2.20895990586139e-26,"9","HRH2"
1.24161810461301e-30,2.43956804651501,0.917,0.177,4.54444642469408e-26,"9","NR4A3"
1.49346205848181e-30,1.73724517592045,0.75,0.105,5.46622048024927e-26,"9","NFKBID"
1.58959289064599e-30,2.54039405778126,0.889,0.166,5.81806893905337e-26,"9","PMAIP1"
2.00547022705269e-30,1.96925040671788,0.944,0.163,7.34022157803554e-26,"9","VAMP8"
3.00750716857334e-30,2.90988255940284,0.639,0.082,1.10077769876953e-25,"9","REPIN1"
4.54929814631874e-30,3.09806146510513,0.472,0.045,1.66508861453412e-25,"9","TRAF1"
4.99877831075385e-30,2.59000970947735,0.389,0.03,1.82960284951902e-25,"9","SYK"
8.08000090199696e-30,2.43117149471877,0.389,0.031,2.95736113013991e-25,"9","EGLN3"
1.04567719624846e-29,4.217917859207,0.306,0.019,3.827283105989e-25,"9","ARHGAP22"
1.2155759397672e-29,1.73576583801213,0.611,0.071,4.44912949714191e-25,"9","PREX1"
1.52702806136533e-29,3.19531584607323,0.306,0.019,5.58907540740325e-25,"9","FGD2"
1.96991478443596e-29,2.32969000220716,0.806,0.134,7.21008510251405e-25,"9","PTPRE"
3.30092891719851e-29,2.62231429632259,0.889,0.181,1.20817299298383e-24,"9","RGS1"
3.8875452606824e-29,3.56536216305766,0.333,0.023,1.42288044086237e-24,"9","PKP2"
4.57617663943985e-29,3.32833640937742,0.306,0.019,1.67492641180138e-24,"9","VASH1"
1.48906774909645e-28,2.38819950997368,0.389,0.032,5.4501368684679e-24,"9","PIK3CB"
2.53149042953821e-28,3.96519284459456,0.528,0.061,9.2655081211528e-24,"9","CCR7"
2.8441454078044e-28,1.42799043293321,0.75,0.104,1.04098566071049e-23,"9","TSTD1"
3.12974948082884e-28,4.53938458949656,0.833,0.194,1.14551960747816e-23,"9","CPVL"
3.22789376937692e-28,2.82883632413063,0.389,0.032,1.18144139852965e-23,"9","DAPK1"
1.9392903916402e-27,3.20421908288213,0.278,0.017,7.09799676244228e-23,"9","ORC6"
2.30055065822681e-27,2.85126626242299,0.861,0.173,8.42024546417596e-23,"9","BIRC3"
2.41942863129745e-27,3.05444133262754,0.583,0.075,8.8553507334118e-23,"9","SH3BP4"
2.71298336275803e-27,2.71466294954006,0.889,0.208,9.92979040603067e-23,"9","HMGA1"
2.79414241585975e-27,3.0325918352586,1,0.319,1.02268406562883e-22,"9","RGS10"
3.6747703490039e-27,3.45973862654609,0.278,0.017,1.34500269543892e-22,"9","CSF2RB"
4.68904625900119e-27,2.35344557145112,0.917,0.206,1.71623782125702e-22,"9","AP1S2"
5.02640272018295e-27,1.90672097900648,0.778,0.127,1.83971365961416e-22,"9","PDE4B"
5.69244418562984e-27,2.62736321991297,0.75,0.132,2.08349149638238e-22,"9","CKS2"
5.84154505293892e-27,2.89474836173795,0.389,0.034,2.13806390482618e-22,"9","SNX30"
1.49328192237702e-26,2.42716239744221,0.917,0.212,5.46556116409212e-22,"9","CCDC88A"
1.83709476320515e-26,2.78765633027453,0.25,0.014,6.72395054280716e-22,"9","CHN2"
2.01142901535933e-26,3.43506720448021,0.333,0.026,7.36203133911668e-22,"9","HLA-DQA2"
2.92958332950748e-26,1.77899376481766,0.417,0.039,1.07225679443303e-21,"9","WAKMAR2"
4.40969291236185e-26,1.9552145256892,0.944,0.219,1.61399170285356e-21,"9","GNA13"
4.65742188547626e-26,2.2260836762981,0.472,0.05,1.70466298430316e-21,"9","DOCK2"
1.19569462005391e-25,1.48432917356605,0.556,0.067,4.37636187885932e-21,"9","MYO1G"
1.28930182959422e-25,2.74680092056134,0.333,0.026,4.71897362649782e-21,"9","P2RY14"
1.53869143671052e-25,2.3953812125632,0.528,0.064,5.63176452750419e-21,"9","ZDHHC18"
2.55571491372388e-25,2.70616009073191,0.278,0.018,9.35417215572077e-21,"9","TNNI2"
2.61324252777372e-25,2.9204995110236,0.417,0.043,9.56472897590458e-21,"9","IRAK2"
2.90634393594846e-25,2.03551552967766,0.944,0.248,1.06375094399649e-20,"9","FNBP1"
3.20231095259849e-25,2.73226182197091,0.75,0.146,1.17207783176057e-20,"9","CLIC2"
5.39177368906545e-25,3.29067772309478,0.389,0.038,1.97344308793484e-20,"9","GPR132"
5.86934700614008e-25,2.33182521657908,0.667,0.106,2.14823969771733e-20,"9","ETV3"
6.46845175995924e-25,1.63138197641117,0.917,0.187,2.36751802866268e-20,"9","FMNL1"
7.99512063222799e-25,2.47016784048679,0.583,0.082,2.92629410260177e-20,"9","RASSF2"
1.3939632474862e-24,1.90315470008609,0.361,0.032,5.10204488212424e-20,"9","FLT1"
1.5266968622436e-24,3.5955744452382,0.25,0.016,5.58786318549779e-20,"9","SLAMF9"
1.58280052647526e-24,2.77712150016705,0.639,0.104,5.79320820695208e-20,"9","HLA-DRB5"
4.84897260281431e-24,2.37927898341635,0.639,0.102,1.77477246235607e-19,"9","WARS"
5.39715813668756e-24,2.03471660048298,0.583,0.081,1.97541384960901e-19,"9","WAS"
6.00452036417897e-24,1.81798553839635,0.361,0.032,2.19771449849315e-19,"9","TPD52"
8.40701202201702e-24,2.49609699197056,0.833,0.203,3.07705047017845e-19,"9","BID"
8.7783122117372e-24,3.1360117859044,0.278,0.02,3.21295005261793e-19,"9","GNG7"
1.31083601953796e-23,2.55193161777623,0.278,0.02,4.79779091511088e-19,"9","LINC01409"
1.51906910754394e-23,2.2631190780253,0.417,0.044,5.55994484052159e-19,"9","FKBP1B"
1.54166606353274e-23,3.53315338613586,0.361,0.035,5.6426519591362e-19,"9","CERS6"
1.63150242058055e-23,2.67740771360733,0.639,0.106,5.97146200956688e-19,"9","OXSR1"
2.22097358853828e-23,3.31149804518729,0.389,0.04,8.12898543140895e-19,"9","DHTKD1"
3.04114495185918e-23,2.34251063646093,0.472,0.056,1.11308946382998e-18,"9","ADA2"
3.06926862915541e-23,2.42916378501835,0.806,0.183,1.12338301095717e-18,"9","UCP2"
3.26936925219927e-23,2.40547009179389,0.583,0.086,1.19662183999746e-18,"9","TCOF1"
3.7795827717049e-23,2.41923651644159,0.444,0.051,1.38336509027171e-18,"9","RNF144B"
3.91802544217728e-23,1.35469993381541,0.75,0.128,1.43403649209131e-18,"9","RAPGEF1"
4.33586294226387e-23,1.55214083021863,0.611,0.09,1.586969195498e-18,"9","FERMT3"
4.72923647263518e-23,2.59266775085755,0.806,0.165,1.7309478413492e-18,"9","C12orf45"
5.79032503583798e-23,2.79497727830136,0.417,0.046,2.11931686636706e-18,"9","LY86"
6.10418050134755e-23,2.00938221650426,0.639,0.101,2.23419110529822e-18,"9","TET2"
7.04211966374242e-23,1.46130988363436,0.833,0.163,2.57748621812636e-18,"9","CRYBG1"
7.25615316253966e-23,2.70834189411002,0.972,0.307,2.65582461902114e-18,"9","MARCKSL1"
8.08413310755289e-23,2.98447807448062,0.389,0.041,2.95887355869543e-18,"9","PLCD1"
8.44907539220178e-23,2.11736449437879,0.889,0.207,3.09244608429977e-18,"9","SEPTIN6"
9.4712563486164e-23,2.29057787512768,0.75,0.148,3.46657453615709e-18,"9","SERPINB9"
1.01424718586436e-22,2.05468775002015,0.806,0.167,3.71224612498214e-18,"9","TNFAIP8"
1.08362002633487e-22,3.56524905457454,0.361,0.037,3.96615765838825e-18,"9","IL15"
1.95666723123349e-22,4.23733826550488,0.25,0.018,7.16159773303769e-18,"9","CD1E"
2.90416198707739e-22,0.936386582327434,0.833,0.156,1.06295232889019e-17,"9","CST7"
4.37109783289627e-22,1.97793998295012,0.417,0.046,1.59986551781836e-17,"9","SH3TC1"
5.32856927371947e-22,1.40439348212511,0.75,0.132,1.95030963987406e-17,"9","HCLS1"
5.68022748204497e-22,1.7911190333102,1,0.324,2.07902006070328e-17,"9","GRASP"
7.14880996192754e-22,1.95794579091888,0.861,0.207,2.6165359341651e-17,"9","PELI1"
7.85090179434698e-22,2.35889709653634,1,0.553,2.87350856574894e-17,"9","CTSZ"
8.24606192629333e-22,2.21810314367708,0.528,0.074,3.01814112564262e-17,"9","QPCT"
8.26884908986112e-22,3.40053739592714,0.333,0.032,3.02648145538007e-17,"9","ARID3A"
9.08559871199109e-22,1.29372556603025,0.389,0.041,3.32541998457586e-17,"9","NBEAL2"
9.10317441056238e-22,1.75375549203218,0.472,0.059,3.33185286600994e-17,"9","PTPN6"
1.1604001005406e-21,2.52613635498899,0.833,0.206,4.24718040798867e-17,"9","PPIF"
1.18270165248631e-21,1.50393144681533,0.889,0.187,4.32880631826514e-17,"9","ITGB2"
1.48808715583546e-21,2.12779638141699,0.278,0.022,5.44654779907337e-17,"9","PLCB2"
1.5726678561299e-21,2.23660383453932,0.444,0.055,5.75612162022104e-17,"9","CALHM6"
1.69933424159264e-21,1.51896962750362,0.722,0.128,6.21973325765322e-17,"9","ARRB2"
2.39527948405694e-21,2.14387236954156,0.472,0.06,8.7669624395968e-17,"9","SNX10"
2.81632780931973e-21,1.93405182732324,0.583,0.089,1.03080414148912e-16,"9","MICAL1"
3.00993624574776e-21,2.86017605752668,0.306,0.027,1.10166676530614e-16,"9","DNAJB5"
3.22702636189975e-21,1.85333472428921,0.861,0.203,1.18112391871893e-16,"9","FAM49B"
5.50618945884769e-21,2.01686884647086,0.944,0.338,2.01532040383284e-16,"9","JPT1"
5.71215633391707e-21,2.53909672167067,1,0.507,2.09070633977699e-16,"9","COTL1"
5.78630688353877e-21,2.14619067207436,0.722,0.154,2.11784618244403e-16,"9","CBX6"
6.72840386858772e-21,1.62222503310845,0.417,0.048,2.46266309994179e-16,"9","PIK3R5"
7.39350013388144e-21,1.96890463430847,0.556,0.083,2.70609498400195e-16,"9","SRGAP2"
1.11851853500964e-20,2.87701278397194,0.306,0.028,4.09388968998878e-16,"9","CD33"
1.1466712631441e-20,1.99252798147931,0.806,0.173,4.1969314902337e-16,"9","CORO1A"
1.30983920222563e-20,1.59309075991669,0.472,0.063,4.79414246406603e-16,"9","PARVG"
2.40472599839257e-20,1.81351702611365,0.639,0.111,8.80153762671663e-16,"9","DEDD2"
4.26220060459301e-20,1.92471537700476,0.306,0.028,1.56000804328709e-15,"9","AL627171.1"
5.05042572566589e-20,1.85874376837011,0.611,0.104,1.84850631985097e-15,"9","MOB3A"
5.31369628720898e-20,2.83518119785259,0.25,0.019,1.94486597808136e-15,"9","ZNF710"
5.57620799985736e-20,3.71065385980428,0.25,0.02,2.04094789002779e-15,"9","SERPINF2"
8.42522948088512e-20,2.15504889857943,0.472,0.067,3.08371824229876e-15,"9","KAT2B"
1.20205727452661e-19,1.78774908578168,0.889,0.244,4.39964983049483e-15,"9","PTPN2"
1.3709945289515e-19,1.14895284724485,0.583,0.092,5.01797707541539e-15,"9","LST1"
1.40291619141587e-19,1.7174761507969,0.917,0.249,5.13481355220123e-15,"9","NABP1"
1.43172413625352e-19,1.92636659450191,0.417,0.051,5.24025351110152e-15,"9","AC011939.2"
1.75295959591586e-19,1.74861213123368,0.333,0.034,6.41600741701164e-15,"9","CD226"
2.14421112490206e-19,2.15901817121306,0.944,0.342,7.84802713825402e-15,"9","CHMP1B"
2.64405834588594e-19,2.26384524529948,0.972,0.449,9.67751795177715e-15,"9","BASP1"
2.70355740442711e-19,2.17261773150869,0.5,0.075,9.89529045594366e-15,"9","N4BP2"
2.76982742392442e-19,1.77686920445461,1,0.953,1.01378453543058e-14,"9","ACTB"
3.05592270874582e-19,2.81323155929576,0.25,0.02,1.11849827062806e-14,"9","AC090559.1"
3.10190335373518e-19,2.46547276970085,0.639,0.128,1.13532764650061e-14,"9","GPR137B"
3.46820150856554e-19,1.67994477136336,0.639,0.116,1.26939643415007e-14,"9","RASSF5"
3.49959569697178e-19,2.78072621389624,0.25,0.02,1.28088702104864e-14,"9","PRC1"
3.85727375759266e-19,1.55232274508355,0.944,0.268,1.41180076801649e-14,"9","STK4"
5.33279868496308e-19,1.9218635307512,0.25,0.02,1.95185764668334e-14,"9","ZNF296"
6.41842776516204e-19,1.97054021059008,0.5,0.075,2.34920874632696e-14,"9","DENND1B"
9.37003123878978e-19,2.59105730078896,0.278,0.025,3.42952513370945e-14,"9","F11R"
1.16760158524895e-18,2.21793085230591,0.861,0.253,4.27353856216968e-14,"9","PPT1"
1.37246966349134e-18,2.4419686836177,0.722,0.157,5.02337621534465e-14,"9","TNFRSF10B"
1.37818601163034e-18,2.36668337211267,0.694,0.148,5.04429862116822e-14,"9","VOPP1"
1.49106589813161e-18,1.15885200968601,0.889,0.208,5.45745029375151e-14,"9","CD52"
1.71839514549554e-18,1.8174018584175,0.861,0.241,6.28949807202824e-14,"9","RILPL2"
1.76987347881048e-18,1.49618472662766,0.639,0.118,6.47791391979424e-14,"9","EVI2B"
1.82826792122326e-18,1.65510316583789,0.444,0.061,6.69164341846924e-14,"9","NCKAP1L"
2.38900508528344e-18,1.98054445365643,0.889,0.276,8.74399751264593e-14,"9","PLEKHO1"
3.16409953496659e-18,1.59645015260475,1,0.793,1.15809207079312e-13,"9","GSTP1"
3.92220159167439e-18,1.60929922288237,0.5,0.077,1.43556500456874e-13,"9","RELT"
3.93820074982839e-18,1.36690550042214,0.778,0.171,1.44142085644469e-13,"9","LIMD2"
4.64839355457438e-18,1.90112603093081,0.361,0.043,1.70135852490977e-13,"9","GPAT3"
7.24438962814859e-18,1.54216229108469,0.889,0.261,2.65151904779866e-13,"9","AREG"
9.75409715913118e-18,2.44297296914138,0.306,0.032,3.5700971012136e-13,"9","CALCRL"
1.00183423192357e-17,2.47780631803982,0.361,0.045,3.66681347226347e-13,"9","APAF1"
1.06754549780242e-17,2.65207268776012,0.389,0.052,3.90732327650665e-13,"9","TOMM34"
1.44441443595365e-17,2.206018822027,0.472,0.074,5.28670127703395e-13,"9","TPMT"
1.47429615842408e-17,2.15613888606265,0.306,0.033,5.39607136944796e-13,"9","ZC3H12C"
1.6057928339412e-17,1.72883100114537,0.972,0.639,5.87736235150817e-13,"9","NAP1L1"
1.65852668978452e-17,2.71145649345425,0.611,0.13,6.07037353728032e-13,"9","SNRNP25"
1.66712487923822e-17,1.91494534171882,0.667,0.142,6.10184377049982e-13,"9","ARL5B"
1.68820775798284e-17,1.3061757310021,1,0.906,6.17900921499301e-13,"9","H3F3A"
1.77584494696934e-17,1.42374368782635,0.389,0.05,6.49977009040248e-13,"9","HCP5"
2.16673218419728e-17,2.17248502763871,1,0.777,7.93045646738046e-13,"9","TXN"
2.24891834702593e-17,0.822506140149839,0.833,0.179,8.2312660419496e-13,"9","CYTIP"
2.29909912831955e-17,1.25343685777372,1,0.835,8.4149327195624e-13,"9","ATP5F1E"
2.49258187741028e-17,2.65201318983218,0.361,0.045,9.12309892950936e-13,"9","INPP5F"
2.53388557831686e-17,1.48401020705151,0.861,0.243,9.27427460519756e-13,"9","DUSP2"
2.5376339734583e-17,2.32405744350038,0.278,0.027,9.28799410625472e-13,"9","ITGB2-AS1"
2.59791761471873e-17,2.16033796836869,0.389,0.052,9.50863826163204e-13,"9","ACOT7"
3.17332653616594e-17,1.8920395413127,0.417,0.058,1.1614692455021e-12,"9","EZH2"
3.31710230231232e-17,0.993185510586938,1,0.297,1.21409261366933e-12,"9","CXCR4"
3.34058198213302e-17,1.44803905560273,0.361,0.044,1.22268641128051e-12,"9","SELPLG"
4.26185562765469e-17,2.25395497808498,0.528,0.097,1.55988177827789e-12,"9","PTTG1"
4.44870768844153e-17,1.81775396840412,0.972,0.385,1.62827150104648e-12,"9","H2AFY"
4.51464160178013e-17,1.22347607693952,0.472,0.071,1.65240397266755e-12,"9","PIM2"
4.52448970887102e-17,1.73823240578614,0.861,0.238,1.65600847834388e-12,"9","BCL3"
4.65650218085812e-17,1.52004044715796,0.472,0.072,1.70432636321588e-12,"9","CD4"
5.44126899748123e-17,1.7462535699599,0.694,0.15,1.99155886576811e-12,"9","JARID2"
6.50917875398929e-17,1.70538854399162,1,0.598,2.38242451574762e-12,"9","LSP1"
7.07675791102402e-17,1.6055795939004,0.5,0.081,2.5901641630139e-12,"9","STIM2"
7.8871345712732e-17,2.83075777213125,0.444,0.073,2.8867701244317e-12,"9","POGLUT1"
8.01950757173594e-17,1.40722195093061,0.472,0.073,2.93521996633107e-12,"9","ARHGAP45"
8.11171587961445e-17,0.949781837354438,0.861,0.235,2.96896912909769e-12,"9","CTSS"
9.1425665058527e-17,1.65842057249742,0.611,0.12,3.34627076680715e-12,"9","SIPA1L1"
9.25497873061739e-17,1.94167663889816,0.528,0.096,3.38741476519327e-12,"9","TAP2"
9.6263579516832e-17,1.82285073798763,0.972,0.453,3.52334327389557e-12,"9","SERPINB1"
9.91788698070327e-17,1.5942680748679,0.417,0.061,3.63004581380721e-12,"9","IL1R2"
9.92309352958834e-17,2.50686597067933,0.306,0.034,3.63195146276463e-12,"9","ENTPD1"
1.35037889793238e-16,1.24562876021146,0.611,0.116,4.9425218043223e-12,"9","RASGEF1B"
1.43721315411753e-16,3.39144919074561,0.25,0.024,5.26034386538557e-12,"9","EPOP"
1.49729295540457e-16,2.58658606829762,0.25,0.024,5.48024194607625e-12,"9","CXorf21"
1.56298017223083e-16,1.00988609963444,0.472,0.073,5.72066372838206e-12,"9","GPRIN3"
1.74551801331393e-16,1.4606708607101,0.694,0.155,6.38877048053033e-12,"9","SEMA4A"
2.07337826743724e-16,1.90683265124596,0.5,0.087,7.58877179664705e-12,"9","MYD88"
2.25056437482614e-16,2.9352540269653,0.278,0.03,8.23729066830115e-12,"9","CHAF1A"
3.4827603189616e-16,2.68242806017828,0.306,0.036,1.27472510434313e-11,"9","NKRF"
5.66715472185158e-16,1.54693105064208,0.778,0.197,2.0742352997449e-11,"9","ICAM3"
6.15020675112174e-16,2.57786950686621,0.306,0.036,2.25103717297807e-11,"9","LDLRAD3"
9.54270813704152e-16,1.632731928772,1,0.817,3.49272660523857e-11,"9","SAT1"
9.8954784784795e-16,1.94242905863443,0.611,0.135,3.62184407790828e-11,"9","STX11"
1.1094910367077e-15,1.27517566102345,0.917,0.27,4.06084814345386e-11,"9","EZR"
1.16336185850189e-15,1.63852576768133,0.472,0.079,4.25802073830277e-11,"9","CDC42EP3"
1.16364890463758e-15,1.51564315023108,1,0.479,4.259071355864e-11,"9","HMGN1"
1.2715489285109e-15,2.21722061067106,0.417,0.064,4.65399623324273e-11,"9","GM2A"
1.4453520792234e-15,1.54547680430167,0.806,0.218,5.29013314516558e-11,"9","NDUFA7"
1.5298615346894e-15,1.68519598382069,0.5,0.088,5.59944620311667e-11,"9","C4orf48"
1.6150904232644e-15,1.77805578310954,0.944,0.383,5.91139245819002e-11,"9","CMTM6"
1.96899041351776e-15,2.34320587300346,0.306,0.037,7.20670181251634e-11,"9","LYL1"
2.16956134129301e-15,1.50265646377003,0.556,0.109,7.94081146526653e-11,"9","EHBP1L1"
3.59342026024146e-15,2.07934340342379,0.306,0.037,1.31522774945098e-10,"9","CD84"
3.80895643365502e-15,1.5676062697756,0.5,0.091,1.39411614428207e-10,"9","PPP6R1"
4.07649781501653e-15,3.78932698615151,0.306,0.04,1.4920389652742e-10,"9","ENHO"
4.51537253865392e-15,0.898189002344968,1,0.959,1.65267150287272e-10,"9","RPS24"
4.57481872204768e-15,1.42539169802966,0.444,0.071,1.67442940045667e-10,"9","SVIP"
4.64615071690654e-15,1.66786172287597,0.444,0.074,1.70053762389496e-10,"9","SYMPK"
4.69410050528868e-15,1.75158547167238,0.389,0.059,1.71808772594071e-10,"9","SLC25A29"
7.72788673973711e-15,1.47745971844053,0.556,0.111,2.82848382561118e-10,"9","IQSEC1"
8.33901803478974e-15,2.08189405258487,0.333,0.045,3.05216399091339e-10,"9","SLC2A1"
8.47276377507958e-15,1.99758868289674,0.639,0.163,3.10111626931688e-10,"9","C20orf27"
8.48255588989037e-15,1.51212143993605,0.861,0.245,3.10470028125877e-10,"9","MAN2B1"
8.84531984737401e-15,1.48232595022811,0.417,0.066,3.23747551733736e-10,"9","PSTPIP1"
9.52449811267696e-15,1.6198825423712,0.583,0.126,3.4860615542209e-10,"9","TES"
1.02639421850551e-14,1.72502334009507,0.778,0.247,3.75670547915203e-10,"9","CNN2"
1.12100678673734e-14,1.58193166493665,1,0.555,4.10299694013734e-10,"9","PPA1"
1.38436447547622e-14,1.96327624656458,0.944,0.462,5.06691241669053e-10,"9","PSME2"
1.48864822811243e-14,1.68824094900455,0.972,0.381,5.44860137971431e-10,"9","REL"
1.55558259671666e-14,1.27207060834857,1,0.832,5.69358786224264e-10,"9","PFN1"
1.73255281286884e-14,2.22938026129855,0.278,0.033,6.34131655038123e-10,"9","KCNK6"
1.85844638171775e-14,1.59396639302715,0.444,0.075,6.80209960172513e-10,"9","UBL7"
2.08756396442444e-14,2.216241183684,0.333,0.046,7.64069286618988e-10,"9","KYNU"
2.18881271621555e-14,2.04061245770133,0.583,0.131,8.01127342262054e-10,"9","PTGES2"
2.20363956446084e-14,1.42878863952487,0.389,0.061,8.06554116988313e-10,"9","MAP3K11"
2.42445365187532e-14,1.98865846575255,0.306,0.039,8.87374281122887e-10,"9","ADAM19"
3.61880746469459e-14,0.716558417617519,0.722,0.16,1.32451972015287e-09,"9","GPSM3"
3.83260380049494e-14,1.05052014951518,0.889,0.239,1.40277131701915e-09,"9","LAPTM5"
4.03175404428916e-14,1.60370474754875,0.639,0.157,1.47566229775027e-09,"9","CCDC6"
4.33430607416178e-14,2.41621510312595,0.556,0.13,1.58639936620395e-09,"9","IDH2"
4.77834044973827e-14,1.91083597962827,0.306,0.04,1.7489203880087e-09,"9","CHST2"
5.04977356591309e-14,2.94276762111204,0.25,0.028,1.84826762285985e-09,"9","AC005332.4"
5.49887377732768e-14,1.1591731368779,1,0.753,2.0126427912397e-09,"9","PABPC1"
6.12213636360115e-14,1.63365247874066,0.333,0.047,2.24076313044166e-09,"9","LAT2"
6.33826703173307e-14,1.1006557818283,1,0.962,2.31986911628462e-09,"9","TMSB10"
6.63711452627743e-14,2.4338190641553,0.278,0.035,2.4292502877628e-09,"9","LINC01588"
6.94451220791703e-14,2.96492987742044,0.25,0.028,2.54176091321971e-09,"9","BRCA2"
7.08390030265271e-14,1.70139902228537,0.639,0.159,2.59277834977392e-09,"9","TAP1"
7.32403977866471e-14,1.54370350108817,1,0.563,2.68067179938907e-09,"9","TYMP"
7.74324509355396e-14,1.93684503093471,0.611,0.153,2.83410513669169e-09,"9","UPF2"
8.11483098050205e-14,1.86894824510348,0.944,0.423,2.97010928717355e-09,"9","CFLAR"
8.83563098228543e-14,1.90145577061111,0.306,0.041,3.23392929582629e-09,"9","CYTH4"
8.91536746147635e-14,1.82651680283579,0.472,0.089,3.26311364457496e-09,"9","MIIP"
9.42813535518063e-14,1.58384209081939,0.389,0.062,3.45079182134966e-09,"9","FGR"
9.64552881064509e-14,1.89314832348897,0.778,0.25,3.53035999998421e-09,"9","ATG3"
9.83258711450396e-14,1.32375143938558,1,0.64,3.59882520977959e-09,"9","SLC25A5"
1.07367756590938e-13,1.54230964224997,0.889,0.318,3.92976725898492e-09,"9","PSMB9"
1.13208910851221e-13,2.08900541376115,0.278,0.034,4.14355934606553e-09,"9","APOO"
1.13422607784745e-13,1.07744871530489,1,0.878,4.15138086752943e-09,"9","RPL4"
1.20860411473218e-13,1.99393232603002,0.389,0.063,4.42361192033125e-09,"9","ROGDI"
1.24108982165028e-13,2.31098827504514,0.25,0.028,4.54251285622218e-09,"9","TBC1D8"
1.30910420223154e-13,1.53820523232246,0.417,0.071,4.79145229058767e-09,"9","JAML"
1.42980733727371e-13,1.42502331009779,0.972,0.438,5.23323783515552e-09,"9","CD55"
1.49260144528178e-13,1.34092072606672,0.694,0.168,5.46307054987585e-09,"9","VMA21"
1.51755826034958e-13,2.6001441595826,0.25,0.029,5.5544149887055e-09,"9","ZNF516"
1.77873761267208e-13,2.35774121618022,0.389,0.067,6.51035753614109e-09,"9","CENPW"
1.88052746214986e-13,1.52935634735918,0.583,0.131,6.8829185642147e-09,"9","SMARCC1"
1.95747920257115e-13,2.04974114503883,0.639,0.171,7.16456962933066e-09,"9","GLA"
2.00494426735569e-13,1.65017603168871,0.778,0.243,7.33829651294855e-09,"9","SCO2"
2.24895234716894e-13,1.37826144266085,0.917,0.315,8.23139048587304e-09,"9","PTPN1"
2.2888838922715e-13,2.14452702833772,0.389,0.065,8.3775439341029e-09,"9","SULF2"
2.42468569416971e-13,1.10565865518806,0.389,0.065,8.87459210923054e-09,"9","PAFAH1B3"
2.84350241807656e-13,2.34134938920974,0.444,0.087,1.0407503200402e-08,"9","GCA"
2.89234911324239e-13,0.91319289325953,0.472,0.087,1.05862869893785e-08,"9","EVI2A"
2.96497161176583e-13,2.15836233663162,0.944,0.593,1.08520925962241e-08,"9","HSPA1A"
2.97319677067633e-13,1.26092352000344,1,0.885,1.08821975003524e-08,"9","EEF1B2"
3.13735297443841e-13,1.65664049758496,0.25,0.029,1.1483025621742e-08,"9","CD5"
3.1767468458153e-13,1.77850744223571,0.611,0.149,1.16272111303686e-08,"9","MAP3K13"
3.24910868207479e-13,2.02195749686993,0.417,0.075,1.18920626872619e-08,"9","SFT2D3"
3.75304266355836e-13,1.67638645332851,0.556,0.131,1.37365114528899e-08,"9","FAM49A"
3.78343555797965e-13,2.19692346566795,0.333,0.05,1.38477524857613e-08,"9","FAM53B"
3.78799334682758e-13,1.40613121915969,0.444,0.082,1.38644344487236e-08,"9","DUSP10"
4.0088320121864e-13,1.8424843539032,0.583,0.142,1.46727260478035e-08,"9","GNA12"
4.38980668184736e-13,1.55407424873382,0.639,0.165,1.60671314362295e-08,"9","CDKN2D"
4.89239919026913e-13,2.3420390512351,0.944,0.578,1.7906670276304e-08,"9","ID2"
5.49081371355433e-13,1.14441846267971,0.667,0.161,2.00969272729802e-08,"9","DENND4A"
5.97405279441672e-13,1.40858401575956,0.75,0.222,2.18656306328447e-08,"9","VASP"
6.03584890113519e-13,1.63218320488438,0.417,0.074,2.20918105630449e-08,"9","TMEM238"
7.56259406027812e-13,2.57856163771704,0.611,0.182,2.7679850520024e-08,"9","G0S2"
7.90604645781459e-13,1.55015812469513,0.972,0.681,2.89369206402472e-08,"9","H2AFZ"
8.9379118527605e-13,1.55055476101553,0.972,0.567,3.27136511722887e-08,"9","IER5"
8.97985819063291e-13,1.80951270930094,0.333,0.051,3.28671789635355e-08,"9","HDAC10"
9.11256116538863e-13,0.95264842800986,0.361,0.057,3.33528851214389e-08,"9","IFFO2"
9.13237923452929e-13,1.84634014948442,0.361,0.059,3.34254212363007e-08,"9","CASP9"
9.73985481493585e-13,1.08021500656119,0.528,0.111,3.56488426081467e-08,"9","FBRS"
1.08919270679666e-12,1.83285803490307,0.25,0.03,3.98655422614644e-08,"9","ADAP2"
1.16240974937487e-12,1.10243286469881,0.917,0.374,4.25453592368695e-08,"9","TAPBP"
1.33259550122913e-12,0.818611191806243,1,0.959,4.87743279404873e-08,"9","MT-CO1"
1.33367385337983e-12,0.971612953933878,0.806,0.217,4.8813796707555e-08,"9","GMFG"
1.61104582282749e-12,1.13166689372587,1,0.978,5.89658881613088e-08,"9","TMSB4X"
1.63818096405896e-12,1.4950883320402,0.583,0.147,5.99590614655222e-08,"9","MRPL23"
1.64168590875185e-12,2.01980307672191,0.333,0.053,6.00873459462265e-08,"9","IL18"
1.70852953898411e-12,1.36376455667917,0.917,0.346,6.25338896563574e-08,"9","STK17B"
1.95922133215092e-12,2.15927668291434,0.667,0.212,7.17094599780558e-08,"9","NAAA"
2.31559828014741e-12,1.30414232335268,0.639,0.168,8.47532126516752e-08,"9","EHD4"
2.38779692753663e-12,2.75944667285676,0.389,0.076,8.7395755344768e-08,"9","AVPI1"
2.59584429799988e-12,2.11915570404355,0.25,0.031,9.50104971510935e-08,"9","PITPNM1"
2.68636238973483e-12,1.18677935597541,1,0.642,9.83235498266844e-08,"9","TPM3"
3.01593893036078e-12,1.8812562979505,0.333,0.053,1.10386380790135e-07,"9","SLC25A19"
3.20679876967122e-12,2.10134628191047,0.444,0.093,1.17372041768736e-07,"9","SMCO4"
3.3096207706301e-12,1.18648824601541,1,0.876,1.21135429825832e-07,"9","HLA-B"
3.9430177950524e-12,1.71022143025303,0.389,0.068,1.44318394316713e-07,"9","RRM2B"
4.51632516367278e-12,2.5145983582301,0.25,0.033,1.65302017315587e-07,"9","ARHGAP31"
5.01828429023916e-12,1.02585415095438,0.944,0.386,1.83674223307044e-07,"9","BHLHE40"
5.09787958318917e-12,1.48183479942395,0.972,0.528,1.86587490624307e-07,"9","PIM3"
6.21830392985301e-12,1.47535296351711,0.639,0.169,2.2759614213655e-07,"9","MIS18BP1"
6.29787011967933e-12,1.76716445253015,0.25,0.032,2.30508344250383e-07,"9","P2RY10"
6.42033691040846e-12,0.632751262941094,0.806,0.216,2.3499075125786e-07,"9","CD37"
6.88968140895351e-12,1.24053607466452,0.972,0.49,2.52169229249107e-07,"9","GRN"
7.1811191844372e-12,1.38588728156966,0.833,0.308,2.62836143269586e-07,"9","PSMB10"
7.49348978824905e-12,0.712643222299266,1,0.966,2.74269219739703e-07,"9","RPS2"
7.56890004828785e-12,1.153308071533,0.472,0.097,2.77029310667384e-07,"9","BORCS5"
7.64314344623397e-12,0.757551221337967,1,0.955,2.79746693275609e-07,"9","RPL28"
8.1447602730651e-12,1.81680420048022,0.583,0.149,2.98106370754456e-07,"9","TRMT6"
9.46984006342009e-12,1.7083210019142,0.444,0.096,3.46605616161239e-07,"9","UNC119"
9.54920470678205e-12,0.702790543702315,1,0.954,3.4951044147293e-07,"9","RPS23"
1.0006206970463e-11,0.626325612163803,1,0.934,3.66237181325916e-07,"9","UBA52"
1.17458798464101e-11,1.67531243862452,0.889,0.354,4.29910948258455e-07,"9","NFKB1"
1.20313500918294e-11,2.06731392863024,0.639,0.192,4.40359444711046e-07,"9","TNFSF13B"
1.392659480583e-11,1.27884986296978,0.278,0.04,5.09727296488183e-07,"9","CKAP2"
1.49566320927932e-11,0.848244260437737,0.361,0.063,5.47427691228324e-07,"9","HIST1H1E"
1.51692372961096e-11,2.5433959188589,0.306,0.049,5.55209254274906e-07,"9","TIAM1"
1.52960838869893e-11,0.896364169636286,1,0.902,5.59851966347696e-07,"9","CFL1"
1.86109890078161e-11,1.19875138723052,0.75,0.212,6.81180808675076e-07,"9","ZNF787"
1.94226634803758e-11,1.67481957762225,0.25,0.033,7.10888906045234e-07,"9","SH3BP1"
2.07537339524040e-11,0.974061187512028,0.778,0.226,7.59607416391941e-07,"9","SMAP2"
2.0919735470858e-11,0.875241464835044,0.389,0.072,7.65683237968874e-07,"9","NLRP3"
2.25742251601189e-11,1.74199574716727,0.25,0.033,8.26239215085513e-07,"9","TDP1"
2.281655094459e-11,1.70994091014945,0.444,0.094,8.35108581122938e-07,"9","NAGA"
2.35680958564633e-11,2.36678763646215,0.389,0.079,8.62615876442413e-07,"9","MIR155HG"
2.63845590526194e-11,1.43025931106923,0.5,0.114,9.65701245884921e-07,"9","RAB29"
2.66740077731428e-11,1.73733997664912,0.722,0.225,9.76295358504799e-07,"9","RAP2B"
2.71067888844483e-11,0.74809504514127,1,0.934,9.92135579959692e-07,"9","RPS11"
2.74221557440525e-11,2.0171955027024,0.306,0.049,1.00367832238807e-06,"9","CBL"
2.80148580066019e-11,1.35219228436144,0.583,0.147,1.02537181789964e-06,"9","DDX49"
3.02753350936839e-11,2.09354117968414,0.278,0.041,1.10810753976392e-06,"9","CENPN"
3.02952561457557e-11,2.49371326162438,0.972,0.775,1.1088366701908e-06,"9","CST3"
3.36605346251108e-11,0.47798066371063,0.778,0.209,1.23200922781368e-06,"9","CD48"
3.5146177778549e-11,0.99856789072416,0.556,0.134,1.28638525287267e-06,"9","TGFBI"
3.59572502355021e-11,1.43646537867486,0.611,0.165,1.31607131586961e-06,"9","R3HDM4"
3.74420900198747e-11,2.36309331907663,0.694,0.243,1.37041793681743e-06,"9","DUSP5"
3.87849891065509e-11,1.40472637068002,0.806,0.331,1.41956938628887e-06,"9","HSPH1"
4.05649213326622e-11,1.4780760169653,0.722,0.242,1.48471668569677e-06,"9","DNAJB9"
4.32593420393681e-11,1.48443924382835,0.889,0.399,1.58333517798291e-06,"9","PLAUR"
4.94905787767665e-11,0.808846781816425,0.861,0.296,1.81140467380843e-06,"9","HLA-F"
5.00905233603016e-11,1.69065920169162,0.472,0.11,1.8333632455104e-06,"9","CUX1"
5.48208214649202e-11,1.50295451671431,0.278,0.042,2.00649688643755e-06,"9","CD72"
5.69162759338643e-11,1.0535877298479,1,0.783,2.08319261545537e-06,"9","ARPC2"
5.81175552588459e-11,0.891953502206685,1,0.828,2.12716064002902e-06,"9","TAGLN2"
6.26650228281573e-11,0.795317441733673,1,0.917,2.29360250053339e-06,"9","RPS21"
8.18369901438692e-11,1.46936039273135,0.361,0.067,2.99531567625576e-06,"9","AFF3"
8.40587332159077e-11,1.16410932958643,0.778,0.265,3.07663369443544e-06,"9","BACH1"
8.44735273562963e-11,1.38415695959955,0.833,0.326,3.0918155747678e-06,"9","RNASET2"
9.22818090774014e-11,1.04913591939913,0.944,0.461,3.37760649404197e-06,"9","MAP3K8"
9.33280939678568e-11,1.82727655499427,0.389,0.078,3.41590156731753e-06,"9","SNX8"
9.37759967241313e-11,1.22234745018251,1,0.647,3.43229525609993e-06,"9","GNG5"
9.57322277717532e-11,1.97909612577349,0.25,0.035,3.50389526867394e-06,"9","ANKDD1A"
9.62921692907496e-11,1.81321849862096,0.417,0.09,3.52438968821073e-06,"9","CEP68"
1.01964998687017e-10,1.77109227357667,0.833,0.374,3.7320209169435e-06,"9","MAT2A"
1.09243809289144e-10,1.48519708711036,0.806,0.291,3.99843266379198e-06,"9","DDIT3"
1.13435366424865e-10,1.03325156540804,0.278,0.043,4.15184784651649e-06,"9","CCDC88B"
1.22431890764313e-10,1.67977571325358,0.333,0.06,4.48112963386462e-06,"9","RANGAP1"
1.25823757945084e-10,1.34920424971989,0.778,0.309,4.60527536454803e-06,"9","DDIT4"
1.30117419559343e-10,0.892894721103939,1,0.79,4.7624276732915e-06,"9","HINT1"
1.3089105828549e-10,2.07538839651853,0.25,0.037,4.79074362430721e-06,"9","BRI3BP"
1.32575112144986e-10,1.63473417450348,0.333,0.06,4.85238167961862e-06,"9","KHDC4"
1.36048806930871e-10,1.48524820874134,0.75,0.283,4.9795223824768e-06,"9","LAP3"
1.39912879751652e-10,1.94686523059354,0.556,0.151,5.1209513117902e-06,"9","ZBTB10"
1.49405893312476e-10,1.83498573435694,0.389,0.08,5.46840510112992e-06,"9","MANBA"
1.57222694428758e-10,1.33877010829221,0.667,0.214,5.75450783878699e-06,"9","UBE2F"
1.7286510493715e-10,1.05387917341511,1,0.679,6.32703570580462e-06,"9","PSME1"
1.84440915325937e-10,1.27941259728751,0.417,0.088,6.75072194184463e-06,"9","PRKAR2B"
2.07436189760275e-10,1.41446507250796,0.667,0.213,7.59237198141584e-06,"9","GLIPR1"
2.08254230590775e-10,1.56824731409632,0.361,0.073,7.62231309385296e-06,"9","THBD"
2.10356734176912e-10,1.04827260885119,0.694,0.202,7.69926682760914e-06,"9","AC016831.5"
2.31614217709169e-10,1.28118545579696,0.5,0.122,8.47731198237329e-06,"9","OTULIN"
2.33631880300091e-10,1.48727648916819,0.417,0.093,8.55116045086362e-06,"9","IMPDH1"
2.37272809554791e-10,1.22869958422648,0.778,0.289,8.68442210251491e-06,"9","G3BP2"
2.40687290767359e-10,0.648473441328294,1,0.959,8.80939552937609e-06,"9","RPS3A"
2.48281667486248e-10,1.91532166371816,0.444,0.108,9.08735731166416e-06,"9","FBXO34"
2.52501793644682e-10,1.11566454042748,1,0.763,9.24181814918901e-06,"9","SUB1"
2.69288976791959e-10,2.16698042774827,0.25,0.037,9.85624583956248e-06,"9","MELTF"
2.77596410000831e-10,1.12207614652695,1,0.915,1.01603062024404e-05,"9","NEAT1"
2.98414228515487e-10,0.746508722250849,0.389,0.077,1.09222591778953e-05,"9","DOCK8"
3.02383572828658e-10,1.1874286595308,0.722,0.253,1.10675411491017e-05,"9","MKNK2"
3.08021537668175e-10,0.777323086298936,0.528,0.131,1.12738963001929e-05,"9","SIAH2"
3.24239592159357e-10,1.7212396456993,0.861,0.484,1.18674933126246e-05,"9","HSPA1B"
3.4630852796758e-10,1.00738940139896,0.972,0.616,1.26752384321414e-05,"9","NDUFV2"
3.63679358532596e-10,0.961355687430902,1,0.914,1.33110282016515e-05,"9","GAPDH"
3.73566337551131e-10,0.908625717520619,0.278,0.044,1.36729015207089e-05,"9","LFNG"
4.09196188647807e-10,1.17769006708853,0.972,0.546,1.49769897006984e-05,"9","ENSA"
4.2126530068212e-10,1.12146179435539,0.528,0.137,1.54187312702663e-05,"9","B4GALT4"
4.46601757646703e-10,1.00269763755451,0.778,0.259,1.6346070931627e-05,"9","PTRHD1"
4.50505422642629e-10,1.91929623709298,0.694,0.236,1.64889489741429e-05,"9","CTSH"
4.60014648426491e-10,0.681117379321322,0.833,0.28,1.6836996147058e-05,"9","ARL4C"
4.87311490218798e-10,1.31719754152249,0.639,0.189,1.78360878534982e-05,"9","PGP"
4.94926726153712e-10,1.67954923909429,0.944,0.684,1.8114813103952e-05,"9","SNX3"
4.96566515755209e-10,1.67110574298147,0.361,0.074,1.81748310431564e-05,"9","RIN3"
5.05269305823847e-10,1.1041462315548,0.917,0.437,1.84933618624586e-05,"9","ARF6"
5.07770632686879e-10,1.8647506913172,0.333,0.064,1.85849129269724e-05,"9","BMP2K"
5.21224092869549e-10,1.30674605570586,0.583,0.174,1.90773230231184e-05,"9","TPP1"
5.28725479793319e-10,0.547336571725658,1,0.974,1.93518812859153e-05,"9","RPLP1"
5.34274985825789e-10,1.42267663530854,0.333,0.062,1.95549987562097e-05,"9","LMNB1"
5.53289892590683e-10,0.585194107469854,0.889,0.363,2.02509633587116e-05,"9","CREM"
5.58063345071336e-10,0.768935066548072,1,0.88,2.0425676492956e-05,"9","YBX1"
5.76619610153487e-10,0.924584437522249,0.611,0.167,2.11048543512278e-05,"9","THUMPD3-AS1"
6.03619593515853e-10,2.29744152190546,0.25,0.04,2.20930807422737e-05,"9","CAVIN2"
6.17290545037012e-10,1.33449863779964,0.806,0.301,2.25934512388997e-05,"9","ATP6V0D1"
6.29414926107741e-10,0.594538126329024,1,0.943,2.30372157104694e-05,"9","RPS29"
6.54111954804353e-10,0.448335556107655,0.611,0.165,2.39411516577941e-05,"9","AC058791.1"
6.60138532778881e-10,0.679915555411322,1,0.977,2.41617304382398e-05,"9","FTH1"
7.10618154833272e-10,1.2191719410443,0.917,0.459,2.60093350850526e-05,"9","SGK1"
7.22575742257262e-10,2.57509754350868,0.528,0.163,2.64469947423581e-05,"9","FSCN1"
7.41971615313017e-10,1.66804959113557,0.333,0.063,2.71569030920717e-05,"9","CHKA"
7.49294338948112e-10,1.39212825306315,0.611,0.185,2.74249220998398e-05,"9","EMILIN2"
7.68147755789868e-10,1.43946955787077,0.389,0.085,2.81149760096649e-05,"9","ATR"
7.85834228814013e-10,0.690546640562307,1,0.945,2.87623186088217e-05,"9","RPS28"
8.12651255054956e-10,0.999719942348097,0.722,0.228,2.97438485862664e-05,"9","OLA1"
8.50640415439291e-10,0.597232879211471,1,0.369,3.11342898454935e-05,"9","SRGN"
9.80579098372397e-10,0.920702526090613,0.361,0.072,3.58901755795281e-05,"9","MYO1F"
1.04172248426164e-09,1.30216263022771,0.583,0.165,3.81280846464603e-05,"9","HIVEP1"
1.05498688834987e-09,1.32195441372643,0.444,0.108,3.86135751004935e-05,"9","TRAF4"
1.11132069767094e-09,1.63819525627272,0.889,0.58,4.06754488554539e-05,"9","HSPD1"
1.11759336485477e-09,0.937457251928436,0.278,0.046,4.09050347470495e-05,"9","FBP1"
1.18433899282422e-09,1.27213931072331,0.333,0.064,4.33479914763593e-05,"9","ARHGAP30"
1.2006237213704e-09,0.912969503843146,0.861,0.356,4.39440288258779e-05,"9","NR4A2"
1.34595585844261e-09,1.21791674534833,1,0.916,4.9263330374858e-05,"9","HSP90AA1"
1.39106354616323e-09,1.0271924820802,0.583,0.163,5.09143168531202e-05,"9","RABL6"
1.4100647271793e-09,1.28232470059364,0.778,0.298,5.16097790794895e-05,"9","LSM4"
1.41391913734668e-09,1.32516214882402,0.333,0.065,5.1750854346026e-05,"9","ELMO1"
1.41706323214647e-09,1.86174539630658,0.861,0.362,5.1865931359793e-05,"9","ALDH2"
1.72945493718609e-09,1.39368793704551,0.972,0.616,6.32997801559482e-05,"9","HERPUD1"
1.77219385596398e-09,1.66600135680063,0.361,0.077,6.48640673221377e-05,"9","PAK1"
1.82599870617824e-09,1.32230950406305,0.389,0.084,6.68333786448296e-05,"9","SINHCAF"
1.85709143775211e-09,1.04030589330946,0.528,0.139,6.7971403713165e-05,"9","MIF4GD"
1.94820642309226e-09,1.1810052102379,0.778,0.276,7.13063032915997e-05,"9","IFT20"
2.07515349667033e-09,1.54151448232025,0.389,0.086,7.59526931316307e-05,"9","CPPED1"
2.19264595153966e-09,1.00229429695203,0.889,0.384,8.0253034472303e-05,"9","PSMB8"
2.61519282136678e-09,0.841908822742316,0.944,0.455,9.57186724548456e-05,"9","EFHD2"
2.6168931795336e-09,0.826267610137497,0.5,0.131,9.57809072641093e-05,"9","DESI1"
2.76175702254197e-09,0.513469265307127,0.417,0.093,0.000101083068782059,"9","ANKRD44"
2.8609337739025e-09,1.16379252866001,0.861,0.349,0.000104713037058605,"9","FAM162A"
2.9701543097405e-09,0.548012959434566,1,0.942,0.000108710617890812,"9","RPLP2"
3.18953677776512e-09,1.29147699157231,0.528,0.144,0.000116740235602981,"9","TIMM17B"
3.40386827894376e-09,0.539949754575463,0.444,0.103,0.00012458498287762,"9","IL10RA"
3.43864169580002e-09,1.11014235624505,0.889,0.386,0.000125857724707976,"9","SNHG15"
3.51725447977709e-09,1.7700868663882,0.278,0.05,0.000128735031214321,"9","KDM2B"
3.88922872562546e-09,1.36479357865465,0.528,0.144,0.000142349660586618,"9","CNDP2"
4.3142087193241e-09,1.13124515969909,0.944,0.614,0.000157904353335982,"9","ARPC1B"
4.34693738055021e-09,1.2659579600503,0.917,0.526,0.000159102255065518,"9","AP2S1"
4.35284967883951e-09,2.66304699257858,0.472,0.135,0.000159318651095205,"9","RASSF4"
4.44384654343913e-09,0.851177217184235,1,0.97,0.000162649227336416,"9","B2M"
4.4727300138024e-09,1.23330137476786,0.417,0.098,0.000163706391235182,"9","IL16"
4.78689830148649e-09,0.834707846091179,1,0.75,0.000175205264732707,"9","ATP5MC2"
4.79367702487707e-09,0.725825690725082,1,0.883,0.000175453372787526,"9","HLA-C"
5.2100025220681e-09,1.71284799604362,0.694,0.287,0.000190691302310215,"9","PYCARD"
5.26217294561084e-09,0.799714557968764,0.278,0.05,0.000192600791982303,"9","RAB20"
5.68648308197446e-09,0.956616398883459,1,0.731,0.000208130967283347,"9","CYBA"
5.81493314300075e-09,0.475987562702486,1,0.962,0.00021283236796697,"9","RPS12"
5.96212925360831e-09,0.970551940235757,0.972,0.645,0.000218219892811318,"9","GNAI2"
6.01559880790397e-09,1.55152454981537,0.417,0.1,0.000220176931968093,"9","MSL3"
6.05856614029316e-09,0.834733156479112,0.556,0.157,0.00022174957930087,"9","ITSN2"
6.55624095828382e-09,1.49269391188446,0.722,0.294,0.000239964975314146,"9","TNIP2"
6.63584166298781e-09,2.13568850460162,0.722,0.382,0.000242878440707017,"9","CPNE3"
6.81741709855432e-09,0.862261287478112,0.722,0.298,0.000249524283224187,"9","FABP5"
6.86834164968789e-09,1.11685021178247,0.917,0.528,0.000251388172720226,"9","ATP1B3"
6.90439994173167e-09,1.26845875488348,0.389,0.089,0.000252707942267321,"9","SGF29"
7.02667218563777e-09,1.50341776848901,0.389,0.093,0.000257183228666528,"9","NUP62"
7.23690905545284e-09,1.39954005598563,0.25,0.043,0.000264878108338629,"9","LILRB4"
7.34469327675495e-09,1.65689224587967,0.361,0.082,0.000268823118622508,"9","CYB5R4"
7.40977937465913e-09,1.721197952947,0.306,0.061,0.000271205334891899,"9","FLOT2"
7.45659438619632e-09,0.526262233513972,1,0.931,0.000272918811129171,"9","RPL22"
7.71660444974333e-09,1.73600510579016,0.583,0.185,0.000282435439465055,"9","FNIP2"
8.87231154293599e-09,0.617045375648219,1,0.895,0.000324735474783,"9","OAZ1"
9.11572167370089e-09,1.66985588211257,0.333,0.073,0.000333644528979126,"9","PIKFYVE"
9.6935161459527e-09,1.54245989411482,0.333,0.07,0.000354792384458015,"9","AFMID"
9.90001231206436e-09,1.4162913000357,0.444,0.112,0.000362350350633868,"9","LMBR1L"
1.02415130350781e-08,1.89924172158246,0.306,0.061,0.000374849618596893,"9","RARA-AS1"
1.1202571917567e-08,1.02041130170079,0.944,0.638,0.000410025334754869,"9","AKAP13"
1.2026274794917e-08,0.716234019547402,0.583,0.177,0.000440173683768756,"9","OTUD1"
1.23456101939761e-08,2.05555395204745,0.361,0.085,0.00045186167870972,"9","KCTD17"
1.24021751626962e-08,0.640516374077476,0.361,0.078,0.000453932013129844,"9","ARHGAP4"
1.27141681957683e-08,0.504269610968517,1,0.954,0.000465351270133316,"9","RPL8"
1.28292397945565e-08,1.58610802574483,0.306,0.061,0.000469563005720561,"9","TBL1X"
1.288307658241e-08,1.59127683832577,0.278,0.053,0.000471533485992789,"9","MINK1"
1.30895016306223e-08,1.50537776709464,0.861,0.618,0.000479088849182406,"9","HSPE1"
1.33699650094292e-08,0.497741262684058,1,0.96,0.000489354089310118,"9","MT-CO2"
1.4054403607734e-08,0.605638421220364,0.361,0.081,0.000514405226446671,"9","CTDP1"
1.45373502662166e-08,1.03436820803065,0.472,0.124,0.000532081557093794,"9","CAMK1D"
1.56432435665389e-08,0.60633033073212,1,0.881,0.00057255835777889,"9","RPL23"
1.65300900913505e-08,1.17532987095108,0.444,0.116,0.000605017827433519,"9","SHKBP1"
1.7847477278976e-08,0.944177959835107,0.639,0.211,0.000653235515887802,"9","TRABD"
1.87642966873285e-08,0.802490599621382,0.472,0.125,0.00068679202305291,"9","CBX4"
1.92196401237921e-08,0.704524959065949,1,0.793,0.000703458048170914,"9","HNRNPA1"
2.02313741160501e-08,0.894835439089628,0.444,0.116,0.000740488524021548,"9","SLC30A1"
2.05545926959062e-08,1.52314520133102,0.611,0.227,0.000752318647262865,"9","ASAP1"
2.14847406776929e-08,0.696806638091908,0.583,0.176,0.000786362993544237,"9","MED29"
2.29665683706604e-08,1.48738158756092,0.361,0.083,0.000840599368934542,"9","SLC12A9"
2.47022406749036e-08,2.01090257048333,0.361,0.086,0.000904126710942148,"9","PDP1"
2.49867225947137e-08,1.71013688010071,0.306,0.064,0.000914539033689117,"9","LPCAT2"
2.51839032877004e-08,0.776118879004993,0.583,0.173,0.000921756044233121,"9","TYROBP"
2.79696084083625e-08,0.578574457392307,1,0.933,0.00102371563735448,"9","RPL27A"
2.80093879867098e-08,0.523130283689857,1,0.945,0.00102517160970157,"9","RPS7"
3.02089178377923e-08,0.809639901847773,1,0.94,0.00110567660178104,"9","ACTG1"
3.07348700026616e-08,1.35299436890102,0.889,0.417,0.00112492697696742,"9","C17orf49"
3.08939637396334e-08,1.06348787111706,1,0.707,0.00113074996683432,"9","DBI"
3.16911110589398e-08,1.31908092168472,0.278,0.054,0.00115992635586825,"9","IL18R1"
3.25404138608555e-08,1.03304781335904,0.722,0.269,0.00119101168772117,"9","INSIG1"
3.29172445434987e-08,1.08214198583686,0.917,0.443,0.00120480406753659,"9","RGS2"
3.32379962016762e-08,0.715710986947519,0.472,0.126,0.00121654389897755,"9","CDKN1B"
3.41129192741321e-08,1.10403605779267,0.528,0.158,0.00124856695835251,"9","PLEKHB2"
3.5381713239505e-08,1.85680155891625,0.417,0.113,0.00129500608627912,"9","NFKBIE"
3.60380296196576e-08,0.382506145366488,0.556,0.157,0.00131902792210909,"9","CYTH1"
3.6309891559501e-08,1.02315185146864,0.5,0.14,0.0013289783409693,"9","MFSD12"
3.78847889919012e-08,1.07066212220616,1,0.812,0.00138662116189258,"9","TUBA1B"
3.88553229597844e-08,1.18187840508961,0.333,0.073,0.00142214367565107,"9","PGM2"
4.21201085223105e-08,2.24146187166205,0.444,0.132,0.00154163809202508,"9","STMN1"
4.23493672766201e-08,1.36371655280867,0.5,0.149,0.00155002919169157,"9","FOXN2"
4.30205752653645e-08,0.581312621853203,1,0.874,0.00157459607528761,"9","COX4I1"
4.38585061988473e-08,0.557159608653054,1,0.919,0.00160526518538401,"9","HLA-A"
4.58974769678465e-08,1.13202901259289,0.639,0.215,0.00167989355450015,"9","RNF145"
4.71387762164509e-08,1.08666264930845,0.667,0.243,0.00172532634829832,"9","TGIF1"
4.80926047041305e-08,0.790754814205293,1,0.79,0.00176023742477588,"9","COX7C"
4.90194725956925e-08,1.30835947294073,0.861,0.464,0.00179416171647494,"9","LITAF"
4.98840209711794e-08,1.47726945986423,0.444,0.126,0.00182580505156614,"9","SQLE"
5.06355795359468e-08,0.996078163068445,0.972,0.524,0.00185331284659519,"9","PGLS"
5.32654171708166e-08,1.97199737834271,0.306,0.067,0.00194956753386906,"9","MCM7"
5.43270615597028e-08,1.26278378066924,0.472,0.136,0.00198842478014668,"9","CTNNBIP1"
5.56625571762983e-08,0.602902983537538,1,0.908,0.00203730525520969,"9","RPL36A"
5.57271619362199e-08,0.895636979157592,0.306,0.063,0.00203966985402759,"9","STXBP2"
5.72603269761032e-08,1.47696029438349,0.333,0.076,0.00209578522765235,"9","TFPT"
6.0683445225804e-08,0.701971792110744,0.472,0.127,0.00222107477870965,"9","IL2RG"
6.31808447849145e-08,1.08734842401659,0.694,0.258,0.00231248209997265,"9","ACAA1"
6.40256806763173e-08,1.26765733054851,0.861,0.51,0.00234340393843389,"9","COX5A"
6.50360914954559e-08,1.85370128725864,0.5,0.168,0.00238038598482518,"9","EIF4EBP1"
6.62648990608031e-08,1.25002322929995,0.361,0.087,0.00242536157052445,"9","A1BG"
6.79943389773493e-08,1.50479175891298,0.25,0.047,0.00248866080090996,"9","AL121944.1"
7.19983600858776e-08,0.998743188128963,0.972,0.763,0.00263521197750321,"9","ARPC3"
7.3691096800782e-08,1.65470016579589,0.278,0.058,0.00269716783400542,"9","RRP12"
7.44996292878692e-08,0.783089189406505,0.889,0.444,0.0027267609315653,"9","ATP2B1"
7.4948442762899e-08,0.445956749071629,1,0.966,0.00274318795356486,"9","RPL19"
7.67330072353761e-08,0.299552559609837,0.75,0.262,0.002808504797822,"9","ETS2"
8.1512120991761e-08,0.703390413562671,1,0.679,0.00298342514041944,"9","CSTB"
8.16683931979085e-08,1.59583807882161,0.361,0.088,0.00298914485943665,"9","ALCAM"
8.51517534061002e-08,1.17450082317869,0.889,0.488,0.00311663932641667,"9","TUBA1C"
8.72293036934471e-08,0.981577493636541,0.25,0.047,0.00319267974448386,"9","INPP5D"
9.44940194395954e-08,1.57335594262397,0.5,0.156,0.00345857560550863,"9","IMPA2"
9.45812514664958e-08,0.90299854599844,0.417,0.106,0.00346176838492521,"9","PLEKHG2"
1.00013706495146e-07,1.07835881409848,0.75,0.321,0.00366060167142883,"9","BUD23"
1.03554028129077e-07,0.978100314044428,0.639,0.231,0.00379018098355236,"9","PTGER4"
1.08589276318349e-07,1.45950865341452,0.333,0.08,0.00397447610252788,"9","ATAD3A"
1.11300317204346e-07,1.04520954502943,0.611,0.211,0.00407370290999626,"9","LYRM4"
1.1378667084136e-07,0.49189674825799,1,0.957,0.00416470593946463,"9","RPL18A"
1.16394516796289e-07,1.96760723340689,0.333,0.082,0.00426015570926099,"9","DNAJA4"
1.17206489232059e-07,0.757596217820508,0.944,0.48,0.00428987471238259,"9","GPBP1"
1.18274896022404e-07,1.24802860353641,0.361,0.089,0.004328979469316,"9","RAB4B"
1.18892285692279e-07,0.856711312683637,0.278,0.056,0.00435157654862311,"9","SELL"
1.22899763547034e-07,0.604031758814533,1,0.953,0.00449825424558499,"9","UBC"
1.26084749123354e-07,0.793738200506363,0.972,0.679,0.00461482790266388,"9","EIF3H"
1.27373961424342e-07,0.560343645740068,1,0.946,0.00466201436209235,"9","RPL21"
1.42883034148407e-07,0.941502335405444,0.611,0.19,0.00522966193286585,"9","SERTAD3"
1.44998856732508e-07,0.981708945082499,0.917,0.513,0.00530710315526652,"9","ATP6V0B"
1.54854938594686e-07,1.00882965383872,0.528,0.171,0.0056678456075041,"9","ZNF267"
1.56741674346331e-07,0.979654860424744,0.306,0.067,0.00573690202275006,"9","BCR"
1.68259360592268e-07,0.798859546938712,0.722,0.271,0.0061584608570376,"9","JOSD1"
1.70083740940581e-07,1.01914733927858,0.583,0.205,0.00622523500216619,"9","MCUR1"
1.71668832105036e-07,1.3323191026615,0.444,0.128,0.00628325092387641,"9","RNPEP"
1.74000062288027e-07,1.10541844383458,0.306,0.069,0.00636857627980409,"9","B3GNT5"
1.92665854223734e-07,1.30392530451813,0.25,0.049,0.00705176293044288,"9","PRMT9"
1.94005194556426e-07,0.885185752389805,0.917,0.538,0.00710078412595975,"9","ATP5MPL"
1.96796595714737e-07,1.73686939096469,0.472,0.158,0.00720295219975509,"9","ATF5"
2.02733989126061e-07,1.68149082594458,0.389,0.11,0.00742026673600295,"9","SAMD1"
2.24134217455046e-07,0.69113642870691,1,0.84,0.00820353649307212,"9","ZFAS1"
2.30102686401138e-07,1.40377992026243,0.583,0.206,0.00842198842496806,"9","RIPK2"
2.50477001603688e-07,0.543201469916715,0.444,0.121,0.00916770873569659,"9","ZMYM5"
2.51220949886346e-07,1.47034495730621,0.694,0.327,0.00919493798679014,"9","CKLF"
2.63827761838729e-07,1.28035012482914,0.306,0.069,0.00965635991105932,"9","AMPD2"
2.75008155768549e-07,1.66874242222361,0.306,0.072,0.0100655735092847,"9","PINX1"
2.75141882684488e-07,1.09413132322764,0.667,0.257,0.0100704680481349,"9","SLC31A2"
2.82460301632873e-07,0.663355111825361,0.5,0.146,0.0103383295000648,"9","SBNO1"
2.83968005859475e-07,0.896935472836426,0.556,0.185,0.0103935129824627,"9","RAB31"
2.88087803538248e-07,0.694024190372923,0.389,0.102,0.0105443016973034,"9","WHAMM"
2.91677107274351e-07,1.09989616098282,0.417,0.12,0.0106756738033485,"9","RNF4"
2.95897051172475e-07,0.77952666257875,0.861,0.378,0.0108301279699638,"9","RALA"
3.05071815691506e-07,1.24700171032995,0.5,0.169,0.0111659335261248,"9","HPRT1"
3.0798414580649e-07,1.36381468607109,0.25,0.05,0.0112725277206634,"9","TOR2A"
3.14639998835653e-07,0.911014210047238,0.5,0.146,0.0115161385973837,"9","ZMIZ1"
3.24607344581969e-07,1.16471169196043,0.417,0.118,0.0118809534190447,"9","TFDP1"
3.30222087126031e-07,1.18397958395157,0.694,0.275,0.0120864586108999,"9","RELB"
3.34537641292071e-07,0.93827362856579,0.611,0.211,0.0122444122089311,"9","SLCO3A1"
3.35186701854979e-07,1.10638128245936,0.5,0.155,0.0122681684745941,"9","ATXN2L"
3.3732448298524e-07,1.10234750320304,0.611,0.221,0.0123464134017428,"9","DNAJC4"
3.45354636779097e-07,0.858032331199655,0.75,0.327,0.0126403250607517,"9","PQBP1"
3.63297782157359e-07,0.954977643321352,0.25,0.051,0.0132970621247415,"9","WDR59"
3.79439981548513e-07,1.15568451897698,0.778,0.382,0.0138878827646571,"9","SYAP1"
3.8903230018248e-07,0.728553288535167,0.806,0.327,0.0142389712189789,"9","PRR13"
3.90800372199867e-07,0.416736961535559,1,0.947,0.0143036844228873,"9","RPS15"
3.92328370092363e-07,1.83164007648989,0.278,0.064,0.0143596106737506,"9","TBC1D9"
4.06722039730856e-07,0.817345356974051,0.944,0.551,0.0148864333761891,"9","PPP1R14B"
4.11896159066426e-07,0.758730093312788,1,0.871,0.0150758113179902,"9","PPIA"
4.23810094066019e-07,1.78674856888045,0.5,0.168,0.0155118732529104,"9","KIF2A"
4.23923386640274e-07,0.753728125006971,0.75,0.318,0.0155160198744207,"9","PFKFB3"
4.37779082357475e-07,1.04205405787968,0.417,0.121,0.0160231521933659,"9","ANAPC15"
4.44172210861243e-07,0.65350160312368,1,0.863,0.0162571470897324,"9","SLC25A6"
4.67191022569526e-07,1.60649879546922,0.528,0.181,0.0170996586170672,"9","UVRAG"
4.74266863729075e-07,1.20221448101725,0.306,0.073,0.0173586414793479,"9","PLEKHO2"
4.75426901288569e-07,0.974619767640107,0.528,0.169,0.0174011000140629,"9","ADPGK"
4.98919555450041e-07,1.41945668702931,0.389,0.106,0.0182609546490269,"9","CTTNBP2NL"
5.01661442451477e-07,1.65236787560828,0.306,0.073,0.0183613104551665,"9","C9orf72"
5.17855210690719e-07,1.31215701567859,0.75,0.339,0.018954018566491,"9","ARID1B"
5.22407651142039e-07,0.432725216188252,1,0.95,0.0191206424394498,"9","RPS19"
5.38249082723158e-07,1.36643178261544,0.25,0.051,0.0197004546767503,"9","PPM1D"
5.42789806079453e-07,1.11472546973663,0.75,0.353,0.0198666496923141,"9","CCDC12"
5.54355553471667e-07,1.37760969359528,0.444,0.134,0.0202899676126165,"9","LAGE3"
5.64080233219218e-07,0.484198755627164,1,0.921,0.0206459006160566,"9","RPL36"
5.68002621662987e-07,1.45679018375032,0.333,0.085,0.020789463955487,"9","HTT"
5.68825043986062e-07,0.731790217720175,1,0.953,0.0208195654349339,"9","PTMA"
5.73279230557359e-07,1.47648699042381,0.444,0.14,0.0209825931176299,"9","PACSIN2"
5.75885065836744e-07,0.940901001857779,0.75,0.324,0.0210779692946907,"9","PPP1CA"
5.90967571924122e-07,1.16570604111677,0.528,0.179,0.0216300040999948,"9","RARA"
5.93287432952738e-07,0.516784505999111,0.667,0.234,0.0217149133335032,"9","CNPY3"
5.98277461927203e-07,0.652666219653905,0.861,0.405,0.0218975533839976,"9","TAF10"
6.11839237902838e-07,0.590627030362551,0.556,0.193,0.0223939279464818,"9","PHLDA2"
6.21115840361579e-07,0.777842204569344,0.472,0.141,0.0227334608730741,"9","DCP2"
6.26232362436058e-07,1.21781527097824,0.444,0.137,0.0229207306975222,"9","KMT5A"
6.33158287905686e-07,1.31840458449432,0.278,0.062,0.023174226495636,"9","TYK2"
6.48004172118958e-07,1.71928665858987,0.25,0.053,0.023717600703726,"9","BAK1"
6.74407114215884e-07,0.683833219126796,1,0.817,0.0246839747874156,"9","NME2"
6.78407526890394e-07,0.867280403028567,0.333,0.081,0.0248303938917153,"9","FAM118A"
6.89825550516034e-07,0.901363578209462,0.306,0.073,0.0252483049744374,"9","ATF7IP2"
6.89889526973514e-07,1.45026893049163,0.25,0.053,0.0252506465767576,"9","BBC3"
6.98074809894917e-07,0.955308033096471,0.5,0.158,0.0255502361169639,"9","BOLA2"
7.01123144238914e-07,0.421533459969528,1,0.952,0.0256618082022885,"9","RPS6"
7.09349105728229e-07,0.450730243973823,1,0.95,0.0259628866187589,"9","RPS16"
7.17139472428077e-07,0.784034467700756,0.611,0.214,0.02624802183034,"9","TRAPPC6A"
7.31033690881402e-07,1.35748612451828,0.25,0.052,0.0267565641199502,"9","RPUSD1"
7.3614390939666e-07,1.08726027262321,0.667,0.297,0.0269436032278271,"9","RAB8B"
7.37332020475116e-07,1.25897991061439,0.278,0.063,0.0269870892814097,"9","ZNF433-AS1"
7.39222637053416e-07,1.22247667083525,0.444,0.145,0.0270562877387921,"9","TOR3A"
7.47921583284312e-07,2.0116924634338,0.528,0.213,0.0273746778697891,"9","CD40"
7.54628476351994e-07,0.473392850519087,1,0.955,0.0276201568629593,"9","RPL26"
7.62993078092538e-07,1.13236077486794,0.444,0.133,0.027926309651265,"9","AP3D1"
7.75693433512818e-07,1.45835213251523,0.278,0.065,0.0283911553600026,"9","ATP6V0A2"
8.15217876111774e-07,0.933397117205765,0.583,0.216,0.029837789483567,"9","PCGF5"
8.16237661721473e-07,1.35354745031297,0.278,0.063,0.0298751146566677,"9","TTC28-AS1"
8.52296823896763e-07,1.05459520210134,0.806,0.454,0.0311949160514454,"9","ACTR3"
8.85207151221806e-07,0.694023349447771,1,0.825,0.0323994669418693,"9","HSPA8"
8.87444149214809e-07,0.463416924037882,0.5,0.152,0.0324813433054112,"9","MAP2K1"
9.28685421476395e-07,0.262412663361576,0.333,0.082,0.0339908151114575,"9","SLC16A3"
9.80749326345934e-07,1.34512884927255,0.278,0.063,0.0358964060935875,"9","BCAT1"
9.86791349207225e-07,0.710845361151654,0.333,0.083,0.0361175501723336,"9","SH3BP2"
9.92829166376457e-07,0.676137200485808,0.917,0.442,0.0363385403185447,"9","KDM6B"
1.01290446720106e-06,0.516753609682377,1,0.903,0.0370733164040259,"9","EEF1G"
1.06889590885891e-06,0.950652112383728,0.694,0.27,0.0391226591601451,"9","ANP32A"
1.07475690748241e-06,1.18432714615086,0.694,0.323,0.0393371775707635,"9","TWF2"
1.08605955872098e-06,1.4549793496506,0.361,0.1,0.0397508659087464,"9","DUSP3"
1.09930998999843e-06,0.437368962869249,0.75,0.301,0.0402358449439324,"9","ZC3HAV1"
1.14902387560068e-06,0.884243743969838,0.472,0.152,0.0420554228708606,"9","PDE4A"
1.15111696469279e-06,0.525946616254439,0.333,0.085,0.0421320320247209,"9","ITGAX"
1.21493317045099e-06,0.6944481270375,0.639,0.237,0.0444677689716765,"9","KDM2A"
1.22973442810099e-06,1.04900969382417,0.556,0.208,0.0450095098029245,"9","ERN1"
1.26328061020671e-06,1.33681211495118,0.333,0.087,0.0462373336141758,"9","DPP9"
1.28803367758271e-06,1.4825417007594,0.278,0.065,0.0471433206332047,"9","FBXL6"
1.30315073592596e-06,0.653151134471735,0.528,0.175,0.0476966200856261,"9","AC016831.1"
1.31723932545611e-06,0.732197767547608,0.861,0.453,0.048212276551019,"9","ANP32B"
1.36269749584417e-06,1.58904068908395,0.472,0.158,0.0498760910453925,"9","FUOM"
1.3942615568027e-06,0.906268797695292,0.361,0.098,0.0510313672405357,"9","CCDC69"
1.42304468889921e-06,1.20844806269291,0.361,0.101,0.0520848586584002,"9","HIST1H1C"
1.43758720615842e-06,0.99215504514726,0.5,0.164,0.0526171293326042,"9","HPS1"
1.47312361002729e-06,1.21893417170685,0.278,0.066,0.0539177972506088,"9","SRGAP2C"
1.51115963967232e-06,1.01432957853862,0.583,0.227,0.0553099539716466,"9","NDEL1"
1.58022339741286e-06,0.678118841408351,0.778,0.301,0.0578377565687081,"9","CHCHD10"
1.59671727021756e-06,1.21340515179331,0.5,0.163,0.0584414488072328,"9","SPPL3"
1.61800122282688e-06,1.33516943205162,0.639,0.277,0.0592204627566866,"9","DBNL"
1.62550546560306e-06,0.758847646701131,0.722,0.323,0.0594951255465376,"9","MAP2K3"
1.65743953294658e-06,1.48797507506647,0.611,0.244,0.0606639443453777,"9","BZW2"
1.70289593896925e-06,0.696245444089295,0.917,0.528,0.0623276942622134,"9","EIF3L"
1.75028979955023e-06,1.06295438958284,0.417,0.131,0.0640623569533379,"9","N4BP2L1"
1.79224127506243e-06,0.699791078180728,0.75,0.295,0.0655978229085599,"9","DNAJC7"
1.84396546029631e-06,0.283635360547543,0.639,0.228,0.0674909798123054,"9","H2AFX"
1.84402402970087e-06,0.910535615133592,0.972,0.64,0.0674931235110815,"9","COX8A"
1.87351361622599e-06,0.870258051509738,0.389,0.116,0.0685724718674874,"9","ADAM15"
1.89957105781032e-06,0.91079023994464,0.333,0.091,0.0695262002869154,"9","THEM4"
1.93383184009153e-06,1.81973944020065,0.306,0.082,0.0707801791791902,"9","SLC41A2"
2.0089943862451e-06,0.86468538953201,0.667,0.281,0.0735312035309569,"9","ZYX"
2.02628922652598e-06,0.850705400245553,0.694,0.289,0.0741642119800774,"9","GRB2"
2.13255036446085e-06,1.10842954883152,0.306,0.076,0.0780534758896317,"9","ZMIZ2"
2.14264018285608e-06,1.26274966405616,0.361,0.102,0.0784227733327153,"9","CIAO2A"
2.1669325620984e-06,0.894259141388406,0.778,0.341,0.0793118987053635,"9","BAX"
2.24481950747056e-06,1.098961172692,0.278,0.065,0.0821626387929299,"9","ARHGEF6"
2.25023469929388e-06,0.54223423036857,0.417,0.124,0.0823608402288551,"9","AMZ2"
2.33849404673836e-06,0.925930822484789,0.5,0.173,0.0855912206046707,"9","ST3GAL1"
2.34679640638304e-06,1.43982830022677,0.25,0.057,0.0858950952700256,"9","HPS5"
2.40080252419677e-06,0.950104725857734,0.75,0.317,0.0878717731881259,"9","TMEM123"
2.41801368223451e-06,1.01858524696354,0.333,0.088,0.0885017187834651,"9","PTDSS1"
2.43839779092299e-06,0.717810029422667,0.444,0.136,0.0892477975455723,"9","PNMA1"
2.43900804069507e-06,1.070418486488,0.278,0.065,0.0892701332974804,"9","ATP13A1"
2.44457724738144e-06,0.887248311715891,0.75,0.317,0.089473971831408,"9","WDR1"
2.50509972896862e-06,1.07127975893073,0.667,0.269,0.0916891551799803,"9","ACOT9"
2.53326608744668e-06,1.12051447772819,0.556,0.21,0.092720072066636,"9","MGST2"
2.57274314792747e-06,0.725311248921135,0.472,0.152,0.0941649719572935,"9","STARD7"
2.58559571816899e-06,0.960571073831219,0.306,0.077,0.0946353888807032,"9","CCDC57"
2.59894907080363e-06,1.59677491033007,0.278,0.068,0.0951241349404838,"9","HCCS"
2.66290749324948e-06,0.656391328628926,0.972,0.515,0.0974650771604243,"9","EIF3M"
2.69707244105823e-06,0.859074630288341,0.5,0.169,0.0987155484151723,"9","SCML1"
2.74789358598436e-06,0.743670082834119,0.778,0.358,0.100575653140614,"9","GTF2B"
2.75180445607369e-06,1.253347552288,0.361,0.102,0.100718794896753,"9","TLE3"
2.77063638049408e-06,0.808083856678364,0.917,0.587,0.101408062162464,"9","PKM"
2.77276718637555e-06,0.90729452996587,0.389,0.11,0.101486051788531,"9","ASPSCR1"
2.77344208513268e-06,1.19406731304234,0.278,0.067,0.101510753757941,"9","EED"
2.79656303737691e-06,1.11857494837286,0.361,0.102,0.102357003731032,"9","PLXND1"
2.91065433983938e-06,1.28434553335152,0.361,0.104,0.106532859492461,"9","MAD1L1"
2.95127384646839e-06,0.732663116429922,0.889,0.472,0.10801957405459,"9","CDK2AP1"
3.0827398315588e-06,0.994784496624858,0.306,0.077,0.112831360574884,"9","RAP1GDS1"
3.08324332071293e-06,0.834625103335452,0.583,0.204,0.112849788781414,"9","SNRPA"
3.15521849672416e-06,0.665770329450965,0.778,0.366,0.115484152198601,"9","BAZ1A"
3.23467464247792e-06,1.59323483401952,0.25,0.057,0.118392326589334,"9","EIPR1"
3.29511398842999e-06,1.36069688005817,0.25,0.057,0.120604467090526,"9","CLN6"
3.35806158977686e-06,0.748540617760169,0.583,0.224,0.122908412247423,"9","TP53BP2"
3.37546444687851e-06,0.809347808879582,0.417,0.13,0.1235453742202,"9","UNC93B1"
3.38035030413245e-06,0.880268629894043,0.667,0.264,0.123724201481552,"9","EIF4E"
3.42830543882163e-06,1.05491859947919,0.806,0.47,0.12547940736631,"9","MZT2A"
3.43710359076031e-06,1.18176065091594,0.25,0.057,0.125801428525418,"9","CPSF3"
3.54213051221419e-06,0.743676253133157,0.806,0.4,0.129645518877552,"9","ARPC4"
3.58515444431182e-06,0.448100313413649,0.25,0.055,0.131220237816257,"9","PTPN22"
3.75819977237059e-06,0.892292989414737,0.917,0.601,0.137553869868536,"9","RGCC"
3.87920034958324e-06,0.954487249744003,0.306,0.078,0.141982611995096,"9","TMEM88"
3.92648151358456e-06,1.35635498158117,0.361,0.108,0.143713149878708,"9","TMPO"
4.01311516491771e-06,1.31503971932366,0.25,0.057,0.146884028151153,"9","PISD"
4.12251589442868e-06,0.899909351331481,0.75,0.314,0.150888204251984,"9","ACTN1"
4.223476228616e-06,0.41926340020513,0.611,0.23,0.154583453443574,"9","SNHG12"
4.40688722051095e-06,0.922410544693351,0.417,0.134,0.161296479157921,"9","FAM53C"
4.44744748442321e-06,1.16670597807023,0.333,0.094,0.162781025377374,"9","ORAI2"
4.47495943192219e-06,1.06794051097041,0.306,0.079,0.163787990167784,"9","VCPKMT"
4.51935732412869e-06,0.795294293600509,0.333,0.093,0.165412997420434,"9","CPM"
4.69203248697812e-06,0.832553999134561,0.694,0.273,0.171733081055886,"9","ELP5"
4.78947811535142e-06,1.68282531341325,0.25,0.06,0.175299688499977,"9","VRK1"
4.81994021552821e-06,1.14884087096707,0.389,0.126,0.176414631828548,"9","PHF19"
4.8408606254034e-06,0.751353035258181,0.75,0.366,0.17718033975039,"9","NIBAN1"
4.8651988853065e-06,0.599114224202028,0.833,0.399,0.178071144401103,"9","ARHGDIB"
4.92600753285661e-06,1.03857150296228,0.444,0.144,0.180296801710085,"9","CNPPD1"
5.04044204616834e-06,1.20932683948843,0.278,0.071,0.184485219331807,"9","SLC43A2"
5.06268435650485e-06,0.381690740353442,1,0.943,0.185299310132434,"9","RPL23A"
5.0671421741912e-06,1.14698307054494,0.25,0.057,0.185462470717572,"9","KDM6A"
5.08049575367155e-06,0.604077511856068,0.5,0.173,0.185951225080132,"9","CDK2AP2"
5.17827372775053e-06,0.64715794444032,0.5,0.171,0.189529996709397,"9","MYO9B"
5.49554269723546e-06,0.512358039826527,0.472,0.152,0.201142358261515,"9","SEC11C"
5.55857685911253e-06,0.512559806922621,0.278,0.069,0.203449471620378,"9","AC025164.1"
5.73601464881464e-06,0.639784552600485,0.667,0.272,0.209943872161265,"9","M6PR"
5.76831569826295e-06,0.779554116730479,0.778,0.346,0.211126122872122,"9","RBM17"
5.96974780698364e-06,0.378678404001609,0.944,0.478,0.218498739483408,"9","BRD2"
6.12573687079665e-06,0.426140385200448,0.806,0.359,0.224208095208028,"9","CLK1"
6.14000122140081e-06,0.920881998261449,0.361,0.106,0.224730184704491,"9","RAPH1"
6.48614156414741e-06,1.06853783043228,0.389,0.117,0.237399267389359,"9","MGRN1"
6.55374700827816e-06,0.489418130740072,1,0.756,0.239873694249989,"9","UQCRB"
6.6308973193198e-06,1.9581370286748,0.278,0.074,0.242697472784424,"9","VARS"
6.72922215641361e-06,0.862937903404648,0.278,0.069,0.246296260146895,"9","HYOU1"
6.81233046501976e-06,1.27385360526349,0.333,0.097,0.249338107350188,"9","RCC2"
6.82844760435606e-06,0.636787237593844,1,0.78,0.249928010767036,"9","ATP5MG"
6.84294589133255e-06,1.30165591477031,0.333,0.1,0.250458662568663,"9","SLC25A44"
6.92046134456318e-06,0.892891627098978,0.639,0.27,0.253295805672357,"9","RAB8A"
6.97920850395735e-06,0.969790338049159,0.25,0.06,0.255446010453343,"9","IKBKB"
7.06579182380683e-06,0.93978837414809,0.306,0.079,0.258615046543154,"9","MRE11"
7.25389516366999e-06,1.09455424954578,0.25,0.06,0.265499816885485,"9","KLHL5"
7.48131964413216e-06,1.08269960850886,0.5,0.19,0.273823780294881,"9","ARHGAP5"
7.56241632481275e-06,0.270933696351536,0.556,0.197,0.276791999904471,"9","ISG20"
7.56925339608306e-06,0.799514728880218,0.667,0.291,0.277042243550036,"9","COX17"
7.58463722901788e-06,0.396294162282838,0.25,0.058,0.277605307219284,"9","AC104695.4"
7.58895828767681e-06,0.660715752086153,1,0.85,0.277763462287259,"9","CRIP1"
7.62137846360319e-06,0.489754424101524,0.806,0.362,0.27895007314634,"9","PER1"
7.88968436601394e-06,0.332324020270081,1,0.947,0.288770337480476,"9","FAU"
8.575561964749e-06,0.750172726719949,0.917,0.568,0.313874143471778,"9","DNAJB6"
8.62342892594925e-06,1.24791424207403,0.306,0.086,0.315626122118668,"9","RP2"
8.87205038509865e-06,0.563763413362215,0.972,0.845,0.324725916144996,"9","NPM1"
9.74740908476671e-06,1.39319028873112,0.278,0.074,0.356764919911546,"9","MTHFD1L"
9.90289015833116e-06,1.38111405628894,0.361,0.112,0.362455682685079,"9","MTHFR"
9.91367518471866e-06,0.835659123318865,0.583,0.227,0.362850425435888,"9","CTNNBL1"
1.0043238108906e-05,0.344060169581558,0.528,0.185,0.367592558024068,"9","TNFRSF1B"
1.00940837497184e-05,0.463032699172298,0.333,0.092,0.369453559323442,"9","ENPP1"
1.03941443338444e-05,0.41007105265113,1,0.955,0.380436076763039,"9","RPS14"
1.0591724640844e-05,0.666914826644288,0.861,0.508,0.387667713579532,"9","VDAC1"
1.08960601363202e-05,0.561476482636582,0.917,0.505,0.398806697049454,"9","ATP1A1"
1.09700792303335e-05,0.566984329602466,0.889,0.439,0.401515869909436,"9","MBD2"
1.12054081414945e-05,0.590169245313127,0.889,0.502,0.410129143386839,"9","DDT"
1.13749857032655e-05,0.941679101321192,0.472,0.164,0.416335851725221,"9","GMPS"
1.13916244422097e-05,0.82025213350467,0.278,0.072,0.416944846209318,"9","LRCH4"
1.16363411569902e-05,1.26233186663783,0.278,0.073,0.425901722686998,"9","CHFR"
1.18747359536375e-05,0.883171126389065,0.472,0.16,0.434627210639085,"9","ACO2"
1.20590147419935e-05,1.00105549864117,0.583,0.256,0.441371998571705,"9","NME4"
1.21988066749129e-05,0.629615091118385,0.694,0.29,0.446488523108486,"9","PAXX"
1.22187817127007e-05,2.01749314217902,0.361,0.122,0.447219629466558,"9","PAPSS2"
1.23674616073026e-05,1.08715567085309,0.556,0.238,0.452661462288882,"9","ALYREF"
1.24281226601723e-05,1.04442544324507,0.444,0.15,0.454881717484967,"9","AHCY"
1.25597738455906e-05,0.67762365898722,0.639,0.274,0.459700282522463,"9","MBP"
1.25873945700144e-05,0.917056201196285,0.472,0.167,0.460711228657095,"9","CD58"
1.26748157137237e-05,0.929466824493338,0.333,0.094,0.463910929937999,"9","BCL2L12"
1.28246353312855e-05,0.705747043302298,0.611,0.249,0.46939447776038,"9","AGO2"
1.3208542826682e-05,0.737563143345996,0.722,0.316,0.483445875999387,"9","SSNA1"
1.38654991886835e-05,0.907333063063792,0.611,0.256,0.507491135805006,"9","RUFY3"
1.38755133663848e-05,1.4814000526517,0.278,0.075,0.50785766472305,"9","VRK2"
1.40648638895866e-05,1.45339599856157,0.278,0.075,0.514788083222758,"9","AIFM1"
1.41726474330262e-05,0.73613871878112,0.639,0.248,0.518733068696191,"9","PFKL"
1.446809947992e-05,0.289032922396409,1,0.951,0.52954690906455,"9","RPL14"
1.45190377426744e-05,1.31611298008756,0.306,0.085,0.531411300419626,"9","ARPIN"
1.49260371985354e-05,0.64182228762958,0.444,0.148,0.546307887503595,"9","ZC3H18"
1.56909458204236e-05,0.331630740037523,1,0.932,0.574304307973324,"9","RPL35"
1.60928651205107e-05,0.973717160058747,0.333,0.096,0.589014956275812,"9","PRPF4"
1.6605065103971e-05,0.603627808456817,0.833,0.382,0.607761987870444,"9","NDUFS8"
1.66301519607557e-05,0.567279240328168,0.528,0.193,0.608680191915619,"9","FBXO11"
1.70494346807699e-05,0.324916846937191,1,0.945,0.624026358750858,"9","RPL6"
1.73273413310394e-05,0.712041882222411,0.417,0.132,0.634198020057373,"9","MZT1"
1.73896528779217e-05,0.656230384946262,0.861,0.394,0.636478684984811,"9","TRAPPC1"
1.78885769420059e-05,0.963596826853564,0.722,0.333,0.654739804654358,"9","OSTF1"
1.81410626811562e-05,0.942050255333321,0.639,0.301,0.663981035192998,"9","DYNC1LI1"
1.85729244460507e-05,0.312206285341291,0.306,0.083,0.679787607649902,"9","KCNAB2"
1.8591859811964e-05,0.377020925506533,1,0.916,0.680480660977693,"9","RPL27"
1.87388620876653e-05,0.84974595609867,0.444,0.16,0.685861091270637,"9","COMMD5"
1.88879408798231e-05,1.66706322460759,0.278,0.077,0.691317524142404,"9","GRAMD2B"
1.91646482533033e-05,0.675862964446391,0.278,0.073,0.701445290719156,"9","CORO7"
1.91784594521543e-05,0.618190942678748,0.361,0.113,0.701950794408301,"9","HIPK2"
1.96411332578116e-05,0.946580053924433,0.556,0.219,0.718885118369161,"9","TRADD"
1.97374616510834e-05,0.35888004394772,0.667,0.283,0.722410833891303,"9","CSRP1"
1.97621046606247e-05,1.20902201847577,0.25,0.065,0.723312792683524,"9","NSMF"
1.98009306780813e-05,0.877476279528249,0.417,0.14,0.724733863748454,"9","PDLIM7"
1.99096453165246e-05,1.4253070453694,0.25,0.063,0.728712928230117,"9","PBX2"
1.99467245902939e-05,0.708930715567335,0.778,0.392,0.730070066729347,"9","CCT8"
1.99789591186399e-05,0.70450767441359,0.444,0.15,0.731249882701341,"9","RNF168"
2.04252790734194e-05,0.702137335252912,1,0.879,0.747585639366222,"9","HSP90AB1"
2.07294697749395e-05,0.752781651171723,0.556,0.231,0.758719323232562,"9","ELOVL5"
2.1009496642816e-05,0.638811308857331,0.667,0.268,0.768968586623709,"9","EMD"
2.10820344448391e-05,0.755991069708503,0.722,0.327,0.771623542715557,"9","ZFAND6"
2.10852134764304e-05,1.30599773737363,0.278,0.075,0.771739898450828,"9","FARP2"
2.15889242542629e-05,0.468909477895129,0.556,0.207,0.790176216630277,"9","KPNA2"
2.16068893048758e-05,0.909312276275298,0.278,0.073,0.790833755447758,"9","RREB1"
2.17375234102068e-05,0.637128000261717,0.778,0.422,0.795615094336981,"9","ANKRD11"
2.196595121279e-05,0.773903830207784,0.972,0.709,0.803975780339327,"9","CALR"
2.21112366188943e-05,0.955609270987225,0.333,0.1,0.809293371488152,"9","MAPK9"
2.21944246673008e-05,0.908739108416217,0.333,0.101,0.812338137247876,"9","SHMT2"
2.35821336121779e-05,0.570811652958737,0.694,0.294,0.863129672339324,"9","TRIM28"
2.39716080004667e-05,0.562129117947265,0.306,0.087,0.877384824425083,"9","ZNF598"
2.41687340988195e-05,0.666098708692867,0.444,0.153,0.884599836750893,"9","OGFR"
2.42676755110889e-05,0.543051110456521,0.75,0.319,0.888221191381364,"9","SARNP"
2.45910323850952e-05,0.646454993647729,0.444,0.152,0.900056376326869,"9","SMARCA4"
2.47934485787343e-05,1.25947007732579,0.306,0.091,0.907465011430253,"9","NT5DC1"
2.50597261394082e-05,1.69384277531721,0.306,0.089,0.91721103642848,"9","SYNJ2"
2.51203499286642e-05,0.51449432213226,0.306,0.086,0.919429927739037,"9","DPF2"
2.59533652030325e-05,0.626812390076506,1,0.732,0.949919119796192,"9","EIF3F"
2.60047872158338e-05,0.748319731544589,0.5,0.186,0.951801216886732,"9","CEP350"
2.65761800766175e-05,0.862834853063353,0.333,0.1,0.972714766984277,"9","TENT4A"
2.7086553129332e-05,0.411148177589657,1,0.92,0.991394931086681,"9","RPSA"
2.76181244243182e-05,1.3247267557852,0.25,0.065,1,"9","ATPAF2"
2.83273944845301e-05,1.20878893981596,0.25,0.065,1,"9","ABRAXAS2"
2.8911319986184e-05,0.565474131749725,0.528,0.189,1,"9","TEN1"
2.9281645253776e-05,0.527807632827055,0.361,0.11,1,"9","CDK11A"
2.94668148425105e-05,0.727158002830897,0.306,0.085,1,"9","ZNF672"
2.96426267070464e-05,1.17476558364467,0.306,0.091,1,"9","RB1"
3.13428206076738e-05,0.648511578729911,0.889,0.524,1,"9","GDI2"
3.14167397347311e-05,1.40494895558983,0.25,0.066,1,"9","POLR3K"
3.1762841772481e-05,1.16925459073111,0.278,0.078,1,"9","SPATA2L"
3.21177817793728e-05,0.954026872065948,0.25,0.065,1,"9","AP1B1"
3.22545332113179e-05,1.21238443806077,0.25,0.065,1,"9","CLASP2"
3.25797065106707e-05,1.21316480391669,0.444,0.169,1,"9","RRP7A"
3.31231150204538e-05,0.299783382400887,0.611,0.242,1,"9","CDC42SE1"
3.34676108835515e-05,1.07228729276644,0.333,0.104,1,"9","HACD2"
3.44803014556125e-05,0.37553873717409,0.778,0.372,1,"9","CHD2"
3.51912861007457e-05,0.89637701825343,0.306,0.09,1,"9","C16orf87"
3.54546733864088e-05,0.906813965940959,0.417,0.153,1,"9","CDYL"
3.57593197965706e-05,0.857471148980013,0.833,0.428,1,"9","DNAJC15"
3.65832369558776e-05,0.863146183071207,0.417,0.146,1,"9","TRIM38"
3.67963066653767e-05,1.02783330615599,0.306,0.091,1,"9","YEATS4"
3.73225932372026e-05,0.939410083572297,0.417,0.148,1,"9","GRAMD1A"
3.79720464045749e-05,0.29570398030556,0.611,0.247,1,"9","CHORDC1"
3.85002108829247e-05,0.961947638177971,0.5,0.195,1,"9","ZFAND2A"
3.90202095172211e-05,0.725111728926547,0.417,0.146,1,"9","CCDC167"
3.937121504993e-05,0.472082630012058,0.389,0.123,1,"9","KLF16"
3.93770213034755e-05,0.636287822844437,0.556,0.215,1,"9","MRPS33"
3.97391741741003e-05,0.700677905489209,0.25,0.065,1,"9","TRIM26"
4.13039785375842e-05,1.15976024829984,0.25,0.066,1,"9","PAK3"
4.18999836103544e-05,0.462590703235528,0.972,0.622,1,"9","HNRNPA3"
4.20218479191011e-05,1.41570895424226,0.25,0.067,1,"9","SMG7"
4.2338058412907e-05,1.04170181080913,0.306,0.089,1,"9","FARS2"
4.24521704052244e-05,0.610252208423623,0.25,0.065,1,"9","USP39"
4.29111883794022e-05,0.966821884007027,0.611,0.268,1,"9","SDF2L1"
4.29567150510602e-05,0.448018291450949,0.5,0.185,1,"9","TAF15"
4.7264132199528e-05,0.753611445170516,0.611,0.267,1,"9","MAFG"
4.74378543158244e-05,0.709906284383008,0.722,0.331,1,"9","RHOG"
4.78943569012052e-05,0.563623939763718,0.972,0.57,1,"9","UQCR11"
4.80524570689532e-05,0.56555440902536,0.722,0.321,1,"9","MAP3K2"
4.82332039913826e-05,0.503869228312761,0.333,0.1,1,"9","AFTPH"
4.83153525553476e-05,0.818833015416683,0.861,0.53,1,"9","ATP5MF"
4.88320166472206e-05,1.08267568532344,0.25,0.067,1,"9","TRIM24"
4.90985724573128e-05,0.86648034906537,0.278,0.078,1,"9","ATP6V1A"
4.9854245235355e-05,0.967679816123753,0.5,0.199,1,"9","ZC3H12A"
5.11696749705117e-05,1.01071847151256,0.25,0.067,1,"9","TSHZ1"
5.13307969462715e-05,0.375145992169187,0.389,0.131,1,"9","HCG18"
5.14068267991552e-05,0.953579025594569,0.278,0.079,1,"9","MLH1"
5.14720556624204e-05,0.371811418350783,1,0.957,1,"9","RPS8"
5.16105268511738e-05,0.568148405253042,0.278,0.077,1,"9","HPCAL1"
5.27975034738756e-05,0.682384132242416,0.889,0.545,1,"9","LDHB"
5.28144405957484e-05,0.787250423491939,0.639,0.293,1,"9","SMS"
5.314135041322e-05,0.471491056549959,0.5,0.191,1,"9","CSGALNACT2"
5.33539251113589e-05,1.07485478367732,0.444,0.161,1,"9","NMI"
5.50428550710738e-05,0.387609785604499,0.361,0.116,1,"9","CSK"
5.66685568094991e-05,0.301732385207074,1,0.961,1,"9","RPL11"
5.6979844431057e-05,0.314470098519784,0.528,0.199,1,"9","RNPEPL1"
5.76268265488654e-05,0.516043673638268,0.528,0.2,1,"9","FLII"
5.84639397923914e-05,1.02766149821248,0.417,0.15,1,"9","PON2"
5.85006687553641e-05,0.802185668716298,0.528,0.215,1,"9","RNF5"
5.94082646632413e-05,1.48422286290346,0.25,0.069,1,"9","SPRED2"
6.01267753747335e-05,0.279348679234453,1,0.966,1,"9","RPS18"
6.06519705293177e-05,0.975391634633343,0.472,0.183,1,"9","SMAD3"
6.10881452783668e-05,0.99553093857055,0.361,0.124,1,"9","LTA4H"
6.19820903640485e-05,0.32592811031953,0.917,0.472,1,"9","LINC-PINT"
6.32245411749863e-05,1.05965308177776,0.528,0.219,1,"9","PPP1R18"
6.39380124892832e-05,0.562337927236804,0.361,0.118,1,"9","CYB561A3"
6.44607713698495e-05,0.330318171857308,1,0.947,1,"9","RPS13"
6.65304106945718e-05,0.574672113742307,0.389,0.134,1,"9","HMCES"
6.9231477629336e-05,0.7680273780116,0.528,0.209,1,"9","DEF8"
6.97780989461608e-05,1.41176579162383,0.306,0.096,1,"9","C19orf48"
7.03267055273364e-05,0.992997692991504,0.528,0.227,1,"9","NDRG2"
7.07747217971968e-05,0.765996938279384,0.611,0.283,1,"9","CORO1B"
7.15110976126761e-05,0.920899419967043,0.361,0.123,1,"9","PDPK1"
7.23481678211268e-05,1.17995062525377,0.944,0.608,1,"9","GABARAPL2"
7.25255586320184e-05,0.534570894980601,0.972,0.636,1,"9","NDUFB11"
7.36434340322314e-05,0.995908753406449,0.25,0.068,1,"9","STX3"
7.48535413678882e-05,0.969054553487124,0.306,0.095,1,"9","ARRDC1"
7.66426945473971e-05,1.04421712226461,0.278,0.082,1,"9","CNOT9"
7.82832842365871e-05,0.615375491367437,0.306,0.093,1,"9","RAPGEF2"
8.05081403620305e-05,1.08032243530196,0.278,0.083,1,"9","C11orf1"
8.13486048636655e-05,0.707830628620011,0.806,0.411,1,"9","GLIPR2"
8.18106300424229e-05,0.895973900849382,0.972,0.752,1,"9","SQSTM1"
8.26400839924481e-05,0.447680295286875,0.722,0.34,1,"9","HNRNPUL1"
8.36089818840083e-05,0.689400012472211,0.5,0.19,1,"9","STX7"
8.43124987286064e-05,0.586914600862621,0.944,0.575,1,"9","COX7B"
8.48195349622922e-05,0.779220062102768,0.306,0.097,1,"9","CMIP"
8.63091848232582e-05,0.910596950885723,0.972,0.722,1,"9","ENO1"
8.69164475119293e-05,0.538437831825098,0.778,0.372,1,"9","APH1A"
8.79936818984819e-05,1.24856458175065,0.25,0.069,1,"9","UCK2"
8.97077247463684e-05,0.426211288273712,0.889,0.468,1,"9","ACTR2"
9.06564312403146e-05,0.343494644924241,0.694,0.335,1,"9","MYH9"
9.18279571681825e-05,1.08203694072027,0.417,0.165,1,"9","PARP1"
9.18915272529631e-05,0.40488719330929,0.639,0.264,1,"9","TIMM17A"
9.24464568193101e-05,0.806650645825081,0.333,0.112,1,"9","RUVBL1"
9.25113055059421e-05,0.657242031107922,0.444,0.163,1,"9","ORMDL2"
9.46085411347649e-05,0.543537333504059,0.389,0.139,1,"9","MEF2C"
9.52525191429747e-05,0.984031926088508,0.75,0.496,1,"9","C1QBP"
9.63498458752123e-05,0.730033580221232,0.444,0.167,1,"9","LYPLA1"
9.69300432695769e-05,1.22950177603502,0.25,0.07,1,"9","INO80B"
9.95043749052444e-05,0.733827834115811,0.556,0.243,1,"9","HSPB11"
9.97084984108154e-05,0.495310024347374,0.417,0.152,1,"9","MALT1"
9.99895673462298e-05,0.390860027883233,0.417,0.144,1,"9","OGDH"
0.000100079315801927,0.598315141394033,0.694,0.31,1,"9","FXR1"
0.000100795184784102,0.880631457269429,0.25,0.069,1,"9","SREBF2"
0.00010220630487025,0.352936908062765,0.417,0.148,1,"9","RPS6KB2"
0.000104984535943632,0.593685425741455,1,0.754,1,"9","GABARAP"
0.000108530748282383,0.486087107765477,0.889,0.458,1,"9","SPAG9"
0.000109845837499812,0.304775271337149,0.444,0.159,1,"9","EP300"
0.000110155675747959,0.628189813187484,0.556,0.236,1,"9","PICALM"
0.000113930082043205,0.761934149523773,0.25,0.07,1,"9","NDE1"
0.000117099535542896,1.8979517055752,0.25,0.076,1,"9","SERINC5"
0.000117442434167873,0.666630113092348,0.361,0.12,1,"9","TGFBR1"
0.000118362288483351,0.895394560262972,0.361,0.125,1,"9","FAF1"
0.000119008696721364,0.315417608645008,0.583,0.24,1,"9","B4GALT5"
0.0001200246534436,0.765018293581531,0.417,0.152,1,"9","PLOD3"
0.000122073762133312,1.10385656862543,0.417,0.157,1,"9","USP1"
0.00012270686093176,0.838640513900167,0.389,0.136,1,"9","TRAF7"
0.000123106666904613,0.729696570318295,0.306,0.094,1,"9","QRICH1"
0.000123723237546294,0.393152166496247,0.361,0.123,1,"9","CMTM7"
0.000124772594144147,0.604433766087241,0.528,0.215,1,"9","LASP1"
0.000125015872272298,0.967377144904215,0.25,0.072,1,"9","FKBP15"
0.000128962625143936,0.640764688207385,0.5,0.195,1,"9","BRMS1"
0.000131586502349543,0.533490999620484,0.5,0.196,1,"9","AIG1"
0.000132416459628058,0.816754563383,0.306,0.095,1,"9","ANKRD13A"
0.000136320474310861,0.51488730982382,0.278,0.085,1,"9","HBEGF"
0.000137192454160694,0.363665883529438,0.528,0.209,1,"9","DIAPH1"
0.000139969929407636,0.429482621058361,0.278,0.084,1,"9","BAIAP2"
0.000144338555225114,0.430779941637015,0.444,0.167,1,"9","PAFAH1B2"
0.000144402734403518,1.56427778163989,0.278,0.09,1,"9","TBC1D4"
0.000145125381215791,1.11627739742308,0.306,0.103,1,"9","HEIH"
0.000151661808560074,0.338768022869321,1,0.963,1,"9","RPL41"
0.000153505038080748,0.299742826768552,0.972,0.567,1,"9","TPM4"
0.000157153256428708,0.80029346728996,0.5,0.209,1,"9","NSMCE1"
0.000157519797386279,0.453550582408454,0.722,0.378,1,"9","NUFIP2"
0.000166942024502919,0.712470925899545,0.694,0.34,1,"9","PLSCR1"
0.000166944460999292,0.476810013160656,0.722,0.35,1,"9","GLS"
0.000167998788681291,0.328396642858698,1,0.949,1,"9","RPL37"
0.000170376946915147,0.399361559303718,0.389,0.135,1,"9","GPBP1L1"
0.000172853408468535,0.990287513598632,0.278,0.087,1,"9","KIAA0040"
0.000177679577305904,0.993630436338745,0.417,0.171,1,"9","SPNS1"
0.000177962803994754,0.308963824088136,0.5,0.185,1,"9","DDX54"
0.000178308680051311,0.4831732976802,0.25,0.073,1,"9","ARRDC2"
0.000180699680191917,0.383690540251778,0.5,0.207,1,"9","ABRACL"
0.000180908178592501,0.685722377156774,0.889,0.499,1,"9","ARL6IP1"
0.000181695397258447,0.666414625654303,0.667,0.351,1,"9","MAZ"
0.000183801550579405,0.406558435841515,0.583,0.256,1,"9","FAM107B"
0.000186623292701944,0.847006058623365,0.333,0.115,1,"9","DIPK2A"
0.000187516052622297,0.620475420304893,0.306,0.098,1,"9","NUDT3"
0.000189926885743038,0.700624164652288,0.583,0.258,1,"9","CARD19"
0.00019161033344377,0.858373375273568,0.389,0.146,1,"9","ZDHHC24"
0.000195955739348947,0.783801247363402,0.278,0.085,1,"9","ZDHHC2"
0.000199826593933232,0.532437050045995,1,0.821,1,"9","RPS17"
0.000200287774304127,0.542386459886206,0.917,0.583,1,"9","PTP4A2"
0.000201945146915935,0.46473346298797,0.722,0.333,1,"9","RAB10"
0.000204661966526557,0.766191267055943,0.417,0.168,1,"9","ZFHX3"
0.000205702439506327,0.455884743492029,0.611,0.257,1,"9","EIF2AK4"
0.000206557648358055,0.860718158920408,0.75,0.483,1,"9","TALDO1"
0.000209466297871873,0.890840304188952,0.25,0.075,1,"9","KIF16B"
0.000210036016137861,0.395747017876027,0.444,0.173,1,"9","ZBTB1"
0.000215752618361315,0.959615917421042,0.306,0.102,1,"9","TRAF5"
0.000219804409895167,0.496135532087117,0.972,0.673,1,"9","APRT"
0.000222294476641805,0.68896472896132,0.556,0.246,1,"9","ZFP91"
0.000225845572378964,0.617120906823773,0.778,0.427,1,"9","ADRM1"
0.000228199717838444,1.23369112194027,0.25,0.076,1,"9","PLXNB2"
0.000229727029755365,0.644238429167131,0.389,0.141,1,"9","UBN1"
0.000233112768965906,0.644783191320991,0.833,0.448,1,"9","ALKBH7"
0.000235425172405282,0.709086256357287,0.583,0.259,1,"9","MAP4K4"
0.000235984411337661,1.04426045055072,0.361,0.132,1,"9","HABP4"
0.000237275715535027,0.908919631985462,0.361,0.131,1,"9","ZDHHC12"
0.000237576375877476,0.519198100358686,0.972,0.611,1,"9","HIGD2A"
0.000238489479665928,0.465475041114841,0.611,0.284,1,"9","TMEM256"
0.000246325587938314,1.35619041545031,0.528,0.241,1,"9","NUB1"
0.000247061373680025,1.0178076411912,0.417,0.165,1,"9","CLN3"
0.000252115611745746,0.334153065964767,1,0.965,1,"9","MT-CO3"
0.00025862820948412,0.601918563641494,0.25,0.073,1,"9","WDR54"
0.000258691046282153,0.857472753747626,0.5,0.214,1,"9","DDX39A"
0.000259702200361561,0.867653477912514,0.472,0.2,1,"9","RABGEF1"
0.00026271907483965,0.703055401956768,0.528,0.238,1,"9","NINJ1"
0.000264426418917653,0.499171290064979,0.417,0.16,1,"9","GRK2"
0.000274265326531989,0.81533721653066,0.722,0.437,1,"9","EIF6"
0.000275197493225388,0.391170392947581,0.389,0.14,1,"9","PPP3R1"
0.000277086075553178,0.951675958993579,0.278,0.087,1,"9","BOP1"
0.000277529852187499,0.62860424240111,0.25,0.076,1,"9","DOCK10"
0.000284877712491733,0.694312790570744,0.278,0.085,1,"9","TMEM38B"
0.000284934763763322,0.469570692509968,0.722,0.366,1,"9","PABPC4"
0.000285570574932089,0.686840941197264,0.667,0.341,1,"9","SPCS3"
0.000292691049564684,0.686853486329285,0.306,0.102,1,"9","UHMK1"
0.000293461118595518,0.502095484040231,0.944,0.703,1,"9","PDIA3"
0.000293602893319262,0.439021806054346,0.306,0.1,1,"9","ZCCHC2"
0.000304720542815404,1.08584519952991,0.25,0.077,1,"9","CDK6"
0.000313842659561877,0.429620305872118,0.694,0.338,1,"9","FBL"
0.000320133880050304,0.76904201423362,0.75,0.435,1,"9","H2AFV"
0.000329129183649471,0.577586991039125,0.25,0.075,1,"9","NADSYN1"
0.000329793291436338,0.344312053094829,0.75,0.374,1,"9","PET100"
0.000331187933828909,0.664408634942708,0.333,0.115,1,"9","TXNDC11"
0.000334234378491061,0.308862957055809,0.361,0.132,1,"9","TENT4B"
0.000337644579236317,0.487099101095007,1,0.766,1,"9","SNHG5"
0.000344748869975435,0.43204636616932,0.972,0.572,1,"9","ATP6V1F"
0.000345873820489991,0.560192922202728,0.417,0.16,1,"9","ERO1A"
0.000348646316280891,0.667663847614318,0.611,0.311,1,"9","ARPC5L"
0.000349255862187541,0.856783947972034,0.583,0.277,1,"9","CTNNB1"
0.000355523559942837,1.09696526617107,0.306,0.108,1,"9","NIPSNAP3A"
0.000356082933028782,0.815152396597079,0.306,0.105,1,"9","NAB1"
0.000359809676447216,0.556322513961633,0.694,0.36,1,"9","RAB11A"
0.000363020151531724,0.445665767370627,1,0.729,1,"9","COX6A1"
0.00037258561970193,0.671960087131215,0.472,0.194,1,"9","RBBP4"
0.000378064651197704,0.569894991023824,0.694,0.341,1,"9","NBDY"
0.000380160703357939,0.865423448499152,0.444,0.183,1,"9","PITPNA"
0.000381280895897915,0.309383804734547,0.611,0.285,1,"9","SMCHD1"
0.000383892511335446,1.23434468580795,0.306,0.112,1,"9","ARHGEF2"
0.000387777175569007,0.339468620181562,0.333,0.116,1,"9","NEDD9"
0.000390441750303308,1.01990854478273,0.694,0.371,1,"9","CACYBP"
0.000399243047806345,0.753037906315892,0.389,0.154,1,"9","WDFY2"
0.000402056107245674,0.525705688102025,0.639,0.311,1,"9","PRMT2"
0.000404895171902965,0.699368030970281,0.528,0.243,1,"9","NFAT5"
0.00042015644411416,0.61397801892201,0.639,0.318,1,"9","RAB5A"
0.000421985939950786,1.32945952828799,0.25,0.081,1,"9","AC093673.1"
0.000430133599352598,0.521739193602934,0.917,0.587,1,"9","PSMA2"
0.000431246379059112,0.797843135207537,0.278,0.09,1,"9","DELE1"
0.000432228514589609,0.606029847733379,0.5,0.217,1,"9","RNF126"
0.000436849678865469,0.472953243832937,0.75,0.336,1,"9","LRRFIP2"
0.000451830000923988,0.423042862015304,0.556,0.252,1,"9","ARIH1"
0.000456538294786053,0.321959544855688,0.5,0.202,1,"9","CYLD"
0.000461394153406521,0.693410237591119,0.306,0.103,1,"9","CLPX"
0.000480562714239116,0.539244156332177,0.389,0.151,1,"9","ZSWIM7"
0.000480900201138111,0.616773285846413,0.361,0.133,1,"9","DCAF7"
0.000491441174870687,0.597053181033331,0.806,0.476,1,"9","ATP5F1A"
0.000503327704959085,0.532059697036207,0.972,0.706,1,"9","LINC01578"
0.000504137030499692,0.62360992290633,0.667,0.333,1,"9","MESD"
0.000505556949186255,0.602841248212167,0.5,0.218,1,"9","DHPS"
0.000510437498760686,0.392608037391978,0.972,0.642,1,"9","HNRNPC"
0.00051971174860801,0.46668840480134,0.333,0.126,1,"9","PACS1"
0.000521903831966395,0.471250749211984,0.333,0.123,1,"9","HACD4"
0.000526992454425982,0.916701139825555,0.278,0.093,1,"9","LINC01128"
0.00052893149440247,0.664264035133781,0.306,0.106,1,"9","RMND5A"
0.000535461374527171,1.13762976696916,0.611,0.31,1,"9","OGFRL1"
0.000538046676104734,0.405516813853317,0.25,0.078,1,"9","ZNF846"
0.000544717435087262,0.443783955249811,0.556,0.241,1,"9","HMGN4"
0.000548709241590284,0.538585112143675,0.889,0.501,1,"9","GNB2"
0.000565033431030126,0.372452771795673,0.278,0.091,1,"9","CARD16"
0.000586616924033019,0.284540920022063,0.417,0.161,1,"9","KARS"
0.000590565433399127,0.493318982524116,0.472,0.197,1,"9","CCDC91"
0.000590752077570669,1.21920108912338,0.25,0.085,1,"9","SNN"
0.000591137271678371,0.74107305537284,0.25,0.08,1,"9","PRR14"
0.00059324199916471,0.853826226406991,0.25,0.08,1,"9","MFSD14C"
0.00059436587757927,0.402102524466027,0.694,0.339,1,"9","VSIR"
0.000595321179047782,0.397032119870723,0.583,0.251,1,"9","LSM12"
0.000600448517482958,0.576711353628216,0.417,0.168,1,"9","C7orf50"
0.000600772359871504,1.08612167917035,0.25,0.081,1,"9","FAM91A1"
0.000608641754312482,0.927713342690468,0.333,0.126,1,"9","THAP9-AS1"
0.000610414842936416,0.812980492522682,0.333,0.126,1,"9","DENND5A"
0.000611947904217158,0.573236799454656,0.5,0.225,1,"9","ZNF326"
0.000615165416145177,0.607084955326363,0.444,0.181,1,"9","SCYL1"
0.000619423132835666,0.866933064242358,0.667,0.368,1,"9","IFNGR2"
0.0006302733780304,0.397794822816492,0.278,0.092,1,"9","SLC6A6"
0.000637935281804217,0.318257702914844,0.694,0.329,1,"9","NR1H2"
0.00064433961132635,0.56869932409807,0.528,0.239,1,"9","DCXR"
0.000652323988991881,0.901743436373243,0.694,0.407,1,"9","ARL4A"
0.000655211339554801,0.623134699839775,0.472,0.207,1,"9","UCHL3"
0.000657923766239794,0.797174906597006,0.278,0.096,1,"9","NSMAF"
0.000699571210669742,0.516186024451496,0.889,0.55,1,"9","UBE2I"
0.000700541397350197,0.729696063021094,0.306,0.11,1,"9","VTI1A"
0.00070642026967976,0.885970162914904,0.306,0.108,1,"9","BCKDHA"
0.000709647919626621,0.933324390247516,0.25,0.081,1,"9","ITPK1"
0.000716526430684363,0.517798495900015,0.667,0.352,1,"9","PPP1R2"
0.000738869431704134,0.94704607292682,0.278,0.097,1,"9","SGK3"
0.000753610244324638,0.719066998967355,0.444,0.191,1,"9","UBAC1"
0.000761037661829006,0.456233689477421,0.278,0.092,1,"9","FBXO22"
0.000771720183903945,0.921240572659943,0.361,0.147,1,"9","RCOR1"
0.000778264167458755,0.68033741167581,0.806,0.492,1,"9","ATP5PB"
0.000787572338338388,0.285140829584312,0.583,0.264,1,"9","CMC2"
0.000791662556157807,0.435976728006026,0.333,0.123,1,"9","OTUD5"
0.000792428317084982,1.16569783041959,0.278,0.099,1,"9","FUCA1"
0.000793179868233059,0.440450290884977,1,0.628,1,"9","PSMB3"
0.000804450515425449,0.536926744136984,0.889,0.534,1,"9","RBX1"
0.000810654441771532,0.493525416101885,0.778,0.402,1,"9","MOB1A"
0.000839452544131867,0.657878127599557,0.556,0.276,1,"9","ZNF331"
0.000839629680916454,0.339398350853687,0.639,0.3,1,"9","ECI1"
0.00084747314220304,0.441491700153339,0.806,0.517,1,"9","COX7A2L"
0.000854657341050973,0.615948882979117,0.389,0.156,1,"9","TEDC1"
0.000864739780648841,0.72543178211563,0.444,0.203,1,"9","PTBP3"
0.000868210287180124,0.620589374904309,0.75,0.401,1,"9","GTF3C6"
0.000868487199589725,1.19524878160219,0.278,0.099,1,"9","DNMBP"
0.000868487199589725,1.26253698388589,0.278,0.099,1,"9","DDB2"
0.000875411794526283,0.475179209102832,0.778,0.368,1,"9","UBE2R2"
0.000877627370497189,0.667073818668285,0.389,0.153,1,"9","PGD"
0.000880856617964754,0.496278731757846,0.778,0.451,1,"9","TCP1"
0.00089125432247051,1.26702460493453,0.278,0.102,1,"9","ACER3"
0.000897222670179514,0.412282216583131,0.361,0.138,1,"9","LPGAT1"
0.000900391966691124,0.421004945963997,0.5,0.217,1,"9","WBP2"
0.000916130582041546,0.413892115420826,0.333,0.124,1,"9","SCNM1"
0.000917230347329988,0.295952465828304,0.25,0.081,1,"9","TMC6"
0.000920809933483794,0.720546382511409,0.306,0.11,1,"9","C8orf76"
0.000923957600983248,0.417555252322443,0.389,0.15,1,"9","CNOT1"
0.000931029007421403,0.800104107878826,0.5,0.242,1,"9","MTHFD2"
0.000937587046535312,0.640423694320995,0.25,0.082,1,"9","C18orf21"
0.000977508914572462,0.567034842952074,0.389,0.151,1,"9","ESRRA"
0.00100792804958341,0.584438986115239,0.75,0.413,1,"9","RALY"
0.00101972732617969,0.716980474475015,0.361,0.144,1,"9","UBXN2A"
0.00102553849194826,0.471497930290869,0.361,0.136,1,"9","ZSCAN16-AS1"
0.00103531439174661,0.256780215680892,0.75,0.424,1,"9","PPP1CB"
0.00107501898309408,0.523893069208352,0.528,0.243,1,"9","ANTXR2"
0.00107895201274822,0.710042703149657,0.361,0.147,1,"9","APIP"
0.00108071724904018,0.521866768850397,1,0.852,1,"9","BTG1"
0.00109277807993134,0.508116225585096,0.556,0.262,1,"9","CRELD2"
0.00109298059440902,0.660294529194951,0.917,0.611,1,"9","VDAC2"
0.00109744184901603,0.695002768909531,0.5,0.215,1,"9","COMMD2"
0.00109946886249733,1.18130497722106,0.25,0.089,1,"9","ZADH2"
0.00110052494933612,0.824906610174049,0.417,0.188,1,"9","SMC1A"
0.00113294685084787,0.268551794491475,1,0.948,1,"9","RPL15"
0.00113634787532705,0.378364758923479,1,0.754,1,"9","RNASEK"
0.00114590886664544,0.816694688208927,0.25,0.086,1,"9","CYB5D1"
0.00116977734933451,0.360464097157853,0.833,0.531,1,"9","GTF3A"
0.00118316159879714,0.552238483084815,0.361,0.141,1,"9","ERG28"
0.00120474210751548,0.435108231969976,0.389,0.159,1,"9","UBE2G1"
0.00120514957495018,0.81597160754263,0.25,0.085,1,"9","LIMCH1"
0.00120640064850523,0.298662642196335,0.889,0.526,1,"9","CSRNP1"
0.00120945667497949,0.500974965537794,0.389,0.157,1,"9","KCTD20"
0.00122762160727389,0.521194660243083,0.528,0.247,1,"9","TXNDC17"
0.00125168203004702,1.18500070390979,0.306,0.118,1,"9","PRKD3"
0.0012620149378789,0.362024629083398,1,0.617,1,"9","SERP1"
0.00126646679883277,0.615289414813766,0.306,0.115,1,"9","GPAT4"
0.00127061774401613,0.397710565653725,1,0.728,1,"9","TPI1"
0.00127180536787278,0.729452665369776,0.333,0.134,1,"9","PSPC1"
0.00129573017185704,0.643748389337991,0.528,0.258,1,"9","OAZ2"
0.00130510229682045,0.695637814794855,0.417,0.177,1,"9","SPECC1"
0.00130626140903135,0.873457039117019,0.333,0.133,1,"9","SLC50A1"
0.00130668846382719,0.583237235641977,0.417,0.174,1,"9","NAPRT"
0.00130897311088016,0.35506934945736,0.972,0.685,1,"9","UQCRH"
0.00131315627894601,0.719987635075028,0.389,0.165,1,"9","SSRP1"
0.00131848971331266,0.25563278422825,1,0.978,1,"9","RPL10"
0.00134359149381668,0.26470340907355,1,0.958,1,"9","RPS4X"
0.00138229550359901,0.397907362163225,0.861,0.49,1,"9","CDC37"
0.00138996721728641,0.456388283327705,0.333,0.127,1,"9","NPLOC4"
0.00144761072726166,0.376401243724076,1,0.913,1,"9","MYL6"
0.00145129100942294,0.403921031071683,0.583,0.278,1,"9","LSM6"
0.00146009560010511,0.379305887816168,0.972,0.614,1,"9","SH3BGRL"
0.00146490049030949,0.393662269552512,0.389,0.16,1,"9","ZMYM2"
0.00149853994792588,0.459041089245474,0.722,0.379,1,"9","THOC7"
0.00151642493898154,0.736153620875951,0.361,0.146,1,"9","PPA2"
0.00151972281601166,0.401676072001708,0.667,0.329,1,"9","SPAG7"
0.0015219325435902,1.11890205674444,0.806,0.498,1,"9","HMGN3"
0.00154307854847084,1.3805973708142,0.389,0.184,1,"9","GRSF1"
0.00154833106473833,0.701302351161098,0.889,0.606,1,"9","NFE2L2"
0.00155480986829551,0.710788721523108,0.611,0.321,1,"9","FAAP20"
0.00156067304380947,0.440624256667402,0.611,0.289,1,"9","SLC20A1"
0.00158605534082309,1.15164390291271,0.306,0.125,1,"9","TMEM39A"
0.00159513665850443,0.322873556305017,0.833,0.483,1,"9","EIF3D"
0.00162309888897082,0.468358238535263,0.611,0.304,1,"9","PPHLN1"
0.00162666149309328,0.601786672369149,0.25,0.087,1,"9","ZNF281"
0.00162753263754723,0.715882524400675,0.472,0.228,1,"9","RFTN1"
0.00164726171912765,0.441175516919534,1,0.803,1,"9","RBM3"
0.00166883922560692,0.46709896950667,0.306,0.116,1,"9","TMEM131"
0.00167309235374752,0.562081414460908,0.75,0.438,1,"9","UQCR10"
0.00169538872304678,0.350829188366629,0.5,0.219,1,"9","PDXK"
0.00172416217922758,0.818508410840547,0.306,0.122,1,"9","TMUB1"
0.0017264624077163,0.910886469289449,0.25,0.088,1,"9","LENG1"
0.00173655143002764,0.341248381589133,0.694,0.362,1,"9","DYNC1H1"
0.00173675649647495,0.357862517252003,0.667,0.37,1,"9","CCT6A"
0.00174289305094602,0.846380023779597,0.361,0.155,1,"9","GAA"
0.00175888470064294,0.276815552049583,0.389,0.154,1,"9","C1orf35"
0.0017624000911484,0.35949062599082,0.472,0.208,1,"9","ZNRD2"
0.00177316220974035,0.391166897312575,0.417,0.174,1,"9","TAOK1"
0.00182466154510591,1.15374149757492,0.917,0.627,1,"9","HMGN2"
0.00188673489869911,0.368707752447232,0.306,0.118,1,"9","SIRT7"
0.00189692462617119,0.36110151285161,0.583,0.267,1,"9","MRPL55"
0.00193273078886219,0.299522939886276,0.5,0.235,1,"9","TNFRSF14"
0.00194351537376255,0.665537638102546,0.861,0.62,1,"9","ATP5F1B"
0.00196966912133356,0.252352829048545,0.583,0.277,1,"9","BIRC2"
0.00197751351679981,0.531537579273489,0.778,0.476,1,"9","TBCB"
0.0020332487959992,0.900255897042009,0.361,0.154,1,"9","DTYMK"
0.00203845975066245,0.710025432809529,0.583,0.3,1,"9","RNF114"
0.00207011382587024,0.378707114144812,0.306,0.117,1,"9","IGF2R"
0.00207256578230947,0.446230275303257,0.861,0.526,1,"9","CAP1"
0.00209681535226985,0.445794513939972,0.667,0.355,1,"9","AHSA1"
0.00213307637673808,0.329318988996831,0.972,0.801,1,"9","EIF3K"
0.00215418178780485,0.737747687892775,0.583,0.3,1,"9","CLNS1A"
0.00215430668943161,0.471162758909159,0.694,0.383,1,"9","PSMA5"
0.002166235357014,0.473722467090458,0.444,0.199,1,"9","UROS"
0.00217418390374458,0.273350331039681,0.389,0.162,1,"9","USP3"
0.00217783931274552,0.347743836479042,0.889,0.647,1,"9","DNAJB1"
0.00219020264693333,0.335608787058972,0.444,0.197,1,"9","ARRDC3"
0.00219348216120737,0.701041994615085,0.25,0.092,1,"9","RGS19"
0.00221876342869791,0.344642161264019,0.778,0.409,1,"9","ERP44"
0.00222413568444756,0.407075539890316,0.25,0.089,1,"9","GMPPB"
0.00225030079915548,0.341222234066644,0.417,0.184,1,"9","PDS5A"
0.00225224343964915,0.545505416386449,0.444,0.208,1,"9","SLC25A28"
0.00228107388004878,0.62963409083829,0.5,0.24,1,"9","TMEM141"
0.00230506575475721,0.300740108107308,0.972,0.706,1,"9","YWHAZ"
0.00231443700516815,0.81623605741172,0.25,0.091,1,"9","CS"
0.00240947061072985,1.00444342234816,0.361,0.165,1,"9","COMTD1"
0.00241824075595451,0.451418816583464,0.694,0.389,1,"9","BIN1"
0.00244181368877264,0.337871722804117,0.417,0.179,1,"9","RALB"
0.00244218662196026,0.274608490712762,0.972,0.744,1,"9","SSR4"
0.0024911121766928,0.403547252669657,0.806,0.445,1,"9","NDUFA2"
0.00251028238377945,0.525156228174376,0.694,0.412,1,"9","FKBP5"
0.00252678658523647,0.545239440905443,0.694,0.354,1,"9","FAM89B"
0.0025511716057851,0.382419050442316,1,0.642,1,"9","COPE"
0.00257531449889524,0.612720789010657,0.361,0.152,1,"9","MSRA"
0.00259447322793971,0.467816947368169,0.889,0.628,1,"9","NDUFB2"
0.00260788133461412,0.632834707861321,0.306,0.122,1,"9","SCAMP4"
0.00265685844616233,0.282965897147609,0.556,0.255,1,"9","FRG1"
0.00266889585426402,0.290233486892959,0.472,0.212,1,"9","PBRM1"
0.00267559381716667,0.404532333709913,0.556,0.263,1,"9","MRPL4"
0.00270344854761337,0.503657083167198,0.361,0.153,1,"9","PTPN18"
0.0027954368360535,0.445626817635051,0.278,0.104,1,"9","RAE1"
0.00280898379971886,0.704334969132087,0.25,0.09,1,"9","STAT5A"
0.00286550039083315,0.303712442263297,0.611,0.303,1,"9","DNAJC21"
0.00288161062857004,0.789463493427848,0.25,0.091,1,"9","MCRIP2"
0.00290499074891962,0.517183094352388,0.778,0.48,1,"9","KHDRBS1"
0.00292971833541296,0.812972273023855,0.889,0.608,1,"9","RPS27L"
0.00293182810718679,0.745870627110766,0.306,0.125,1,"9","GSS"
0.00308216152960982,0.267139672201285,0.917,0.726,1,"9","HSPA5"
0.00308367251011991,0.798258435173175,0.306,0.122,1,"9","MTHFS"
0.00312239252927805,0.670519940223484,0.389,0.17,1,"9","QDPR"
0.00313732221397871,0.561729782603674,0.583,0.3,1,"9","SSR1"
0.00316241090473895,0.612120709408281,0.278,0.106,1,"9","RAB30-DT"
0.0031878110191023,0.364936953525687,0.25,0.09,1,"9","CARD8"
0.00321485044796646,0.474040541706374,0.528,0.25,1,"9","ARF3"
0.0033238602545119,0.423792384834591,0.778,0.412,1,"9","CBX3"
0.00338357618285331,0.71369300969428,0.278,0.108,1,"9","MCRS1"
0.00340641246340747,0.560915011815392,0.278,0.109,1,"9","MTF2"
0.00341814473252359,0.250039807815373,0.5,0.24,1,"9","GABPB1-AS1"
0.00341821742972415,0.292225568453156,1,0.854,1,"9","RPL31"
0.00344225702869928,0.269047324683744,0.417,0.185,1,"9","HSPA4"
0.00345790296359968,0.437340154316873,0.278,0.103,1,"9","SETD9"
0.00346363214789082,0.496994896640251,0.556,0.266,1,"9","VBP1"
0.0034673144922301,0.896742332002056,0.333,0.144,1,"9","SNX14"
0.00350329390509637,0.790931532012862,0.25,0.093,1,"9","ABHD13"
0.00360629762868868,0.534763812872601,0.472,0.23,1,"9","MRPL52"
0.00371404319573615,0.370984653421481,0.417,0.187,1,"9","MBD4"
0.00372828956814334,0.328897954268212,0.444,0.199,1,"9","ARID4A"
0.00378000073615469,0.927540953236346,0.389,0.184,1,"9","DCTPP1"
0.00378040301766793,0.4938795100838,0.25,0.095,1,"9","MTMR6"
0.00378699562293595,1.04584547004761,0.25,0.096,1,"9","MMD"
0.003803308297531,0.420433265976127,0.333,0.136,1,"9","FAM192A"
0.00391177395698217,0.418291705025073,0.778,0.478,1,"9","TKT"
0.0039529766948364,0.467219207033139,0.75,0.454,1,"9","ARF5"
0.00403718643618876,0.481940586416953,0.306,0.128,1,"9","FBXO33"
0.00404164676349362,0.616524427312787,0.417,0.191,1,"9","COMMD9"
0.00406655886138721,0.71475333564667,0.278,0.11,1,"9","BCL2L13"
0.00407626423791016,0.750242440018003,0.278,0.112,1,"9","SENP5"
0.00410919537538328,0.425325792621136,0.389,0.175,1,"9","SUZ12"
0.00414151978346086,0.302708345169317,1,0.726,1,"9","UBE2D3"
0.00416539353161514,0.78537742211906,0.25,0.095,1,"9","FOXJ3"
0.00416847506895445,0.369807029181586,0.583,0.308,1,"9","FBXW5"
0.00416992262673243,0.437074232137228,0.417,0.197,1,"9","ZNF292"
0.00419209074217171,0.540075423725897,0.25,0.094,1,"9","NOL12"
0.00420908521055371,0.257158681086134,0.583,0.276,1,"9","NRDC"
0.00421524853047828,0.826253144908923,0.278,0.112,1,"9","AGPAT1"
0.0042248522891597,0.541948006684841,0.389,0.175,1,"9","CTNNAL1"
0.00427532367614838,0.407758480062781,0.583,0.31,1,"9","COPS3"
0.0042953713406203,0.432390370115701,0.25,0.096,1,"9","TUBB3"
0.00431494580793006,0.258922528813949,0.972,0.782,1,"9","RPS10"
0.00437957457966101,0.304911146994148,0.556,0.277,1,"9","LACTB"
0.00438878924481583,0.259815118502487,0.361,0.151,1,"9","INO80"
0.00444026743555576,0.315412410869456,0.5,0.252,1,"9","DAP3"
0.00444209796580203,0.392275887587324,0.278,0.11,1,"9","ZSWIM6"
0.00444321634879257,0.547711683266046,0.444,0.215,1,"9","NECAP2"
0.00445773205773084,0.59797908601807,0.389,0.184,1,"9","OIP5-AS1"
0.00447543159900936,0.280540086947217,0.25,0.093,1,"9","TBC1D1"
0.00447663021267832,0.344616007670778,0.333,0.142,1,"9","DNM2"
0.00452143710244798,0.28917417943299,0.278,0.109,1,"9","FBRSL1"
0.00460346241337649,0.607863803044727,0.333,0.142,1,"9","SDE2"
0.00461292159334759,0.448750403288804,0.556,0.31,1,"9","DNAJB11"
0.00466748245635419,0.37226352519108,0.75,0.4,1,"9","POLD4"
0.00471798991721477,0.959515499928081,0.306,0.131,1,"9","ZNF581"
0.00472938739529044,0.567223658142819,0.528,0.266,1,"9","URM1"
0.00485611847829748,0.366563825246455,0.5,0.25,1,"9","CLPP"
0.00492146155907475,0.617746235132777,0.833,0.488,1,"9","GADD45A"
0.00492509986974344,0.465935921721302,0.861,0.577,1,"9","PRELID1"
0.00495142335749676,0.580047583710953,0.5,0.257,1,"9","PLEC"
0.00495675344959424,0.34185342478641,0.917,0.571,1,"9","ERP29"
0.00499408388715373,1.09865258193837,0.25,0.099,1,"9","AC010226.1"
0.0049992235476236,0.335888524770887,1,0.838,1,"9","MYL12A"
0.00512162744539119,0.265157933910673,0.444,0.202,1,"9","PLGRKT"
0.00517767082633437,0.53532226046731,0.306,0.128,1,"9","RFC2"
0.0052371124636613,0.465564097132254,0.361,0.164,1,"9","NUP98"
0.00524031800422303,0.64339711576374,0.5,0.27,1,"9","DAZAP1"
0.00526448798223572,0.418842571556538,0.472,0.23,1,"9","FAM120A"
0.00528711520272705,0.606130108225388,0.306,0.127,1,"9","GTF2E2"
0.00530187015994866,0.612150748904762,0.361,0.161,1,"9","MGAT2"
0.00536117972680778,0.466413771400196,0.667,0.39,1,"9","TXNL4A"
0.00537225615667147,0.48960929749935,0.472,0.234,1,"9","DARS"
0.0054464446864793,0.706570198502285,0.333,0.148,1,"9","ACSL1"
0.00550992961248395,0.96299141797068,0.278,0.115,1,"9","CLN8"
0.0055119855128347,0.911683114383995,0.25,0.099,1,"9","TRIM13"
0.00553980630066076,0.298391046046829,0.278,0.107,1,"9","STK40"
0.00562346254805814,0.542301433874985,0.639,0.358,1,"9","ATOX1"
0.00567622640746981,0.429606570769065,0.556,0.28,1,"9","USP12"
0.00573970669335117,0.748197412893088,0.389,0.196,1,"9","ZNF503"
0.00585630041375644,0.264779612093182,0.556,0.278,1,"9","DANCR"
0.00589148417542592,0.299701100126805,0.417,0.191,1,"9","QARS"
0.00592003738405742,0.336429842196681,0.833,0.536,1,"9","JMJD1C"
0.00594105150989098,0.298845045404042,0.444,0.204,1,"9","PRKAG1"
0.00595203019513274,0.642763613367552,0.333,0.146,1,"9","HAUS1"
0.00596212632546569,0.501799613823454,0.278,0.112,1,"9","DYM"
0.00616905960262799,0.561282932830532,0.278,0.116,1,"9","TNFSF9"
0.00638776043159832,0.89861683697706,0.25,0.102,1,"9","SMC2"
0.00642292575904388,1.26300262603974,0.444,0.261,1,"9","NECTIN2"
0.00648911701714698,0.271635933766588,0.833,0.504,1,"9","H1FX"
0.00655668889364072,0.459624888821534,0.972,0.838,1,"9","MIF"
0.00657220265131457,0.629382006564018,0.611,0.343,1,"9","CHPT1"
0.00660514340264474,0.251163710779014,0.972,0.58,1,"9","ARHGDIA"
0.00661488375401022,0.548200810564018,0.444,0.239,1,"9","SLBP"
0.00665402889948107,0.597033246037421,0.25,0.099,1,"9","MED17"
0.00671920747469993,0.353554327412104,0.417,0.197,1,"9","SMNDC1"
0.00673432211589422,0.479672068539443,0.917,0.692,1,"9","ATP5MC3"
0.00677415842444713,0.39973026317153,0.444,0.215,1,"9","SND1"
0.00678196500581776,0.324646708923101,0.361,0.163,1,"9","PAF1"
0.00680497052209939,0.54704721451135,0.472,0.239,1,"9","UQCRC1"
0.00681962673919487,0.292097865337184,0.972,0.628,1,"9","BRK1"
0.00714138904529087,0.292788143127071,0.389,0.178,1,"9","MRPS23"
0.00716462507302149,1.17446348074856,0.25,0.107,1,"9","TCEA3"
0.00717471146687818,0.260916465889756,0.917,0.505,1,"9","RBPJ"
0.00728798855360029,1.15986623204774,0.25,0.11,1,"9","NRP2"
0.00740929779832617,0.52499084554353,0.5,0.274,1,"9","DSE"
0.00741556252808307,0.328707892411003,0.944,0.768,1,"9","PPDPF"
0.00744034351499546,0.3868145101601,0.25,0.102,1,"9","RAP2A"
0.0076304390116617,0.33181160744221,0.972,0.687,1,"9","RNH1"
0.00770337410165999,0.646937914759554,0.444,0.226,1,"9","MT-ND6"
0.00774742542095689,0.32727247278153,0.917,0.669,1,"9","COX5B"
0.00780034211795789,0.711002499507746,0.361,0.181,1,"9","NCOR2"
0.00785227897520992,0.76884225105274,0.278,0.119,1,"9","NOC4L"
0.00789735500088731,0.343128751528869,0.889,0.632,1,"9","CYCS"
0.00792956346091065,0.319170434106355,0.472,0.241,1,"9","RABGGTB"
0.00794820528064611,0.784227578432971,0.306,0.14,1,"9","WSB2"
0.00804457160357018,1.14999245778232,0.25,0.105,1,"9","NAF1"
0.00809355358900895,0.357489145717873,0.889,0.638,1,"9","LRRFIP1"
0.00821206620651451,0.407141499130553,0.583,0.314,1,"9","ETFA"
0.00836832230058865,0.591942042141882,0.694,0.477,1,"9","LSM7"
0.00838424690152336,0.408240539639447,0.722,0.386,1,"9","MLF2"
0.00853424346185758,0.588053136223965,0.25,0.1,1,"9","NPM3"
0.0085361142682492,0.255571622505408,0.25,0.1,1,"9","REXO1"
0.00856936140552503,0.691217392526938,0.417,0.209,1,"9","MRPS12"
0.00868496649157943,0.357617191013155,1,0.917,1,"9","DUSP1"
0.00896411495245696,0.292164470218617,0.389,0.179,1,"9","NBN"
0.00904217846638817,0.380828606566047,0.806,0.6,1,"9","C19orf53"
0.00918343432041386,0.56701884578885,0.5,0.256,1,"9","GLTP"
0.00924092352745906,0.402739548983453,0.5,0.264,1,"9","PLEKHA5"
0.00927174025512305,0.274966230269837,0.333,0.15,1,"9","LENG8"
0.00930520494987361,0.394676007400704,0.833,0.524,1,"9","VPS29"
0.00936499317420213,0.276579053587236,0.889,0.555,1,"9","ATP5ME"
0.00942832236713003,0.455071090471735,0.306,0.137,1,"9","TMEM101"
0.00943009073987799,0.363098993057793,0.917,0.581,1,"9","ARPC5"
0.00944372120260056,0.470235537223253,0.278,0.118,1,"9","GPR137"
0.00944967936567978,0.265639778599584,0.889,0.631,1,"9","ATP5PO"
0.00951323187882113,0.391253058319651,0.306,0.138,1,"9","KBTBD2"
0.00955654663009189,0.284711507652644,0.75,0.494,1,"9","MICOS13"
0.00968593525382546,0.667342741384493,0.278,0.12,1,"9","GGCX"
0.0097180799324175,0.407416730398976,0.361,0.165,1,"9","IRAK1"
0.00978569905246294,0.35740322162373,0.306,0.135,1,"9","BIRC6"
0.00982090513271879,0.539765082766984,0.278,0.122,1,"9","EPSTI1"
0,9.03987087842245,1,0.002,0,"10","MZB1"
0,9.98402094954398,1,0.004,0,"10","JCHAIN"
0,6.35217752561227,0.955,0.005,0,"10","IGKC"
0,11.1654562492711,0.818,0.001,0,"10","LILRA4"
0,8.56907639031816,0.773,0.002,0,"10","SCT"
0,12.227700869892,0.773,0.002,0,"10","KRT5"
0,11.7230209728845,0.727,0,0,"10","PTCRA"
1.72441219905835e-300,12.3034276978101,0.545,0,6.31152108977346e-296,"10","LINC02812"
5.24130274194088e-290,8.52735520595196,0.818,0.004,1.91836921657778e-285,"10","SMPD3"
1.61000687576077e-275,11.7006110134124,0.5,0,5.89278616597199e-271,"10","LRRC26"
2.60431230341811e-252,9.41642377643569,0.5,0,9.53204346174061e-248,"10","SLC32A1"
1.24274313850331e-250,9.01788073183676,0.773,0.005,4.54856416123598e-246,"10","DERL3"
1.39230336025991e-239,7.75081461607883,0.545,0.001,5.09596952888731e-235,"10","PACSIN1"
1.12028862059286e-216,9.9238289610382,0.5,0.001,4.10036838023191e-212,"10","SCAMP5"
9.23271668588861e-209,10.2203059665689,0.455,0.001,3.37926663420209e-204,"10","NIBAN3"
1.00254123222552e-192,9.40933067512357,0.455,0.001,3.66940116406862e-188,"10","LAMP5"
1.87847540992071e-184,9.06048445754209,0.409,0.001,6.87540784785079e-180,"10","SHD"
7.19899825430107e-173,6.82809770781644,0.818,0.012,2.63490535105673e-168,"10","TSPAN13"
4.14619963513484e-172,9.07579433475828,0.545,0.004,1.5175505284557e-167,"10","CLEC4C"
6.8203153157763e-154,10.27245159475,0.318,0,2.49630360872728e-149,"10","AC097375.1"
1.01637567184039e-153,8.97790880992791,0.318,0,3.72003659650303e-149,"10","KCNK10"
1.2400573981621e-150,5.97129762417507,0.591,0.006,4.53873408301309e-146,"10","MYBL2"
7.86431888761675e-150,6.63254806615336,0.955,0.022,2.87841935605661e-145,"10","IL3RA"
6.83839452543966e-141,7.677294675585,0.909,0.021,2.50292078025617e-136,"10","PLD4"
3.14623430494834e-129,7.24944852026273,0.273,0,1.15155321795414e-124,"10","AC104024.1"
1.42274964919093e-114,6.98909231719628,0.591,0.01,5.20740599100373e-110,"10","BCL11A"
3.45263871606325e-113,8.79410214230045,0.273,0.001,1.26370029646631e-108,"10","LINC01226"
5.58444269704671e-112,8.63734674777112,0.318,0.002,2.04396187154607e-107,"10","PROC"
5.27858967919821e-108,5.84396789724052,0.636,0.012,1.93201660848334e-103,"10","AC008764.7"
4.69054128740484e-102,4.5456505014558,0.318,0.002,1.71678501660305e-97,"10","IGHM"
1.32175909196522e-90,7.81742290320275,0.273,0.002,4.8377704525019e-86,"10","FAM160A1"
5.17956570388351e-89,4.3898348677384,0.5,0.009,1.8957728432784e-84,"10","CBFA2T3"
1.83081950120218e-87,5.46953967838172,0.318,0.003,6.70098245635009e-83,"10","KCNK17"
2.29219884766743e-87,5.76398124793075,0.591,0.014,8.38967700234757e-83,"10","SPIB"
5.73062667833585e-87,5.9396549487857,0.773,0.027,2.0974666705377e-82,"10","SEL1L3"
2.47500629392011e-86,6.39306060658274,0.455,0.008,9.05877053637701e-82,"10","AC034236.2"
4.50726626583863e-84,6.55112765549839,0.364,0.004,1.6497045259596e-79,"10","LINC00996"
7.11901560041421e-82,5.6427526476693,0.727,0.025,2.60563089990761e-77,"10","NCF1"
9.99510689717125e-80,5.57721214265534,0.364,0.005,3.65830907543365e-75,"10","AC023590.1"
2.23456342930575e-74,4.89731183291016,0.591,0.018,8.17872560760197e-70,"10","ZFAT"
1.92025167289996e-68,7.19806336666789,0.318,0.004,7.02831314798114e-64,"10","RGS13"
1.54377715444149e-66,6.34434211577129,0.364,0.006,5.6503787629713e-62,"10","P2RX1"
2.17728016350841e-65,5.68004976796477,0.591,0.02,7.96906312645714e-61,"10","ARMH1"
1.3607289132266e-64,6.37946506781698,0.318,0.005,4.98040389530067e-60,"10","PALD1"
1.89986405030677e-64,5.60731222959745,0.318,0.005,6.95369241052779e-60,"10","AMN"
9.30995965560975e-64,6.36351341626924,0.955,0.066,3.40753833354972e-59,"10","IRF4"
3.72554214430176e-62,5.47407680237113,0.818,0.046,1.36358568023589e-57,"10","RUBCN"
2.36129322551291e-60,5.81750563380601,0.273,0.004,8.6425693346998e-56,"10","TTC39A"
1.65390444881562e-59,6.25444559021982,0.455,0.013,6.05345567311006e-55,"10","NEK8"
1.82898418730642e-58,5.21847372477043,0.591,0.024,6.69426502396021e-54,"10","ICOSLG"
8.72993050156853e-55,5.93980645343844,0.545,0.022,3.1952418628791e-50,"10","VASH2"
4.36746340634863e-54,6.63952004831466,0.636,0.031,1.59853528135766e-49,"10","EGLN3"
4.65250262822429e-53,5.94484996909635,0.409,0.012,1.70286248695637e-48,"10","SEMA7A"
1.79240109612791e-52,5.52640431410395,1,0.092,6.56036725193777e-48,"10","LDLRAD4"
6.01647168634712e-51,5.16770485963903,0.5,0.019,2.20208880191991e-46,"10","GNG7"
4.22639202965332e-47,4.28239725449688,0.955,0.09,1.54690174677341e-42,"10","IRF8"
1.04030776497397e-46,4.44743281700483,0.364,0.01,3.80763045058121e-42,"10","LINC02207"
5.35407288041928e-46,4.32447890779135,0.636,0.036,1.95964421496226e-41,"10","CYBB"
2.48033108251911e-45,5.48075516430735,0.318,0.008,9.0782597951282e-41,"10","SCN9A"
2.99064225779866e-45,5.32455484961055,0.318,0.008,1.09460497277689e-40,"10","PPM1J"
4.16240683891414e-45,4.0910979667029,0.909,0.08,1.52348252711096e-40,"10","THEMIS2"
5.77635460534293e-45,4.46402716245513,1,0.101,2.11420354910156e-40,"10","GZMB"
5.52893351774615e-44,6.20823485283509,0.318,0.008,2.02364495683027e-39,"10","PPP1R14B-AS1"
9.29824024885431e-43,5.09058359768445,0.636,0.04,3.40324891348317e-38,"10","LILRB4"
2.26119540387379e-42,4.01317144516904,0.727,0.053,8.27620129771845e-38,"10","FCHSD2"
2.57635108001977e-41,4.31943134434036,0.864,0.08,9.42970258798038e-37,"10","PLAC8"
2.46594239649861e-40,5.05074403507809,0.364,0.012,9.02559576542458e-36,"10","SIDT1"
4.83112022303256e-39,4.08355351425053,0.545,0.031,1.76823831283215e-34,"10","RUNX2"
7.40205694603407e-39,3.68936298223813,0.773,0.063,2.70922686281793e-34,"10","SPINT2"
1.52657887711731e-38,4.25315367970114,0.818,0.077,5.58743134813706e-34,"10","GNA15"
2.62851427892354e-38,4.68734631051854,0.455,0.022,9.62062511228805e-34,"10","SPNS3"
3.05250217542202e-38,4.65642242378026,0.5,0.026,1.11724632122621e-33,"10","CXCR3"
3.92885302751077e-38,3.73786123727422,0.682,0.051,1.43799949659922e-33,"10","RNASE6"
5.73169308234718e-38,3.73605425304314,0.909,0.1,2.09785698506989e-33,"10","SLC7A5"
7.94761489222598e-37,3.89642141361778,0.636,0.045,2.90890652670363e-32,"10","PRKCB"
5.67607530804568e-36,5.54703706373596,0.318,0.011,2.0775003234978e-31,"10","AL136987.1"
1.14826330362329e-35,5.92365981634237,0.455,0.024,4.20275851759162e-31,"10","AC239799.2"
2.31620088788535e-35,4.02348567199268,1,0.146,8.47752686974919e-31,"10","ALOX5AP"
2.75964172666346e-35,4.22720021548427,0.909,0.114,1.01005646837609e-30,"10","SLC15A4"
3.39316476769088e-35,4.61742741480871,0.545,0.036,1.24193223662254e-30,"10","FADS1"
5.06057257990031e-35,4.28119173992034,0.545,0.035,1.85222016996931e-30,"10","CERS6"
7.0961305355016e-35,6.09244360814919,0.273,0.008,2.59725473729894e-30,"10","PFKFB2"
1.29687037926286e-34,4.69385284418528,0.409,0.02,4.74667527513999e-30,"10","ZBTB18"
4.03695274045612e-33,4.62986417742479,0.409,0.02,1.47756507253435e-28,"10","LILRA5"
6.80448516663406e-33,5.03781807013728,0.364,0.016,2.49050961583973e-28,"10","HS3ST3B1"
2.55130037378273e-32,5.98070998636684,0.318,0.012,9.33801449808217e-28,"10","CYP46A1"
6.60531012117642e-32,3.27405366612532,0.818,0.088,2.41760955745178e-27,"10","IGFLR1"
6.15128421306577e-31,3.65774619778926,0.727,0.072,2.2514315348242e-26,"10","CLIC3"
5.67798928144778e-30,4.79989430524294,0.273,0.01,2.0782008569027e-25,"10","CCDC189"
8.09401589257442e-30,3.10297670587381,0.636,0.054,2.96249075684116e-25,"10","SELL"
8.14505550677062e-30,4.68688774181123,0.5,0.036,2.98117176603312e-25,"10","AC024560.5"
9.23728452090584e-30,2.99867005765833,0.818,0.093,3.38093850749675e-25,"10","LIME1"
1.06391113091826e-29,3.67881365093989,0.818,0.104,3.89402113027392e-25,"10","BCL2L11"
1.15228269996044e-29,5.33778280762703,0.364,0.018,4.21746991012521e-25,"10","CSF2RB"
1.16791365593507e-29,4.52423936551108,0.364,0.018,4.27468077208794e-25,"10","AL365272.1"
1.53351840940516e-29,4.39390240506273,0.409,0.023,5.61283073026384e-25,"10","AC009404.1"
2.82689336374132e-29,4.21019012737986,0.955,0.166,1.03467124006296e-24,"10","C12orf75"
4.68338731052547e-29,3.64010603660295,0.909,0.126,1.71416658952543e-24,"10","RAB11FIP1"
1.39668700558181e-28,4.35136974797806,0.955,0.168,5.11201410912999e-24,"10","GPR183"
4.62487378240422e-28,3.78538462481576,0.773,0.095,1.69275005309777e-23,"10","PMEPA1"
9.15512620422325e-28,4.31747909513688,0.545,0.045,3.35086774200775e-23,"10","POLB"
2.53411565536942e-27,3.98454832941632,0.455,0.032,9.27511671021762e-23,"10","CRYM"
2.5792969752528e-27,4.153406042336,0.409,0.025,9.44048485912277e-23,"10","ARHGAP27"
2.67204670286519e-27,4.13282910096948,0.318,0.015,9.77995813715689e-23,"10","FXYD2"
1.25767617935118e-26,3.4484273321672,0.864,0.134,4.60322058404326e-22,"10","TGFBI"
1.57399181873521e-26,4.65051983896343,0.273,0.011,5.76096745575275e-22,"10","GAPT"
2.33769715390087e-26,4.32089131382843,0.909,0.173,8.55620535299259e-22,"10","IRF7"
2.88528276431639e-26,4.33929344372462,0.455,0.034,1.05604234456744e-21,"10","DAPK1"
6.0119553298795e-26,4.58437309259113,0.318,0.016,2.20043577028919e-21,"10","VIPR2"
2.8673740298609e-25,4.38552635718101,0.364,0.022,1.04948756866939e-20,"10","BCL7A"
4.37325996525514e-25,4.63950972602754,0.955,0.219,1.60065687988303e-20,"10","ITM2C"
4.85520803410676e-25,3.70576206042612,0.545,0.05,1.77705469256342e-20,"10","FAM53B"
5.86902516486992e-25,5.01129401297804,0.273,0.012,2.14812190059404e-20,"10","AC005332.1"
6.54713190814753e-25,3.50412963582909,0.773,0.111,2.39631574970108e-20,"10","CD2AP"
1.5865925766962e-24,3.95738876361068,0.773,0.115,5.80708748996576e-20,"10","CYB561A3"
1.98854933245728e-24,2.88478441529237,0.727,0.088,7.27828941172688e-20,"10","HLA-DMB"
2.06321394615301e-24,5.75039240272695,0.273,0.012,7.55156936431464e-20,"10","AC026369.3"
2.33195538447461e-24,3.72915800110667,0.955,0.184,8.53518990271552e-20,"10","RGS1"
2.63791485929787e-24,2.67965267538931,0.727,0.086,9.65503217651613e-20,"10","AC004687.1"
1.0252560613315e-23,3.23902849749059,0.636,0.071,3.75253971007941e-19,"10","JAML"
2.40422083844377e-23,4.05332173624396,0.727,0.107,8.79968869078805e-19,"10","TRAF4"
3.23395164259693e-23,3.5965553643808,0.545,0.054,1.1836586407069e-18,"10","INPP4A"
4.11657304948383e-23,3.31811706034281,0.409,0.029,1.50670690184158e-18,"10","CARD11"
4.84715292947996e-23,3.77489982714427,0.727,0.101,1.77410644371896e-18,"10","TP53I11"
5.46163456365729e-23,3.86704263961909,0.955,0.217,1.9990128666442e-18,"10","FYTTD1"
7.70873948365022e-23,5.25400897212139,0.364,0.024,2.82147573841082e-18,"10","LINC00910"
8.15786913554727e-23,3.13403635692247,0.636,0.075,2.98586168230166e-18,"10","BANP"
6.06059101293978e-22,4.61002089315057,0.864,0.181,2.21823691664609e-17,"10","NR4A3"
8.51350254927312e-22,3.55775076417007,0.455,0.04,3.11602706805946e-17,"10","LAIR1"
1.03864250455849e-21,4.35759142544019,0.318,0.02,3.80153543093454e-17,"10","TNNI2"
1.09945721290233e-21,1.91012512725959,0.909,0.144,4.02412334494382e-17,"10","FCER1G"
1.40278906581675e-21,4.50727860722023,0.409,0.033,5.13434825979588e-17,"10","ARID3A"
2.33506531041943e-21,4.53320351040896,1,0.285,8.54657254266616e-17,"10","SOX4"
2.6051701372764e-21,4.08808080454228,0.318,0.02,9.53518321944535e-17,"10","GRAMD1B"
3.30690055380198e-21,3.1389949608328,0.773,0.12,1.21035867169706e-16,"10","IKZF1"
6.15670025945978e-21,3.77576776994623,0.318,0.02,2.25341386196488e-16,"10","WDFY4"
6.64129093584944e-21,4.01541974192461,0.318,0.02,2.43077889543025e-16,"10","LY9"
2.04208232793876e-20,2.48646170300252,0.364,0.026,7.47422552848867e-16,"10","TMIGD2"
2.23830502264014e-20,4.55550786980444,0.273,0.015,8.19242021336517e-16,"10","CCDC138"
3.78621224372926e-20,3.72945629678904,0.364,0.028,1.38579154332735e-15,"10","P2RY14"
9.52967266082405e-20,3.76587435030406,0.455,0.044,3.48795549058821e-15,"10","SPN"
1.00208009524355e-19,3.86120633953937,0.591,0.079,3.6677133566009e-15,"10","SH2B3"
2.07240261081152e-19,3.92025463629304,0.682,0.113,7.58520079583124e-15,"10","CLN8"
2.14216319735447e-19,3.09623534490586,0.364,0.028,7.84053151863709e-15,"10","ATP2A3"
2.78070267256031e-19,3.21338574813281,0.5,0.057,1.0177649851838e-14,"10","MOB1B"
3.07496648847988e-19,3.22636122933557,0.455,0.044,1.12546848444852e-14,"10","CYFIP2"
4.1742438153353e-19,2.99052591773727,1,0.273,1.52781497885087e-14,"10","EZR"
6.88097250286487e-19,3.41202450119558,0.545,0.068,2.51850474577357e-14,"10","HYOU1"
7.42247220723943e-19,2.61918977761206,0.864,0.168,2.7166990525717e-14,"10","VAMP8"
1.08170191742833e-18,4.37122486932814,0.273,0.017,3.95913718797942e-14,"10","SCARB1"
1.63051540883175e-18,3.87380553056668,0.455,0.048,5.96784944786509e-14,"10","OTULINL"
3.49024749024033e-18,3.66222106240476,0.455,0.049,1.27746548390286e-13,"10","OPN3"
3.94974165450479e-18,3.03784651650996,0.773,0.155,1.4456449429653e-13,"10","CORO1C"
5.76710995700668e-18,3.17446775477503,1,0.328,2.11081991536402e-13,"10","GRASP"
6.99898954124343e-18,3.26881679953049,0.636,0.1,2.56170016199051e-13,"10","AC253572.2"
7.37245170297659e-18,3.78963150783824,0.409,0.04,2.69839104780646e-13,"10","GRAMD4"
8.36122088012909e-18,3.47352032881412,0.955,0.264,3.06029045433605e-13,"10","AREG"
1.41238531726225e-17,1.41102919641539,1,0.256,5.16947149971156e-13,"10","HLA-DRA"
1.75464311226149e-17,3.07981833384895,0.545,0.073,6.42216925518826e-13,"10","DCK"
1.83526107863271e-17,3.18352166476302,0.636,0.099,6.71723907390359e-13,"10","LYN"
2.55020291209649e-17,3.61887214100798,0.273,0.018,9.33399767856436e-13,"10","PIK3CG"
3.01471293396223e-17,2.99061503618408,0.591,0.087,1.10341508095952e-12,"10","PPM1K"
4.77212457966812e-17,0.721940371393328,1,0.248,1.74664531740433e-12,"10","HLA-DPA1"
7.04477173808246e-17,2.43841987121862,1,0.314,2.57845690385556e-12,"10","CD74"
7.76613133431504e-17,3.70715236858773,0.273,0.019,2.84248172967265e-12,"10","LINC01678"
7.97355715861601e-17,3.79456312590016,0.5,0.066,2.91840165562504e-12,"10","MED26"
1.04825102376222e-16,1.16266589988887,1,0.244,3.83670357207209e-12,"10","HLA-DRB1"
1.14299622622642e-16,2.63266258902626,1,0.301,4.18348048761133e-12,"10","CXCR4"
1.4180823979876e-16,2.96886188108611,0.864,0.225,5.19032338487441e-12,"10","TSPYL2"
2.42598793331181e-16,2.53847664824515,0.545,0.073,8.87935843471456e-12,"10","CD4"
3.12079454150403e-16,3.67878433024084,0.409,0.044,1.14224201013589e-11,"10","ABHD15"
3.66834517093115e-16,1.55257788321669,0.909,0.173,1.34265101601251e-11,"10","TYROBP"
3.87060983188752e-16,3.03756969151869,0.909,0.328,1.41668190456915e-11,"10","RNASET2"
1.18960825818189e-15,3.50219634907375,0.409,0.045,4.35408518577154e-11,"10","CIITA"
1.3512848794058e-15,3.04301104822339,0.727,0.152,4.94583778711317e-11,"10","CDYL"
1.39157561870517e-15,2.55623846553345,1,0.732,5.09330592202278e-11,"10","SEC61B"
1.48803686893502e-15,2.34619614132932,0.364,0.034,5.44636374398907e-11,"10","SLA2"
2.11050136481683e-15,2.78933744688874,0.545,0.088,7.72464604536609e-11,"10","RPS6KA4"
2.2315505810261e-15,2.82982403297791,0.727,0.152,8.16769828161364e-11,"10","SEC11C"
2.71530847556267e-15,3.53066707001911,0.364,0.037,9.93830055140692e-11,"10","HVCN1"
2.80891015134588e-15,1.71800988456727,0.818,0.172,1.02808920449411e-10,"10","HLA-DMA"
2.81303558450756e-15,1.01437224258703,0.955,0.268,1.02959915428561e-10,"10","HLA-DPB1"
3.02576814362884e-15,1.98849556659451,0.727,0.146,1.10746139824959e-10,"10","AC007952.4"
3.80585968976852e-15,2.58422032632107,0.864,0.249,1.39298270505217e-10,"10","MAN2B1"
4.4865649692503e-15,3.16804528044013,0.545,0.087,1.6421276443953e-10,"10","ST6GALNAC4"
4.50063969007365e-15,4.50129957806227,0.409,0.048,1.64727913296386e-10,"10","AGPAT5"
5.42532716612408e-15,3.45625347260395,0.818,0.244,1.98572399607308e-10,"10","DUSP5"
6.85227638658655e-15,2.11916573269022,0.591,0.093,2.50800168025454e-10,"10","FERMT3"
6.94816509269309e-15,3.47968324835038,0.636,0.13,2.5430979055766e-10,"10","UNC93B1"
7.19539597046405e-15,4.23316535553684,0.273,0.022,2.63358687914955e-10,"10","AP1S3"
8.44983176727681e-15,2.05606440112582,0.909,0.219,3.09272292514099e-10,"10","CD37"
1.3630554299099e-14,3.23155349444277,1,0.445,4.98891917901321e-10,"10","RGS2"
1.65419094706002e-14,3.24784718579619,0.318,0.03,6.05450428533437e-10,"10","AL355075.4"
1.8319789164292e-14,4.79988067149366,0.273,0.022,6.70522603202251e-10,"10","HIST2H2BE"
2.89889675932344e-14,2.15520247067797,1,0.421,1.06102520287997e-09,"10","CTSB"
3.11255229444194e-14,3.40831715642318,0.455,0.063,1.13922526528869e-09,"10","CIB2"
3.87794390438528e-14,3.10940117043915,0.955,0.553,1.41936624844406e-09,"10","PPP1R14B"
4.53943649996807e-14,1.86273320042649,0.955,0.242,1.66147915335331e-09,"10","LAPTM5"
1.13974141386654e-13,2.84463279691212,0.636,0.131,4.17156754889293e-09,"10","N4BP2L1"
1.62361939229937e-13,2.66416483485149,0.636,0.125,5.94260933775492e-09,"10","CBX4"
2.529224745284e-13,3.1305203876484,0.273,0.024,9.25721549021395e-09,"10","KANTR"
2.67586774453677e-13,2.30154046703068,0.636,0.12,9.79394353177903e-09,"10","RBM38"
2.77713311278098e-13,3.88504243905223,0.318,0.033,1.01645849060897e-08,"10","SYK"
3.90285996401597e-13,3.82625251991927,0.273,0.025,1.42848577542949e-08,"10","CLCN5"
4.68818605513209e-13,2.70091743188049,0.455,0.067,1.7159229780389e-08,"10","DNASE1L3"
5.1153013428721e-13,2.31099841377596,0.455,0.065,1.87225144450462e-08,"10","PARVG"
5.52495807899818e-13,2.57551065908496,0.5,0.078,2.02218990649412e-08,"10","ARHGAP4"
6.85937077991522e-13,2.11269144615468,1,0.624,2.51059829915677e-08,"10","NPC2"
7.05159436329263e-13,2.95634822440663,0.273,0.025,2.58095405290874e-08,"10","AC139887.2"
9.49600629006967e-13,1.87716177991434,1,0.745,3.4756332622284e-08,"10","SSR4"
1.07980810914348e-12,3.24113009389389,0.591,0.128,3.95220566027606e-08,"10","SEPHS1"
1.35889186740477e-12,2.07370717704359,0.727,0.163,4.97368012388821e-08,"10","GPSM3"
2.11185945016554e-12,2.86185537618728,0.636,0.145,7.72961677355088e-08,"10","PARVB"
2.6771415670312e-12,3.35384222592806,0.364,0.046,9.7986058494909e-08,"10","Z93241.1"
2.75506460172504e-12,2.24117415244438,0.727,0.173,1.00838119487738e-07,"10","CDK2AP2"
3.7797626268696e-12,1.94920047656157,0.318,0.034,1.38343091906054e-07,"10","PPP1R14A"
3.84298154870582e-12,2.17948913254178,0.545,0.095,1.40656967664182e-07,"10","SYNGR2"
4.09101100090423e-12,3.67697546511298,0.273,0.027,1.49735093644096e-07,"10","SNCA"
5.04434253307913e-12,3.08627375361848,0.591,0.13,1.84627981053229e-07,"10","TMEM107"
5.04710745336649e-12,3.19281226373946,0.545,0.111,1.84729179900667e-07,"10","LPIN1"
5.15427479046872e-12,2.35508878538309,0.636,0.139,1.88651611605946e-07,"10","PTPRE"
5.29037058107529e-12,2.44858133405596,0.955,0.558,1.93632853637937e-07,"10","YPEL5"
6.22945866739724e-12,3.51482086339799,0.273,0.027,2.28004416685407e-07,"10","CDCA7L"
6.32645537230664e-12,1.99455844170847,0.909,0.34,2.31554593081796e-07,"10","HNRNPUL1"
6.96252661411187e-12,2.63288209017934,0.273,0.026,2.54835436603108e-07,"10","CYSLTR1"
7.14945456962651e-12,3.94192110593168,0.273,0.028,2.616771867029e-07,"10","BAHCC1"
9.35657640690223e-12,3.5295661659865,0.318,0.038,3.42460053069028e-07,"10","SRC"
9.86931396921517e-12,3.49817664116129,0.5,0.09,3.61226760587244e-07,"10","NPIPB5"
1.00066853572054e-11,2.56547822921184,0.864,0.275,3.66254690759074e-07,"10","ZNF331"
1.01127036721117e-11,1.19543297345246,0.682,0.142,3.70135067102959e-07,"10","HLA-DQB1"
1.01467551519587e-11,2.15922327589835,0.727,0.187,3.7138138531684e-07,"10","OGT"
1.13358496613868e-11,2.85758545700198,0.409,0.06,4.14903433456418e-07,"10","LPXN"
1.38910858688697e-11,3.08598069832656,0.455,0.075,5.08427633886501e-07,"10","KLHL15"
1.60723731778872e-11,2.50707783615042,0.545,0.111,5.88264930683849e-07,"10","CUX1"
1.71832410642237e-11,2.59911319693003,0.455,0.073,6.28923806191653e-07,"10","CORO7"
1.92594187803171e-11,4.4441867434671,0.364,0.049,7.04913986778388e-07,"10","PRMT9"
2.16018829638599e-11,3.44918712028428,0.5,0.093,7.90650518360237e-07,"10","EDEM1"
2.39366515523477e-11,2.06487585966483,0.955,0.638,8.76105383467477e-07,"10","SPCS1"
3.20210702568897e-11,2.54029401871968,0.864,0.324,1.17200319247242e-06,"10","CCDC50"
3.22384112292958e-11,3.47110065963884,0.318,0.04,1.17995808940346e-06,"10","HOMER1"
3.91182860653142e-11,2.02416323843167,0.909,0.311,1.43176838827656e-06,"10","MARCKSL1"
4.09767449860132e-11,2.65072200487476,0.273,0.028,1.49978984323307e-06,"10","PPP1R16B"
4.13265712476048e-11,2.38760725920549,0.818,0.3,1.51259383423358e-06,"10","MAPKAPK2"
4.60798510762988e-11,3.45879535033294,0.318,0.04,1.68656862924361e-06,"10","CLMN"
5.78331199409028e-11,2.86366993526733,0.591,0.144,2.11675002295698e-06,"10","GNA12"
7.25866902543244e-11,2.34118413118031,0.5,0.093,2.65674544999853e-06,"10","PHACTR1"
7.37160911896102e-11,1.90992152301394,0.955,0.468,2.69808265363092e-06,"10","APP"
8.2233690545098e-11,2.23818885907086,0.591,0.123,3.00983530764113e-06,"10","SLC38A1"
8.80762848624311e-11,2.12117801938227,0.955,0.397,3.22368010224984e-06,"10","SNHG7"
1.0614904684551e-10,2.42063479351065,0.5,0.097,3.88516126359251e-06,"10","CERK"
1.09268904981222e-10,3.0634838176128,0.545,0.128,3.99935119121772e-06,"10","ALG2"
1.11084631546008e-10,2.28503069732054,0.318,0.04,4.06580859921543e-06,"10","AC245014.3"
1.16161347386575e-10,3.56105063953626,0.273,0.03,4.25162147569604e-06,"10","MPEG1"
1.18201943114524e-10,2.57841904529135,0.955,0.619,4.32630931993471e-06,"10","HERPUD1"
1.18262806843682e-10,1.65608711674165,1,0.755,4.32853699328559e-06,"10","PABPC1"
1.43164694244737e-10,2.77952369744841,0.318,0.041,5.2399709740516e-06,"10","ADAM19"
1.67709600613919e-10,0.999292937341328,1,0.959,6.13833909207004e-06,"10","RPS3A"
1.70291276901394e-10,2.13322306234648,0.955,0.468,6.23283102586791e-06,"10","EIF4A3"
1.81685023318823e-10,1.85632106960855,1,0.619,6.64985353849223e-06,"10","SERP1"
1.87160728573706e-10,3.47659651149381,0.273,0.031,6.8502698265262e-06,"10","CHAF1A"
2.22367159445896e-10,0.872676983556676,1,0.946,8.13886040287923e-06,"10","RPL6"
2.26333750550528e-10,2.71404679229527,0.545,0.116,8.28404160389989e-06,"10","IGF2R"
2.32247657686421e-10,1.26544708880452,0.318,0.04,8.50049651898071e-06,"10","FCER1A"
2.33332877848567e-10,1.62498203465858,0.591,0.132,8.54021666213539e-06,"10","TFRC"
2.4851141916981e-10,3.18081513171115,0.545,0.124,9.09576645303422e-06,"10","SLC35E1"
2.6999372024576e-10,2.53792099619012,0.5,0.098,9.88204015471507e-06,"10","CCDC69"
3.01605203201682e-10,1.65784442384366,0.727,0.177,1.10390520423848e-05,"10","CORO1A"
3.23303318690899e-10,0.899393997633531,1,0.935,1.18332247674056e-05,"10","RPS11"
4.64564761585594e-10,2.33835839075166,0.818,0.322,1.70035348387943e-05,"10","MAP3K2"
4.85527301447619e-10,1.25172762843607,0.545,0.107,1.77707847602843e-05,"10","LTB"
4.88488065767284e-10,2.06700216096965,0.955,0.733,1.78791516951484e-05,"10","CYBA"
5.04843959587978e-10,1.92030988948169,0.773,0.229,1.84777937648796e-05,"10","H2AFX"
5.26722871140837e-10,2.56919647491851,0.318,0.042,1.92785838066258e-05,"10","CYTH4"
5.41858284507213e-10,2.24523328993745,0.909,0.437,1.98325550712485e-05,"10","NR3C1"
5.44927386760101e-10,2.51721726472535,0.864,0.366,1.99448872828064e-05,"10","CREM"
6.54566931260547e-10,2.94119330055235,0.455,0.087,2.39578042510673e-05,"10","A1BG"
6.67860160687509e-10,2.47418290021661,0.909,0.475,2.44443497413235e-05,"10","LINC-PINT"
6.75378167267547e-10,1.87924297630101,0.727,0.218,2.47195163001595e-05,"10","CCDC88A"
7.35761642572218e-10,3.15435111710975,0.591,0.157,2.69296118797858e-05,"10","RANBP2"
8.39190292357092e-10,1.91177726599475,0.909,0.408,3.07152038905619e-05,"10","IRF2BP2"
8.54287079166502e-10,3.20363235517168,0.455,0.09,3.12677613845732e-05,"10","TCOF1"
9.04349682185682e-10,2.59468256747715,0.591,0.15,3.31001027176782e-05,"10","RELL1"
1.12479841477327e-09,1.98378438607801,0.909,0.684,4.11687467791165e-05,"10","HSP90B1"
1.14515453498184e-09,2.37241881231443,0.273,0.033,4.19138011348703e-05,"10","MS4A4A"
1.36783277192793e-09,2.47193461189802,0.636,0.176,5.00640472853343e-05,"10","OFD1"
1.44738382143345e-09,3.08685769512327,0.409,0.074,5.29756952482858e-05,"10","THBD"
1.51048746113255e-09,2.60881955255832,0.545,0.133,5.52853515649123e-05,"10","STMN1"
1.66856330842537e-09,1.88112160702061,0.818,0.306,6.10710856516771e-05,"10","ITGAE"
1.69575545882903e-09,1.81609760422742,0.727,0.212,6.20663455486015e-05,"10","SEPTIN6"
1.72086212832988e-09,1.68377971969387,0.773,0.256,6.29852747590018e-05,"10","NME4"
1.91438640944764e-09,1.90455903877383,0.909,0.403,7.00684569721929e-05,"10","MOB1A"
1.9789536419593e-09,2.11361169548165,0.682,0.193,7.24316822493524e-05,"10","FMNL1"
2.13116277969428e-09,2.43587732148554,0.318,0.045,7.80026888995902e-05,"10","NCF4"
2.3639015787274e-09,3.02250834766062,0.773,0.303,8.65211616830015e-05,"10","ZC3HAV1"
2.59525909544649e-09,1.69733942364939,0.955,0.482,9.49890781524371e-05,"10","HMGN1"
2.63016852882143e-09,1.58103175301866,1,0.639,9.62667983233931e-05,"10","AKAP13"
2.69365645965286e-09,1.70651798480643,0.955,0.57,9.85905200797543e-05,"10","RRBP1"
2.78327968374709e-09,2.42597472038647,0.364,0.06,0.000101870819704827,"10","IKBKB"
2.8423387587427e-09,2.02475273767481,0.909,0.573,0.000104032440908742,"10","ERP29"
2.93902202029007e-09,2.85728561626797,0.5,0.115,0.000107571144964637,"10","DIPK2A"
3.19693993523544e-09,1.91249850365687,0.818,0.314,0.000117011198569552,"10","SMG1"
3.539644566632e-09,3.05189528353513,0.727,0.267,0.000129554530783298,"10","ODC1"
3.7448551893422e-09,2.64479898763682,0.455,0.093,0.000137065444785114,"10","RAPGEF2"
3.7668784367713e-09,2.51267081004459,0.818,0.324,0.000137871517664266,"10","MAP2K3"
3.83142027592456e-09,1.96888728747092,0.682,0.187,0.000140233813519115,"10","UCP2"
4.21848671206637e-09,2.12468397346711,0.773,0.287,0.000154400832148341,"10","PPP1R10"
4.24957909723342e-09,2.18477548363165,0.773,0.323,0.000155538844537841,"10","RNF149"
5.16067266094764e-09,2.54711527536675,0.409,0.077,0.000188885780063345,"10","HPCAL1"
5.20117310668133e-09,2.10149983425194,0.682,0.213,0.000190368136877643,"10","TRABD"
5.6680519869607e-09,2.93662325171109,0.5,0.123,0.000207456370774749,"10","PDPK1"
6.52629906084411e-09,3.00213467605532,0.318,0.049,0.000238869071925955,"10","TARBP1"
6.79317923785339e-09,2.21503907555019,0.773,0.338,0.000248637153284672,"10","BRD4"
7.16431986046021e-09,2.12857986781294,0.545,0.139,0.000262221271212704,"10","MEF2C"
7.30209976580649e-09,1.80507774061836,0.727,0.236,0.000267264153528283,"10","USP7"
7.39546198960651e-09,2.02402819167942,0.818,0.308,0.000270681304281588,"10","SMIM3"
8.42218052256178e-09,1.49668607242183,0.955,0.561,0.000308260229306284,"10","XBP1"
8.74552995436507e-09,2.46423820765097,0.682,0.245,0.000320095141859716,"10","DNAJB9"
9.12765964213107e-09,0.734625105116126,1,0.955,0.000334081470561639,"10","RPS23"
9.60810952028382e-09,2.59209192846381,0.5,0.12,0.000351666416551908,"10","ETV6"
1.07615877677423e-08,2.23227556509339,0.682,0.237,0.000393884873887135,"10","CNPY3"
1.1887729146082e-08,2.41613769213423,0.591,0.168,0.000435102774475749,"10","CDKN2D"
1.2008960120696e-08,2.66315130489359,0.818,0.356,0.000439539949377593,"10","B4GALT1"
1.26618844481032e-08,2.65959187621609,0.409,0.08,0.000463437632685025,"10","RELT"
1.40227297355166e-08,1.97451416972487,0.682,0.216,0.000513245931049643,"10","GLIPR1"
1.40582437931866e-08,1.36112326087223,0.682,0.176,0.000514545781074423,"10","LCP1"
1.45528053970319e-08,1.82708295114121,0.591,0.155,0.000532647230336764,"10","MEF2D"
1.46076333355882e-08,2.26956031588227,0.864,0.445,0.000534653987715864,"10","KDM6B"
1.47968117145818e-08,2.34652695162716,0.5,0.122,0.000541578105565407,"10","ERO1B"
1.56781162898644e-08,2.30317529964653,0.318,0.049,0.000573834734325327,"10","PAG1"
1.68687659321541e-08,3.44416726281083,0.273,0.039,0.000617413701882773,"10","CTNS"
1.76654857048032e-08,0.653151573170593,1,0.952,0.0006465744422815,"10","RPS9"
1.7957690831405e-08,0.921363635937814,1,0.882,0.000657269442120253,"10","RPL23"
1.83384414393938e-08,1.57841621689763,0.955,0.538,0.000671205295123253,"10","TCF4"
2.08096770995088e-08,1.95860489830291,0.409,0.081,0.000761654991519123,"10","MIR155HG"
2.10424408136324e-08,1.82285930640938,0.682,0.212,0.000770174376219758,"10","SEPTIN9"
2.20740181826636e-08,1.08828558905523,1,0.836,0.000807931139503672,"10","ATP5F1E"
2.37256184510394e-08,0.817843615049501,1,0.962,0.000868381360926493,"10","RPS12"
2.55055956728046e-08,2.93341562272094,0.364,0.067,0.000933530307220323,"10","SULF2"
2.74225175267401e-08,2.10883667369931,0.364,0.064,0.00100369156399621,"10","NCKAP1L"
2.83960933633312e-08,3.09625964259597,0.364,0.068,0.00103932541319129,"10","AFF3"
2.92936031886687e-08,1.68459499985474,0.545,0.132,0.00107217517030846,"10","PDE4B"
2.95985077595582e-08,3.77739960495705,0.455,0.111,0.00108333498250759,"10","ETV3"
2.99459165882323e-08,0.857934330994847,1,0.945,0.00109605049304589,"10","RPS28"
3.02612474770086e-08,0.786549478566792,1,0.903,0.00110759191890599,"10","EEF1G"
3.05442022832499e-08,1.73002780129515,0.773,0.34,0.00111794834776923,"10","CD68"
3.09920450925101e-08,0.684444020941417,1,0.945,0.00113433984243096,"10","RPS7"
3.13440851501425e-08,2.39503959284942,0.545,0.155,0.00114722486058036,"10","CREB3L2"
3.49721209649915e-08,1.57804310838758,0.636,0.175,0.00128001459943965,"10","LIMD2"
3.52410031978359e-08,2.61266754882696,0.455,0.101,0.00128985595804399,"10","HIST1H1C"
4.33017719856051e-08,2.25745641389533,0.364,0.068,0.00158488815644513,"10","KLHDC4"
4.57540445458915e-08,1.29784431358639,0.955,0.53,0.00167464378442417,"10","EIF3L"
4.63855257282233e-08,2.15911617358774,0.727,0.292,0.0016977566271787,"10","PAXX"
4.67294835875142e-08,2.2397082339373,0.545,0.151,0.00171034582878661,"10","AHCY"
5.11548482291336e-08,1.56294896167015,0.955,0.621,0.00187231860003452,"10","PLP2"
5.85952362793577e-08,1.15334978556047,1,0.641,0.00214464424306077,"10","NAP1L1"
6.12117029034412e-08,2.41070890183799,0.455,0.109,0.00224040953796885,"10","FBRSL1"
7.85932325197498e-08,3.3130624824508,0.273,0.042,0.00287659090345536,"10","UBASH3B"
7.96015885316301e-08,1.16078503828541,0.955,0.764,0.00291349774184619,"10","ARPC3"
8.72349328421973e-08,1.34857586066146,0.955,0.471,0.00319288577695726,"10","NUCB2"
9.80912540220921e-08,0.873434599631548,0.773,0.219,0.00359023798846259,"10","HCST"
1.07714544326394e-07,1.51665478757052,0.455,0.097,0.00394246003689035,"10","EMB"
1.14286830471764e-07,1.42614406841002,0.682,0.24,0.00418301228209705,"10","CTSS"
1.18125185595329e-07,1.37112188454012,0.818,0.311,0.00432349991797465,"10","DDIT4"
1.19103548360909e-07,2.27934050120825,0.545,0.159,0.00435930897355764,"10","ATF5"
1.34950105243588e-07,2.45367780972153,0.409,0.09,0.00493930880202057,"10","TBC1D4"
1.38704967348312e-07,1.44111194795124,0.955,0.487,0.00507674050991557,"10","HNRNPH1"
1.40335952270154e-07,1.18055125598881,0.455,0.095,0.0051364361890399,"10","ARHGAP9"
1.46891467873676e-07,1.67694791376053,0.727,0.286,0.00537637461564443,"10","SKIL"
1.50383925619922e-07,0.729668892718562,1,0.973,0.00550420206161476,"10","MALAT1"
1.59673834775447e-07,2.25104881072361,0.727,0.319,0.00584422202661612,"10","WDR1"
1.99928790741965e-07,0.757078825377665,1,0.916,0.00731759366994668,"10","RPL27"
2.14725958695477e-07,0.593653956317766,1,0.931,0.00785918481421314,"10","RPS20"
2.19706148220315e-07,1.91620582433489,0.5,0.132,0.00804146473101175,"10","USP9X"
2.24563972256057e-07,1.57436105204253,0.909,0.531,0.00821926594854394,"10","TRAM1"
2.36828060200923e-07,1.85544484200256,0.273,0.042,0.008668143831414,"10","LILRB2"
2.40671537975683e-07,2.01531346791834,0.727,0.319,0.00880881896144798,"10","UGCG"
2.41859552433622e-07,1.66562226363282,0.455,0.105,0.00885230147862299,"10","IL10RA"
2.49313339990098e-07,3.22809673955148,0.273,0.044,0.00912511755697759,"10","GCN1"
2.49691930508303e-07,1.07271525865909,1,0.876,0.00913897434853441,"10","HLA-B"
2.60218846998386e-07,1.26727346965519,0.591,0.158,0.00952427001898794,"10","RAC2"
2.62449799269447e-07,0.954492401746066,0.5,0.113,0.00960592510306103,"10","PCED1B-AS1"
2.62999842246812e-07,2.5864390439506,0.636,0.259,0.00962605722607556,"10","EIF2AK4"
2.84398546096833e-07,0.89971947142286,0.955,0.87,0.0104092711856902,"10","SRP14"
2.88397032051968e-07,1.77898698127568,0.364,0.071,0.0105556197701341,"10","MSL2"
3.15280520631267e-07,1.54396870485022,0.864,0.46,0.011539582335625,"10","PHB"
3.22451221303523e-07,0.948015197635706,1,0.885,0.0118020371509302,"10","EEF1B2"
3.38846541679479e-07,1.32703783489858,0.5,0.119,0.0124021222720106,"10","RASGEF1B"
3.44429757817492e-07,1.73368336581091,0.455,0.111,0.012606473565878,"10","ATP11B"
3.47767685926766e-07,2.80629515162996,0.364,0.079,0.0127286450726056,"10","N4BP2"
3.51067694187267e-07,1.6857271685799,0.636,0.209,0.0128494286749482,"10","FAM49B"
3.5979342288553e-07,2.13025588894362,0.727,0.285,0.0131687990710333,"10","ARL4C"
3.65667290467393e-07,3.0131055438639,0.409,0.101,0.0133837884983971,"10","TENT4A"
3.73188773053327e-07,2.41242908698971,0.318,0.061,0.0136590822825248,"10","SLC25A29"
3.73944673189709e-07,1.09665785480318,0.955,0.841,0.0136867489834165,"10","MCL1"
3.78423052139882e-07,1.27925100852648,0.955,0.628,0.0138506621313718,"10","HMGN2"
3.97786199431771e-07,1.76186498275135,0.273,0.044,0.0145593726854023,"10","SFMBT2"
4.10088214249789e-07,2.24606437632633,0.682,0.291,0.0150096387297565,"10","SLC20A1"
4.12691346914932e-07,2.60453290244332,0.591,0.219,0.0151049159884334,"10","COBLL1"
4.59839318348886e-07,2.67194686522116,0.318,0.062,0.0168305788908876,"10","USP38"
4.7061923162838e-07,0.676303985270335,1,0.958,0.0172251344968303,"10","RPS8"
4.73977112471185e-07,3.49204522709976,0.273,0.046,0.0173480362935578,"10","PRMT7"
4.79043274869059e-07,1.18791526605091,0.909,0.617,0.0175334629034824,"10","ARPC1B"
5.04637980721207e-07,1.27610590391708,0.636,0.207,0.0184702547323769,"10","ABRACL"
5.40281978865819e-07,0.668993580342796,1,0.966,0.0197748607084679,"10","RPS2"
5.41560497997758e-07,0.737267907614415,1,0.907,0.0198216557872159,"10","H3F3A"
5.42205509666384e-07,1.91899965580579,0.364,0.073,0.0198452638592993,"10","OCIAD2"
5.5127433458418e-07,2.35261515016246,0.318,0.062,0.0201771919201156,"10","PTPRS"
5.56997136863948e-07,2.00324735283608,0.318,0.058,0.0203866522063574,"10","RASGRP2"
5.94297896402886e-07,1.32837366146366,0.909,0.708,0.021751897306242,"10","YWHAZ"
5.95899558537638e-07,2.26520820302603,0.273,0.046,0.0218105197420361,"10","GAB2"
6.13258348867863e-07,1.89379044466393,0.364,0.074,0.0224458688269126,"10","SVIP"
6.6095445013425e-07,0.801777918467561,0.955,0.921,0.0241915938293637,"10","RPSA"
6.76685744755073e-07,1.52326515434971,0.318,0.058,0.0247673749437804,"10","SORL1"
6.99509366955594e-07,2.10376808045907,0.545,0.178,0.0256027423399417,"10","C6orf62"
7.00941418177745e-07,2.64176815459902,0.364,0.081,0.0256551568467236,"10","USP9Y"
7.2766439453374e-07,2.34509243629106,0.591,0.209,0.0266332445043294,"10","BID"
9.17844187032137e-07,1.84409236592794,0.5,0.145,0.0335940150895633,"10","RNF138"
9.2734258147199e-07,2.40576517598902,0.364,0.083,0.0339416658244563,"10","C11orf1"
1.06907675085675e-06,0.509379489193695,1,0.974,0.0391292781581078,"10","RPLP1"
1.1157968209164e-06,1.98006453716072,0.682,0.286,0.0408392794423612,"10","POLR2A"
1.27078212409175e-06,0.545114612556864,1,0.982,0.0465118965238821,"10","EEF1A1"
1.28517531417932e-06,0.957735805076334,0.955,0.795,0.0470387016742773,"10","HNRNPA1"
1.3012470514474e-06,1.61552646369623,0.591,0.197,0.0476269433300262,"10","HEXIM1"
1.35617005867568e-06,0.698136846128816,0.5,0.121,0.0496371803175887,"10","C1orf162"
1.49777304218507e-06,0.620180613321912,1,0.943,0.0548199911170157,"10","RPS29"
1.50007240874933e-06,1.52313994886842,0.909,0.575,0.0549041502326342,"10","DDX24"
1.63238910813239e-06,1.67134047097652,0.364,0.082,0.0597470737467535,"10","CTDP1"
1.64040578587759e-06,1.45319537761712,0.773,0.388,0.0600404921689058,"10","ARFGAP3"
1.72835036972804e-06,1.71766290079782,0.318,0.061,0.0632593518824161,"10","CSF2RA"
1.7497633943256e-06,3.30238655883792,0.273,0.05,0.0640430899957114,"10","HNRNPA1P48"
1.82480800718635e-06,1.2298872026045,0.909,0.61,0.0667897978710275,"10","SEC61G"
1.89441227649998e-06,1.31274654079669,0.636,0.213,0.0693373837321757,"10","CCND3"
1.91988070986322e-06,2.11225334437571,0.364,0.083,0.0702695538617037,"10","PHC3"
2.17143910049576e-06,1.71252953949666,0.591,0.215,0.0794768425172451,"10","SND1"
2.22598341123866e-06,0.571972696448205,1,0.372,0.0814732188347463,"10","SRGN"
2.45418534079941e-06,2.78925762524856,0.273,0.049,0.0898256376585991,"10","SH3TC1"
2.45976087601787e-06,1.15535789534277,0.955,0.792,0.0900297078231301,"10","HINT1"
2.60723884535981e-06,2.88278610616076,0.273,0.051,0.0954275489790142,"10","POLG2"
2.64205841667834e-06,2.56533128297858,0.364,0.087,0.0967019801088439,"10","RASSF2"
2.82619005621395e-06,2.55223927789501,0.273,0.051,0.103441382247487,"10","NRDE2"
2.91966489653369e-06,2.75841820952202,0.364,0.093,0.106862654878029,"10","MIIP"
3.00685596327843e-06,2.15078779984858,0.455,0.138,0.110053935111954,"10","ARHGEF7"
3.09560514680693e-06,1.47252990374849,0.955,0.771,0.11330224397828,"10","SRSF7"
3.16410324937467e-06,2.87428997758214,0.5,0.172,0.115809343030362,"10","C12orf45"
3.22143031570849e-06,0.730248620303557,0.636,0.208,0.117907570985247,"10","CD83"
3.23328872032822e-06,1.97901850166388,0.5,0.168,0.118341600452733,"10","HIVEP1"
3.24155165437008e-06,1.28677782829373,0.909,0.547,0.118644032101599,"10","LDHB"
3.266607243071e-06,1.71563684801784,0.5,0.155,0.119561091703642,"10","NFATC2IP"
3.26776362904592e-06,1.96178407160538,0.364,0.085,0.11960341658671,"10","STIM2"
3.45991165841703e-06,1.53669677866957,0.909,0.613,0.126636226609722,"10","NR4A1"
3.49349763970611e-06,1.27680952600027,0.909,0.491,0.127865507110883,"10","CANX"
3.57166017598205e-06,1.73122235019661,0.545,0.185,0.130726334101119,"10","JMJD6"
3.64522983074895e-06,1.89264340061101,0.5,0.154,0.133419057035242,"10","MAP2K1"
3.67257460672726e-06,2.46940630835703,0.455,0.134,0.134419903180825,"10","SNRNP25"
4.18505602857396e-06,2.42161311156873,0.455,0.142,0.153177235701836,"10","MFSD12"
4.3953884008197e-06,1.96991342095065,0.409,0.115,0.160875610858402,"10","FBRS"
4.71043052645226e-06,0.52166452523067,1,0.949,0.172406467698679,"10","RPL37"
4.93640717068931e-06,3.5989737327038,0.273,0.054,0.180677438854399,"10","HIST1H2AC"
5.57244541834208e-06,1.84625361627001,0.682,0.297,0.203957074756738,"10","SH3KBP1"
5.68533700036928e-06,2.22246279913915,0.455,0.138,0.208089019550516,"10","CKS2"
5.81596492253821e-06,0.902762155739237,1,0.916,0.212870132129821,"10","UBB"
6.44260085432322e-06,0.536008337210119,1,0.947,0.235805633869084,"10","FAU"
6.52304977274539e-06,1.81531484506523,0.909,0.727,0.238750144732254,"10","HSPA5"
6.52669193587088e-06,0.644619207251473,1,0.954,0.23888345154481,"10","PTMA"
6.81757581943437e-06,2.11536074362611,0.636,0.263,0.249530092567118,"10","PTRHD1"
6.8630681332382e-06,1.04119304731927,0.364,0.084,0.251195156744651,"10","FRMD4B"
7.10265793979465e-06,3.73602731881007,0.318,0.075,0.259964383254424,"10","IL17RA"
7.25307965401874e-06,1.81751669309782,0.364,0.085,0.26546996841674,"10","MGAT4A"
7.27643609493242e-06,0.592672333317625,1,0.951,0.266324837510621,"10","RPS19"
7.42690148418484e-06,2.55104396871282,0.318,0.074,0.271832021222649,"10","POLR3E"
7.69528344208193e-06,2.76191203668736,0.364,0.095,0.281655069263641,"10","PPP6R1"
7.73278763220164e-06,1.84465675754016,0.455,0.142,0.283027760126212,"10","MIF4GD"
7.74704631502776e-06,1.9899156805236,0.409,0.119,0.283549642176331,"10","PACS2"
7.84810395865128e-06,1.7236780598735,0.818,0.424,0.287248452990595,"10","ANKRD11"
7.97350015459409e-06,3.6278251837491,0.273,0.055,0.291838079158298,"10","RNF144B"
8.43593100982726e-06,0.93125773427767,0.818,0.422,0.308763510890688,"10","DAZAP2"
8.48928860173303e-06,1.47845517272665,0.591,0.213,0.310716452112031,"10","AP1S2"
8.78937791481575e-06,1.61168120366041,0.318,0.069,0.321700021060171,"10","MS4A6A"
9.14906535318881e-06,1.77641166543417,0.364,0.089,0.334864940992063,"10","PLEKHM1"
9.77940270967657e-06,1.3860416226675,0.545,0.164,0.357935918576872,"10","IQGAP2"
1.09140611305096e-05,0.53788896779719,1,0.947,0.399465551437783,"10","RPL21"
1.09535458122903e-05,0.644314206731174,1,0.931,0.400910730275637,"10","RPLP0"
1.12077105485768e-05,1.9340821011818,0.409,0.12,0.410213413788459,"10","RFLNB"
1.19260479527308e-05,0.693200003343609,0.727,0.379,0.436505281117899,"10","TPM2"
1.25772252369633e-05,0.910619418807343,0.955,0.752,0.460339020898095,"10","PARK7"
1.29426934480068e-05,2.33976695249839,0.364,0.1,0.473715522890498,"10","IL16"
1.32521426339481e-05,1.0540630517268,0.955,0.749,0.485041672545134,"10","DSTN"
1.39476695901973e-05,1.17942075452276,0.318,0.067,0.51049865467081,"10","RCSD1"
1.4130218528081e-05,1.97702214403189,0.364,0.1,0.517180128346293,"10","PBX3"
1.42555069331772e-05,0.496217848163896,1,0.953,0.521765809261218,"10","RPS6"
1.62888706245723e-05,1.44162700537094,0.5,0.161,0.596188953729971,"10","GRK2"
1.72565817126947e-05,0.618311329055595,1,0.958,0.631608147266339,"10","RPS4X"
1.74902582741013e-05,1.77158143720123,0.273,0.056,0.640160943090381,"10","ITPR1"
1.75144158306235e-05,0.827512938276501,0.955,0.829,0.641045133816653,"10","TAGLN2"
1.77322897875904e-05,2.33971480132026,0.5,0.179,0.649019538515594,"10","MED29"
1.79757856723658e-05,3.08267618033188,0.318,0.079,0.657931731394261,"10","AL135925.1"
1.80303118935205e-05,0.731582681257984,1,0.951,0.659927445614743,"10","H3F3B"
1.89739978643593e-05,0.898539444757149,0.591,0.185,0.694467295833415,"10","CYTIP"
2.08643537966345e-05,2.01719940689629,0.545,0.212,0.763656213310619,"10","SEC61A1"
2.09083274594813e-05,2.08521446946591,0.545,0.234,0.765265693344475,"10","MPRIP"
2.11394881518293e-05,3.37609250498643,0.273,0.061,0.773726405845102,"10","GAB1"
2.13932803525983e-05,1.79093168388747,0.5,0.184,0.783015454185449,"10","GRSF1"
2.19222762051159e-05,2.21618701518749,0.455,0.153,0.802377231383445,"10","MALT1"
2.2392893855385e-05,2.11195903841103,0.318,0.075,0.819602308000946,"10","PIM2"
2.30509266285157e-05,1.36302733283181,0.818,0.481,0.843686965530304,"10","BRD2"
2.31759174172321e-05,0.560057536885001,1,0.957,0.848261753388112,"10","RPL3"
2.45130824078959e-05,1.71409873442081,0.318,0.078,0.897203329211398,"10","GMCL1"
2.4532135139583e-05,0.478069762262225,1,0.949,0.897900678243879,"10","RPL9"
2.45713382941906e-05,2.01458373826682,0.455,0.153,0.899335552905671,"10","RABGAP1L"
2.45752943660159e-05,0.504070551431209,1,0.957,0.899480349090549,"10","RPS27A"
2.63812839328009e-05,3.02279438618947,0.318,0.08,0.965581373224447,"10","AL021155.5"
2.68819655463598e-05,0.820265959146116,1,0.879,0.983906820962314,"10","RPL4"
2.82804151315249e-05,2.29600332466435,0.409,0.126,1,"10","CTBP1"
2.9583372163289e-05,1.21307087160021,0.682,0.32,1,"10","USP15"
3.01100982571217e-05,1.63646506054505,0.409,0.122,1,"10","RNF4"
3.11471203567186e-05,2.0258801015732,0.545,0.206,1,"10","AC016831.5"
3.1363882879169e-05,0.463844817788591,1,0.949,1,"10","RPL15"
3.22866419292528e-05,2.10892720455747,0.318,0.082,1,"10","SEC16A"
3.31268347212114e-05,1.13190949551609,0.545,0.187,1,"10","TNFRSF1B"
3.36561155794831e-05,1.59420411764411,0.773,0.39,1,"10","BHLHE40"
3.39146790082927e-05,2.41251975882435,0.318,0.079,1,"10","RAP1GDS1"
3.39304860174128e-05,1.90791839008003,0.545,0.226,1,"10","MDFIC"
3.5420579436726e-05,0.517274532106586,1,0.947,1,"10","RPS13"
3.57918701450061e-05,1.71750870712306,0.545,0.223,1,"10","DNAJC4"
3.58936041306861e-05,1.32541747486735,0.364,0.097,1,"10","TPST2"
3.66120858485543e-05,1.92181604664898,0.409,0.128,1,"10","ING3"
3.77747613092973e-05,1.48600858125697,0.409,0.125,1,"10","NIN"
3.80138064417556e-05,1.17509508279263,0.773,0.35,1,"10","STK17B"
3.86528856575987e-05,2.43474708817401,0.409,0.135,1,"10","FAM53C"
3.88031633897352e-05,1.30030755177351,0.727,0.362,1,"10","CLK1"
3.98771984885872e-05,1.54685993937794,0.636,0.31,1,"10","DNAJB11"
4.15451959106864e-05,1.42217463698048,0.545,0.204,1,"10","PTBP3"
4.22549720765072e-05,1.83400447614917,0.545,0.21,1,"10","ERN1"
4.25018812217473e-05,1.29327718227713,0.773,0.481,1,"10","SSR3"
4.28327215449295e-05,0.650734567064251,1,0.977,1,"10","FTH1"
4.29809569814917e-05,2.23818608641164,0.318,0.082,1,"10","R3HDM1"
4.43210048023526e-05,0.81839492725054,0.409,0.108,1,"10","BIN2"
4.54429099755302e-05,2.09824163806403,0.273,0.062,1,"10","AC016831.7"
4.67565158547588e-05,1.03870900891466,1,0.822,1,"10","RPS17"
4.7271759774904e-05,1.24266779946365,0.273,0.06,1,"10","AC091271.1"
4.74625814428718e-05,0.515623899961917,1,0.918,1,"10","RPS21"
5.25292081392129e-05,1.45803259265282,0.318,0.08,1,"10","AC008105.3"
5.47185874119794e-05,2.86570600871215,0.273,0.063,1,"10","GPR65"
5.47503090155523e-05,1.6647713833446,0.636,0.309,1,"10","FBXW5"
5.64056144596454e-05,0.369947934895365,1,0.958,1,"10","RPL13A"
5.7099357843418e-05,1.58668101515387,0.636,0.314,1,"10","MAP1A"
5.89246870316859e-05,0.731425670966174,0.864,0.468,1,"10","EIF4B"
6.04500086814653e-05,0.394137419221341,0.727,0.253,1,"10","PTPRC"
6.2120997309793e-05,1.72250122263726,0.5,0.195,1,"10","SECISBP2"
6.22592994827712e-05,0.48574535170875,1,0.955,1,"10","RPS14"
6.7837559546774e-05,0.767061217740143,0.364,0.096,1,"10","ANKRD44"
6.85588500471026e-05,1.81273138659347,0.409,0.13,1,"10","TES"
6.90747187591923e-05,1.92708442098262,0.455,0.167,1,"10","GALNT2"
6.95787223580511e-05,1.65257281162668,0.591,0.279,1,"10","DANCR"
7.12098206427086e-05,1.79240925172212,0.682,0.36,1,"10","DDX18"
7.24212883421448e-05,2.06716864885617,0.273,0.064,1,"10","TTC28-AS1"
7.50498244113459e-05,2.13418934277083,0.273,0.065,1,"10","ARMH3"
7.57039165138966e-05,1.32651086996296,0.682,0.315,1,"10","INTS6"
7.64459917969387e-05,0.411646673568222,1,0.966,1,"10","RPL19"
7.7992133588822e-05,0.547761104624919,0.773,0.362,1,"10","TGFB1"
8.14728792223048e-05,1.5688521280148,0.455,0.149,1,"10","DNAJB4"
8.30063078185632e-05,1.28635722045737,0.727,0.383,1,"10","TTC3"
8.39938638602529e-05,1.7726872296231,0.5,0.205,1,"10","RNF11"
8.42148395479565e-05,0.808916737483416,0.955,0.84,1,"10","MYL12A"
8.95885809133979e-05,2.07179493068488,0.364,0.11,1,"10","SMC6"
8.97561577402965e-05,1.52721230975903,0.455,0.161,1,"10","PLEKHB2"
9.05759846452782e-05,1.4559029472735,0.636,0.285,1,"10","SMARCA5"
9.20772741719913e-05,1.45036984296081,0.818,0.567,1,"10","SIVA1"
9.33039591655634e-05,0.44468351278898,1,0.939,1,"10","RPL10A"
9.62069283665083e-05,1.85657399376875,0.318,0.086,1,"10","ZDHHC2"
0.000104859181950878,1.26917129665182,0.591,0.278,1,"10","RPN1"
0.000106349708503412,1.49900723550477,0.409,0.134,1,"10","RAPGEF1"
0.000109567040898613,2.13027718809992,0.318,0.089,1,"10","NRARP"
0.000122339691113319,1.9318622515978,0.273,0.067,1,"10","MRNIP"
0.00012364239787526,0.670755836652809,0.636,0.23,1,"10","SMAP2"
0.000124307494176853,1.87453724564005,1,0.917,1,"10","HSP90AA1"
0.000126645436078136,0.9104446485948,0.818,0.554,1,"10","VEGFB"
0.00013165315924473,1.68476958257298,0.409,0.133,1,"10","IDH2"
0.000132096061237948,0.821989616765778,0.955,0.784,1,"10","GUK1"
0.000132481873191723,1.24717880334287,0.455,0.163,1,"10","SSH2"
0.000135414592776051,0.507132193851916,1,0.94,1,"10","RPL37A"
0.000135522559817355,1.45395967743422,0.545,0.225,1,"10","PDIA4"
0.000135739323315769,1.90359456119279,0.409,0.143,1,"10","IFNAR2"
0.000136834279404072,2.13874005872379,0.273,0.07,1,"10","USP24"
0.000137309644530897,1.39469674173095,0.591,0.279,1,"10","DBNL"
0.000142866461681689,1.78797211719668,0.318,0.086,1,"10","SLC7A6"
0.000144310776943639,1.26599655093908,0.545,0.226,1,"10","GNA13"
0.000150729109643032,1.74213015292032,0.727,0.489,1,"10","UBE2S"
0.000157801010783879,0.367722302653807,1,0.956,1,"10","RPL28"
0.000161895603310893,0.552292350825921,1,0.909,1,"10","RPL36A"
0.000164643950011525,2.06488971480896,0.545,0.253,1,"10","ALG13"
0.000171802949201189,1.3069813052046,0.682,0.337,1,"10","NOP58"
0.000175259582679239,1.05871634032395,0.636,0.294,1,"10","SRPRA"
0.000177719276047603,1.80507356067046,0.364,0.115,1,"10","SLC35A2"
0.000186933648330286,1.77188760576992,0.318,0.089,1,"10","ZNF791"
0.000196218824481145,1.61797865231272,0.273,0.067,1,"10","TSEN54"
0.000201196494144618,0.935531673160214,0.818,0.516,1,"10","ATP6V0B"
0.000207207794555254,0.842007360193348,0.773,0.387,1,"10","CMTM6"
0.000212977454347711,1.51953022731626,0.409,0.142,1,"10","GATAD2A"
0.000217022237331362,1.78779277588711,0.455,0.181,1,"10","SFT2D2"
0.000225615111609534,1.62259049755529,0.364,0.114,1,"10","MTMR14"
0.000228326779764886,2.07802077264652,0.364,0.122,1,"10","GOSR2"
0.000228870323023183,0.708956582780576,0.955,0.647,1,"10","GNAI2"
0.000235375499303819,2.15076328392067,0.455,0.197,1,"10","KCTD12"
0.000238502802850141,1.25520866816652,0.591,0.276,1,"10","HIGD1A"
0.000242938152223584,1.26676792450349,0.273,0.067,1,"10","EPB41"
0.000246039742489351,0.769755480130535,0.955,0.714,1,"10","SFPQ"
0.000247658611622214,1.71860292502942,0.455,0.169,1,"10","AC058791.1"
0.000254080192272108,1.96547216546299,0.273,0.071,1,"10","TTC7A"
0.000256676573082818,0.676949977639183,1,0.843,1,"10","EEF2"
0.000257521803387695,0.262332564705177,1,0.979,1,"10","TPT1"
0.000257834646379611,1.48293938194494,0.364,0.111,1,"10","TSTD1"
0.000258214534301885,1.05827413321464,0.818,0.519,1,"10","COX7A2L"
0.000260895152986616,2.13907502627966,0.364,0.122,1,"10","TGFBR1"
0.000262197485071144,1.5888610386679,0.318,0.091,1,"10","BTAF1"
0.000265572596451312,0.478553362649907,1,0.936,1,"10","RPS5"
0.000266385254371376,2.14947628182367,0.318,0.098,1,"10","SYNGR1"
0.000269423001447642,1.76582845766761,0.455,0.171,1,"10","THUMPD3-AS1"
0.000269954721005492,1.59946803824908,0.455,0.174,1,"10","ZBTB1"
0.000282640614284868,0.393251259613024,1,0.959,1,"10","RPS24"
0.000284589337461364,0.890185013779543,0.909,0.592,1,"10","UBE2D2"
0.00028928181177248,1.53640371450816,0.409,0.146,1,"10","PPID"
0.000290001604355057,1.31516736190964,0.545,0.246,1,"10","USF2"
0.000292831176311604,1.32941481492587,0.591,0.277,1,"10","RPAIN"
0.00029905195736184,2.05783649222057,0.455,0.196,1,"10","NSMCE3"
0.000313957189091908,1.36224718104934,0.636,0.333,1,"10","NANS"
0.000316486377650822,0.47362200009116,1,0.944,1,"10","RPL23A"
0.000333509334913158,1.22260062688621,0.545,0.239,1,"10","NINJ1"
0.000334147072722069,0.421617158598622,1,0.833,1,"10","PFN1"
0.000341453650322762,1.11169828632981,0.773,0.453,1,"10","RSRP1"
0.000364102361725244,1.73679589272087,0.364,0.125,1,"10","LTA4H"
0.000382218592173664,1.79643852151993,0.545,0.256,1,"10","SCFD1"
0.000382746159912571,1.13152621522946,0.727,0.447,1,"10","FOXP1"
0.000388621432119179,1.28818181238486,0.455,0.173,1,"10","VMA21"
0.000400100512888044,1.79297703037036,0.636,0.362,1,"10","RASD1"
0.000404931267697389,1.69194302578455,0.636,0.344,1,"10","ATG101"
0.000418086277487948,1.02438844565265,0.636,0.302,1,"10","LSM4"
0.000428411818529563,2.3525914777626,0.273,0.075,1,"10","AC092338.3"
0.00043280821559134,1.35534459527863,0.591,0.313,1,"10","ARPC5L"
0.000433086545643997,1.61576416260741,0.318,0.097,1,"10","GNB5"
0.000435992170382084,1.72069263578124,0.5,0.206,1,"10","EBP"
0.000439891227122697,0.335218567056734,1,0.967,1,"10","RPS27"
0.000459522452140244,0.595803663493442,0.864,0.615,1,"10","AC020916.1"
0.000472212702116939,0.81684612003165,0.955,0.765,1,"10","SUB1"
0.000472701918363166,1.25847472134987,0.636,0.353,1,"10","ZNF207"
0.000481856224430835,1.16992223628897,0.727,0.478,1,"10","TCEA1"
0.000487454229863873,0.835091530185627,0.864,0.645,1,"10","COPE"
0.000528306408573281,1.3345272482382,0.455,0.178,1,"10","TPP1"
0.000536101211463373,1.75941554252596,0.409,0.16,1,"10","BOLA2"
0.000538485354079906,1.781365010007,0.591,0.322,1,"10","PFKFB3"
0.000552694017780855,0.379504712434443,1,0.957,1,"10","RPL7A"
0.000558468998677773,0.614631763295581,0.409,0.129,1,"10","IL2RG"
0.000562891954053321,0.396418204144743,1,0.97,1,"10","B2M"
0.000585719706140799,1.9347854664782,0.364,0.13,1,"10","USP36"
0.000593771979762287,2.7053517694785,0.318,0.108,1,"10","PLXNA4"
0.000615708417306161,1.04081168337039,0.636,0.32,1,"10","MED13L"
0.000637511805457734,0.412569932709098,1,0.943,1,"10","RPLP2"
0.000646073549901443,0.313856029887916,1,0.968,1,"10","RPL13"
0.000678031854401111,1.57900534335389,0.318,0.101,1,"10","GRK6"
0.000681394368996575,1.50853969755026,0.273,0.077,1,"10","DMTF1"
0.000708877031689809,1.20566217793501,0.773,0.54,1,"10","SELENOH"
0.000709231603368368,0.571938511453722,0.909,0.71,1,"10","DBI"
0.000722743216039605,1.07749381190024,0.636,0.359,1,"10","MXD4"
0.00073509129586581,1.32322762093272,0.636,0.332,1,"10","KLF3"
0.000742960496149827,0.878018967582519,0.864,0.597,1,"10","P4HB"
0.000743708371627054,1.23943030736483,0.545,0.254,1,"10","ARIH1"
0.000747085332566941,1.53386095289862,0.545,0.29,1,"10","PYCARD"
0.000749497295575649,1.42956293111389,0.5,0.228,1,"10","TRIM22"
0.000761357505810219,1.41052341059396,0.545,0.275,1,"10","JOSD1"
0.000779337514310661,1.36549061611061,0.5,0.218,1,"10","ABI1"
0.000783852998820563,0.899612131400511,0.727,0.36,1,"10","C9orf78"
0.000793070491265371,1.42848649252625,0.455,0.189,1,"10","KDM5A"
0.000802404010959651,0.815344962503932,0.455,0.174,1,"10","PMAIP1"
0.000805262661063803,1.06349521643978,0.773,0.524,1,"10","SELENOS"
0.00081969304913333,2.09956579306323,0.273,0.081,1,"10","ITPR2"
0.000823467491125335,1.05664002777843,0.955,0.826,1,"10","HSPA8"
0.000830264024401861,0.327049220819972,1,0.955,1,"10","RPS15A"
0.000870901667002959,1.00623049131368,0.636,0.348,1,"10","DNAJC3"
0.000916160835735281,0.932924554296141,0.455,0.18,1,"10","WDR82"
0.000920845537556688,0.567268243695868,1,0.94,1,"10","NACA"
0.000921880890974713,0.926395036235536,0.818,0.512,1,"10","COX5A"
0.000935015924569776,1.90622216341876,0.409,0.163,1,"10","DDB1"
0.000940370108634778,0.291495650158232,1,0.951,1,"10","RPS16"
0.00095389321931072,0.935349529079222,0.818,0.593,1,"10","OSTC"
0.000974401387278695,0.759541586105404,0.909,0.734,1,"10","EIF3F"
0.000998650323540843,1.56408275317349,0.5,0.242,1,"10","GABPB1-AS1"
0.00100659711970615,0.837964507437245,0.909,0.695,1,"10","ATP6V0C"
0.00104051092170959,2.34044504230473,0.5,0.258,1,"10","MKNK2"
0.00104863330494021,0.980751577987105,0.682,0.405,1,"10","CAT"
0.00105165590228203,1.70692003021292,0.591,0.354,1,"10","PPP1R2"
0.00105707760016399,0.789883634735657,0.5,0.211,1,"10","CTSC"
0.0010718470357776,0.40322779086267,1,0.951,1,"10","RPL17"
0.00107206508673898,0.384017632318435,0.591,0.222,1,"10","GMFG"
0.00108582057302223,0.42077051443103,1,0.933,1,"10","RPL27A"
0.00110119898350005,0.926191523843519,0.682,0.377,1,"10","MAT2A"
0.0011044864210109,0.706507650182265,0.909,0.735,1,"10","BTG2"
0.00110488927638215,1.30319110949989,0.682,0.4,1,"10","IDS"
0.0011343912624407,1.73990619611526,0.364,0.136,1,"10","LAGE3"
0.00113858071590551,0.630731719548608,0.955,0.8,1,"10","PPIB"
0.00115830129327671,1.79596965465717,0.318,0.115,1,"10","MFSD14B"
0.001165888685379,1.55095549958223,0.273,0.083,1,"10","GGA2"
0.00117417472997116,1.77837551533584,0.455,0.215,1,"10","CCAR1"
0.00117722080618867,1.42894458087743,0.5,0.237,1,"10","TRIM44"
0.00120355630111055,2.63826974801144,0.273,0.087,1,"10","CYB5D1"
0.00121700191440239,1.11925504728684,0.682,0.398,1,"10","TRAPPC1"
0.00125199039225416,1.99436806980757,0.273,0.086,1,"10","PPP1R3B"
0.00125240572280482,1.24977206971553,0.591,0.313,1,"10","FXR1"
0.00127952253416074,1.54204142499428,0.318,0.108,1,"10","MX1"
0.0012914331958372,0.348257762481784,1,0.932,1,"10","RPL22"
0.00130690300461658,0.720209544661791,0.955,0.839,1,"10","PPP1R15A"
0.00135826465962866,1.11388163477518,0.727,0.437,1,"10","H2AFV"
0.00135898394137085,2.25810379870476,0.318,0.107,1,"10","TET2"
0.00137375379484225,1.35664016005776,0.636,0.379,1,"10","TMEM208"
0.00137493111096532,1.54859106882249,0.682,0.507,1,"10","H1FX"
0.00137864840635108,1.59040100819997,0.318,0.109,1,"10","ZDHHC17"
0.00138921379635093,1.25102885480088,0.409,0.168,1,"10","SIRT1"
0.00140147713578008,0.993675299823015,0.727,0.433,1,"10","GNB1"
0.0014038392429868,0.855545520968542,0.909,0.689,1,"10","HNRNPU"
0.00141175108160016,1.56221443351549,0.409,0.174,1,"10","MIS18BP1"
0.00141751094689484,1.02382726613448,0.273,0.08,1,"10","DOCK8"
0.00143564977535339,1.43695238417813,0.591,0.336,1,"10","HSPH1"
0.00148861488847072,1.80423673279851,0.5,0.262,1,"10","TOB2"
0.00152596612547331,1.62362857171009,0.5,0.262,1,"10","MAP4K4"
0.0015340955271772,1.34269560727064,0.5,0.242,1,"10","SIRT2"
0.00159104406674045,0.678625656246997,0.5,0.213,1,"10","CDC42SE2"
0.00159254772278643,1.66604162440452,0.273,0.085,1,"10","SLC12A9"
0.00164037880425182,0.846325188839949,0.909,0.811,1,"10","DNAJA1"
0.00164719993358889,1.94481574158042,0.273,0.087,1,"10","SINHCAF"
0.00166525030018158,0.632145553484719,0.364,0.121,1,"10","FYB1"
0.001675718777781,1.58412761598513,0.273,0.087,1,"10","RP2"
0.00168894666292016,2.007117098844,0.273,0.089,1,"10","SCRN1"
0.00169176843862178,1.23436729934599,0.273,0.084,1,"10","ZNF92"
0.00175767019237893,1.63152078063018,0.318,0.113,1,"10","LINC00513"
0.00179241182163565,1.66729786887921,0.318,0.119,1,"10","NADK"
0.001843049993496,0.312939096778634,1,0.978,1,"10","RPL10"
0.00188181144890712,0.313988240115164,1,0.951,1,"10","RPS3"
0.00190593208378425,2.61342786363398,0.318,0.123,1,"10","ST3GAL5"
0.00191534785403631,1.4978435227408,0.591,0.343,1,"10","SPCS3"
0.00193381623237968,1.82913506637932,0.273,0.09,1,"10","KDM3B"
0.00195433694681294,1.92811350361159,0.318,0.117,1,"10","DCPS"
0.00195802349056187,1.63356068956124,0.364,0.148,1,"10","DTNBP1"
0.00199048917750606,0.794513011731924,0.773,0.502,1,"10","ARL6IP1"
0.00203499701603226,1.50974264527788,0.273,0.087,1,"10","LEMD3"
0.00206982964471944,1.57850139985986,0.273,0.087,1,"10","EXOC4"
0.00207250747218113,1.35529398023192,0.273,0.085,1,"10","KCNAB2"
0.00209305894741245,1.62867023027847,0.364,0.148,1,"10","ZDHHC24"
0.00220567998204618,1.1088997143744,0.591,0.312,1,"10","COPS3"
0.00224051847803884,1.51358212609771,0.591,0.381,1,"10","NUFIP2"
0.00224756102078907,1.407474363678,0.455,0.21,1,"10","KPNA2"
0.00228261651172225,0.533102114661709,0.955,0.708,1,"10","SNHG6"
0.00229701563452349,1.21046068752089,0.545,0.292,1,"10","GRB2"
0.00230152649765385,2.23897791053288,0.273,0.089,1,"10","RFX1"
0.00237066461822665,0.557359150697939,1,0.804,1,"10","RBM3"
0.00238293545845171,2.54503943166125,0.364,0.154,1,"10","SERPINB9"
0.00239891269510426,1.39116172956008,0.409,0.186,1,"10","PDS5A"
0.00241044847691997,1.8168497091092,0.318,0.123,1,"10","SCAMP4"
0.00243057034716666,1.11129903570299,0.273,0.085,1,"10","DUSP10"
0.00243709993714261,1.44404234703457,0.591,0.393,1,"10","MANF"
0.00246758881340543,1.0137907009997,0.682,0.415,1,"10","BCAP31"
0.00249025545412775,1.60817887521882,0.455,0.23,1,"10","OTUD6B-AS1"
0.00255568231668594,0.376152876805207,1,0.959,1,"10","MT-CO1"
0.00256260391777246,0.626097309275711,0.909,0.676,1,"10","ARGLU1"
0.00258416927765258,0.684034569300504,0.727,0.443,1,"10","CD55"
0.00261689310444592,1.00890164035789,0.545,0.266,1,"10","ANKHD1"
0.00268809711549388,1.0218976419246,0.636,0.391,1,"10","H2AFY"
0.00268950487565318,1.83348126278879,0.273,0.093,1,"10","CXorf40A"
0.00273638902874676,0.790394601536105,0.864,0.601,1,"10","LSP1"
0.00275868081666332,1.26887016907141,0.545,0.321,1,"10","PTPN1"
0.00276222221329073,1.27040095921393,0.545,0.299,1,"10","UBE2J1"
0.00285026778012652,1.77178495489434,0.273,0.092,1,"10","RB1"
0.00287040987108394,0.687380787191999,0.909,0.638,1,"10","NDUFB11"
0.00291183991569235,0.891009350571448,0.364,0.137,1,"10","RNF166"
0.00300212216054054,1.87885931202489,0.273,0.093,1,"10","MRPL44"
0.00305235238113552,0.608506645134257,0.5,0.204,1,"10","CD53"
0.00306117592374366,0.787917850543151,0.273,0.086,1,"10","CDC14A"
0.00306446209409967,1.34055183943928,0.318,0.119,1,"10","SLFN11"
0.00312489453849681,0.920349577291475,0.591,0.33,1,"10","ARID5A"
0.00314380473040712,0.629782651335487,0.773,0.623,1,"10","SNHG8"
0.00322528523416731,2.32576244451712,0.273,0.095,1,"10","MTMR6"
0.00326094119801767,0.805914599573776,0.636,0.355,1,"10","LGMN"
0.00326621000189591,0.957780441678628,0.773,0.627,1,"10","UXT"
0.00328884312355978,0.78945234466269,0.818,0.666,1,"10","MTDH"
0.00330830917671225,0.961727971029443,0.455,0.21,1,"10","SP3"
0.00332409697271745,0.973673488250061,0.364,0.139,1,"10","HCLS1"
0.00333748451177526,1.62764549056052,0.364,0.157,1,"10","SUPT5H"
0.00334241615474452,1.42213739047093,0.409,0.185,1,"10","SMU1"
0.00337172284927214,0.816237577526796,0.955,0.782,1,"10","ATP5MG"
0.00341196878385937,0.851684626717708,0.773,0.528,1,"10","GDI2"
0.00343672938130928,0.284547234561499,1,0.961,1,"10","RPL11"
0.00346692014000418,1.66236545956635,0.318,0.124,1,"10","NUP58"
0.00350380406832386,1.73381340020583,0.273,0.095,1,"10","EDEM2"
0.00354106827390826,0.470399585680436,0.955,0.875,1,"10","COX4I1"
0.00359725432531973,2.077300736098,0.273,0.094,1,"10","SH3PXD2A"
0.00364112398961727,1.58593215821173,0.273,0.095,1,"10","NUP62"
0.00367457447230643,1.55159952119393,0.273,0.093,1,"10","FRYL"
0.00367487760179292,1.52030691779476,0.364,0.148,1,"10","TIMM17B"
0.00371566815758551,1.19541884470386,0.727,0.487,1,"10","HSPA1B"
0.00375155915451984,1.41343332513156,0.545,0.316,1,"10","SNRPN"
0.00376760583442597,1.06823744687544,0.682,0.411,1,"10","RNF130"
0.00378021023510624,1.00877676113864,0.545,0.288,1,"10","PHF14"
0.00384245938561196,0.557871112509865,0.909,0.756,1,"10","RNASEK"
0.00385457783906888,2.45772910099778,0.455,0.25,1,"10","NUTM2B-AS1"
0.00386010086931725,1.50561116541014,0.318,0.121,1,"10","PRXL2A"
0.00392531487640516,1.62041969050507,0.364,0.155,1,"10","ZBTB10"
0.00408389561933701,1.36793768021342,0.727,0.582,1,"10","ID2"
0.00411123329821947,1.07825014700499,0.5,0.259,1,"10","SMARCB1"
0.00415488776344181,1.45882647255089,0.364,0.153,1,"10","RMDN1"
0.00421747201953501,2.16187490941064,0.318,0.128,1,"10","DCAF6"
0.00424181495171809,0.873486165580662,0.591,0.341,1,"10","FBL"
0.00434871517335988,0.427467439752709,0.955,0.953,1,"10","UBC"
0.00440267852198804,1.7618975205509,0.273,0.095,1,"10","CPEB4"
0.00450566019062117,3.5177558581421,0.409,0.193,1,"10","PTGDS"
0.00462660284220914,1.95766158996219,0.273,0.099,1,"10","USP4"
0.00480384839051004,0.933917159877807,0.591,0.325,1,"10","BUD23"
0.0048142342295125,1.45001737784135,0.318,0.128,1,"10","MAPKAPK5-AS1"
0.00489289181148364,0.679092146459003,0.727,0.446,1,"10","HM13"
0.00490363678119502,1.85076313741036,0.455,0.264,1,"10","AGPAT2"
0.00493783679633155,1.53859325934614,0.318,0.132,1,"10","ZNRF2"
0.00495472968479052,0.605214803659056,0.818,0.646,1,"10","TPM3"
0.00504133039188708,1.32480144694747,0.5,0.312,1,"10","TP53I13"
0.00505130542064954,1.33721868329246,0.364,0.16,1,"10","CBX6"
0.0050915468854564,0.309627355575558,1,0.934,1,"10","UBA52"
0.00516437971289203,2.04888512668402,0.409,0.199,1,"10","ZNF292"
0.00520653787918213,1.55259508709726,0.364,0.161,1,"10","EP300"
0.00527700314743715,1.80281977645125,0.318,0.13,1,"10","PRCC"
0.00533101608552925,0.444149731048716,0.864,0.626,1,"10","PNISR"
0.00534406232016447,0.904670987627237,0.727,0.52,1,"10","ANAPC16"
0.00542761108127318,1.53626742684257,0.455,0.227,1,"10","ZNF326"
0.00544762772992903,0.725024121109921,0.727,0.472,1,"10","ACTR2"
0.00545789420475409,1.69580005787855,0.318,0.135,1,"10","KLHL21"
0.00551622201577071,1.29358582601686,0.318,0.126,1,"10","SIPA1L1"
0.00554091553739842,1.54659423932284,0.318,0.127,1,"10","THAP9-AS1"
0.00572570285384778,1.56875047695457,0.318,0.132,1,"10","ZNF581"
0.00574801340216437,0.704621297917596,0.636,0.385,1,"10","SYAP1"
0.00580647460112193,0.909174358269411,0.591,0.346,1,"10","ACTN4"
0.00584770008190213,1.19919222432555,0.591,0.344,1,"10","NBDY"
0.0061305483350577,0.30118744167395,1,0.946,1,"10","RPL5"
0.00615846973492053,1.16709152504354,0.455,0.237,1,"10","CCNB1IP1"
0.00619929083769537,1.826832187495,0.318,0.133,1,"10","AL118516.1"
0.00620416559288515,1.00255256087889,0.318,0.122,1,"10","RASSF5"
0.0065015570922184,0.980826707648835,0.5,0.263,1,"10","TERF1"
0.00669225410862256,0.946599360232529,0.5,0.272,1,"10","TM9SF2"
0.00687172154887735,1.20201286885325,0.273,0.097,1,"10","LST1"
0.00690141184911724,1.54358295428814,0.273,0.101,1,"10","KMT2E-AS1"
0.00697543839333335,2.03518479077848,0.318,0.136,1,"10","SMARCC1"
0.0070040478633484,1.98389344362286,0.318,0.136,1,"10","LGALS8"
0.007039850866036,0.821791504103658,0.455,0.221,1,"10","RERE"
0.0071025247993645,1.44801878024132,0.364,0.169,1,"10","LYPLA1"
0.00713999644024109,0.699860222544919,0.636,0.412,1,"10","KLF13"
0.00714359192326008,1.16898102483175,0.409,0.2,1,"10","AATF"
0.0072168805698079,1.11764446927973,0.5,0.273,1,"10","SEC13"
0.00724155647318626,1.54621473550156,0.318,0.132,1,"10","ZDHHC12"
0.00727437325591324,1.39812712911034,0.273,0.102,1,"10","UBE2W"
0.00728625363360408,1.84958393667389,0.455,0.233,1,"10","ID1"
0.00749914794237878,1.15187629177196,0.409,0.195,1,"10","AKAP17A"
0.0076321190509014,0.967220693042102,0.727,0.564,1,"10","CSDE1"
0.00764247116028481,1.08666775060467,0.318,0.128,1,"10","PCNX4"
0.0076757090582422,0.313689683263768,1,0.938,1,"10","RACK1"
0.00804417432571404,0.573993865173204,0.727,0.439,1,"10","NASP"
0.00807305199705979,0.266926773853672,0.864,0.7,1,"10","SARAF"
0.00810321142696291,1.42974614756304,0.273,0.104,1,"10","MIA2"
0.00813790549543937,1.03633701744156,0.318,0.13,1,"10","ATM"
0.00814296969968983,1.5811166125923,0.273,0.105,1,"10","NUS1"
0.00820347180829444,1.13316376124211,0.318,0.136,1,"10","GSK3B"
0.00827023728664252,1.81148378170567,0.364,0.167,1,"10","TRNAU1AP"
0.00832424711305895,0.906372186414752,0.455,0.216,1,"10","HMGA1"
0.00868634620872904,1.09616664681521,0.273,0.102,1,"10","B3GNT2"
0.00873786934442105,1.56359480312327,0.5,0.31,1,"10","SCARB2"
0.00885749303396354,1.03734802857013,0.636,0.387,1,"10","EMC3"
0.00915648344786453,0.583651430184049,0.955,0.828,1,"10","TSC22D3"
0.00945269199406746,1.55792857201737,0.409,0.23,1,"10","RFTN1"
0.00963245761132082,1.81748263465312,0.364,0.179,1,"10","ALKBH5"
0.00975020209432323,0.599974113879575,0.909,0.57,1,"10","TPM4"
0.00975068661906685,1.24935395147379,0.409,0.209,1,"10","SLC25A28"
0.00989743547256051,1.37813895787806,0.273,0.107,1,"10","SPATA13"
0.00990430244378891,0.382760299677795,0.955,0.676,1,"10","PRRC2C"
0.00993103613284347,0.895842527164915,0.682,0.589,1,"10","EIF4G2"
0.0099917620514071,0.984094938557909,0.409,0.197,1,"10","SERTAD2"
